project_id,issue_id,name,description,asset_name,asset_type,asset_key,section,drawing,priority_id,priority,due_date,date_closed,assigned_name,assigned_type,assigned_key,discipline_id,discipline,issuetype_id,issuetype,status_id,status,source_name,source_type,source_id,created_by,date_created,last_synced
39282,6509187,CHK-7467-1,"EDCKUL21GDTAA100

Location: AA Genset Room


GDT Fuel Level sensor not working - no signal to Fuel system",EDCKUL21GDTAA100,equipment,8741974,construction,,611299,Critical,10/21/2026,,Sime Darby Industrial,company,68570,459229,Electrical,22228,Construction,218881,Open,7467,checklist,25201017,Azrul Firdaus Ramli,10/07/2026,2026-10-07T22:41:40.554167+00:00
39282,6509087,CHK-7684-2,"EDCKUL21UPBAZ310
issue: Still pending test reports impedance test and CR test",EDCKUL21UPBAZ310,equipment,11605020,construction,,611299,Critical,10/21/2026,,Eaton ,company,41688,459229,Electrical,22231,Documentation,218881,Open,"7684, Line 12",checklist,767576776,Alif Aizat,10/07/2026,2026-10-07T22:41:40.554167+00:00
39282,6508974,CHK-7657-3,"EDCKUL21UPBAE310
issue: Still pending test reports impedance test and CR test",EDCKUL21UPBAE310,equipment,11605016,construction,,611299,Critical,10/21/2026,,Eaton ,company,41688,459229,Electrical,22231,Documentation,218881,Open,"7657, Line 12",checklist,767575543,Alif Aizat,10/07/2026,2026-10-07T22:41:40.554167+00:00
39282,6508765,CHK-6808-1,"EDCKUL21VRF02100
EDCKUL21VRF01600
EDCKUL21VRF01100

Issue: Missing torque marks at cable termination.",EDCKUL21VRF02100,equipment,8742522,construction,,611298,Non-Critical,10/21/2026,,Promatrix DCS,company,68571,459229,Electrical,22228,Construction,218881,Open,"6808, Line 21",checklist,765514447,Nadhirah Mazlan,10/07/2026,2026-10-07T22:41:40.554167+00:00
39282,6508701,CHK-6738-1,"EDCKUL21ACS02110
EDCKUL21ACS02120
EDCKUL21ACS02130
EDCKUL21ACS02140
EDCKUL21ACS02150
EDCKUL21ACS02160
EDCKUL21ACS02170

Issue: Cable tagging not installed.

Please re-check all other ACS under same system as well and make sure cable tagging are installed.",EDCKUL21ACS02110,equipment,8742523,construction,,611298,Non-Critical,10/21/2026,,Promatrix DCS,company,68571,459236,Mechanical,22228,Construction,218881,Open,"6738, Line 17",checklist,765510744,Nadhirah Mazlan,10/07/2026,2026-10-07T22:41:40.554167+00:00
39282,6508669,CHK-6670-1,"EDCKUL21ACS01630
EDCKUL21ACS01610
EDCKUL21ACS01660
EDCKUL21ACS01650
EDCKUL21ACS01640
EDCKUL21ACS01620
EDCKUL21ACS01670

Issue: Cable tagging not installed.

Please re-check all other ACS under same system as well and make sure cable tagging are installed.",EDCKUL21ACS01630,equipment,8742480,construction,,611298,Non-Critical,10/21/2026,,Promatrix DCS,company,68571,459236,Mechanical,22228,Construction,218881,Open,"6670, Line 17",checklist,765507276,Nadhirah Mazlan,10/07/2026,2026-10-07T22:41:40.554167+00:00
39282,6500500,CHK-7479-1,"EDCKUL21GDTAH100

Missing tank details",EDCKUL21GDTAH100,equipment,8741980,construction,,611298,Non-Critical,10/20/2026,,Sime Darby Industrial,company,68570,459229,Electrical,22228,Construction,218881,Open,7479,checklist,25201029,Azrul Firdaus Ramli,10/06/2026,2026-10-07T22:41:40.554167+00:00
39282,6500337,CHK-7642-4,"EDCKUL21UPBAD110

issue: Pending uploaded test reports impedance test and CR test",EDCKUL21UPBAD110,equipment,8742366,construction,,611299,Critical,10/20/2026,10/07/2026,Eaton ,company,41688,459229,Electrical,22231,Documentation,218884,Closed,"7642, Line 12",checklist,767574858,Alif Aizat,10/06/2026,2026-10-07T22:41:40.554167+00:00
39282,6499883,CHK-7633-3,"EDCKUL21UPBAC110
issue: Still pending uploaded test reports impedance test and CR test",EDCKUL21UPBAC110,equipment,8742364,construction,,611299,Critical,10/20/2026,,Eaton ,company,41688,459229,Electrical,22231,Documentation,218881,Open,"7633, Line 12",checklist,767574447,Alif Aizat,10/06/2026,2026-10-07T22:41:40.554167+00:00
39282,6499817,CHK-4424-1,"EDCKUL21DPPAH630
Location: BZ elec room

Issue
Pending fireman switch cable termination",EDCKUL21DPPAH630,equipment,8741917,construction,,611299,Critical,10/20/2026,,Promatrix DCS,company,68571,459229,Electrical,22228,Construction,218881,Open,"4424, Line 25",checklist,448986100,Tarmizi Isa,10/06/2026,2026-10-07T22:41:40.554167+00:00
39282,6497521,CHK-7630-3,"EDCKUL21UPBAB310
issue: Still pending uploaded test reports impedance test and CR test",EDCKUL21UPBAB310,equipment,11605013,construction,,611299,Critical,10/20/2026,,Eaton ,company,41688,459229,Electrical,22231,Documentation,218881,Open,"7630, Line 12",checklist,767574310,Alif Aizat,10/05/2026,2026-10-07T22:41:40.554167+00:00
39282,6497514,CHK-7627-4,"EDCKUL21UPBAB210
issue: Still pending uploaded test reports impedance test and CR test",EDCKUL21UPBAB210,equipment,8742361,construction,,611299,Critical,10/20/2026,,Eaton ,company,41688,459229,Electrical,22231,Documentation,218881,Open,"7627, Line 12",checklist,767574173,Alif Aizat,10/05/2026,2026-10-07T22:41:40.554167+00:00
39282,6497513,CHK-7624-4,"EDCKUL21UPBAB110
issue: Still pending uploaded test reports impedance test and CR test",EDCKUL21UPBAB110,equipment,8742360,construction,,611299,Critical,10/20/2026,,Eaton ,company,41688,459229,Electrical,22231,Documentation,218881,Open,"7624, Line 12",checklist,767574036,Alif Aizat,10/05/2026,2026-10-07T22:41:40.554167+00:00
39282,6497495,CHK-7621-3,"EDCKUL21UPBAA310
issue: Still pending uploaded test reports impedance test and CR test",EDCKUL21UPBAA310,equipment,11605012,construction,,611299,Critical,10/20/2026,,Eaton ,company,41688,459229,Electrical,22231,Documentation,218881,Open,"7621, Line 12",checklist,767573899,Alif Aizat,10/05/2026,2026-10-07T22:41:40.554167+00:00
39282,6497487,CHK-7618-4,"EDCKUL21UPBAA210
issue: Still pending test reports impedance test and CR test",EDCKUL21UPBAA210,equipment,8742363,construction,,611299,Critical,10/20/2026,,Eaton ,company,41688,459229,Electrical,22231,Documentation,218881,Open,"7618, Line 12",checklist,767573762,Alif Aizat,10/05/2026,2026-10-07T22:41:40.554167+00:00
39282,6497483,CHK-7615-4,"EDCKUL21UPBAA110
issue: Still pending test reports impedance test and CR test",EDCKUL21UPBAA110,equipment,8742362,construction,,611299,Critical,10/20/2026,,Eaton ,company,41688,459229,Electrical,22231,Documentation,218881,Open,"7615, Line 12",checklist,767573625,Alif Aizat,10/05/2026,2026-10-07T22:41:40.554167+00:00
39282,6493733,CHK-7714-2,"EDCKUL21UPSAD110
Issue: Missing spring washer",EDCKUL21UPSAD110,equipment,8742381,construction,,611299,Critical,10/19/2026,10/06/2026,Eaton ,company,41688,459229,Electrical,22228,Construction,218884,Closed,"7714, Line 20",checklist,767589865,Alif Aizat,10/05/2026,2026-10-07T22:41:40.554167+00:00
39282,6493535,CHK-8108-1,"EDCKUL21MDPBHD10
Location: AH Elec room

Issue
Pending BMS low level cable termination",EDCKUL21MDPAHD10,equipment,8742025,construction,,611299,Critical,10/19/2026,,Promatrix DCS,company,68571,478559,ELV,22228,Construction,218881,Open,"8108, Line 25",checklist,865932835,Tarmizi Isa,10/05/2026,2026-10-07T22:41:40.554167+00:00
39282,6493312,CHK-5951-1,"EDCKUL21MBCAZ210
Location: AZ elect room

Issue
Pending cable termination for fireman switch",EDCKUL21MBCAZ210,equipment,11604991,construction,,611299,Critical,10/19/2026,,Promatrix DCS,company,68571,459229,Electrical,22228,Construction,218881,Open,"5951, Line 25",checklist,693556020,Tarmizi Isa,10/05/2026,2026-10-07T22:41:40.554167+00:00
39282,6493296,CHK-4513-1,"EDCKUL21MBCAZ110
Location: AZ elect room

Issue
Pending cable termination for fireman switch",EDCKUL21MBCAZ110,equipment,8742006,construction,,611299,Critical,10/19/2026,,Promatrix DCS,company,68571,459229,Electrical,22228,Construction,218881,Open,"4513, Line 25",checklist,448994596,Tarmizi Isa,10/05/2026,2026-10-07T22:41:40.554167+00:00
39282,6493287,CHK-5948-1,"EDCKUL21MBCAF110
Location: AF elect room

Issue
Pending cable termination for fireman switch",EDCKUL21MBCAF210,equipment,11604990,construction,,611299,Critical,10/19/2026,,Promatrix DCS,company,68571,459229,Electrical,22228,Construction,218881,Open,"5948, Line 25",checklist,693555877,Tarmizi Isa,10/05/2026,2026-10-07T22:41:40.554167+00:00
39282,6493276,CHK-4511-1,"EDCKUL21MBCAF110
Location: AF elect room

Issue
Pending cable termination for fireman switch",EDCKUL21MBCAF110,equipment,8742004,construction,,611299,Critical,10/19/2026,,Promatrix DCS,company,68571,459229,Electrical,22228,Construction,218881,Open,"4511, Line 25",checklist,448994474,Tarmizi Isa,10/05/2026,2026-10-07T22:41:40.554167+00:00
39282,6493263,CHK-4510-1,"EDCKUL21MBCAE110
Location: AE elect room

Issue
Pending cable termination for fireman switch",EDCKUL21MBCAE110,equipment,8742003,construction,,611299,Critical,10/19/2026,,Promatrix DCS,company,68571,459229,Electrical,22228,Construction,218881,Open,"4510, Line 25",checklist,448994413,Tarmizi Isa,10/05/2026,2026-10-07T22:41:40.554167+00:00
39282,6493258,CHK-4509-1,"EDCKUL21MBCAD110
Location: AD elect room

Issue
Pending cable termination for fireman switch",EDCKUL21MBCAD110,equipment,8742002,construction,,611299,Critical,10/19/2026,,Promatrix DCS,company,68571,459229,Electrical,22228,Construction,218881,Open,"4509, Line 25",checklist,448994352,Tarmizi Isa,10/05/2026,2026-10-07T22:41:40.554167+00:00
39282,6493255,CHK-4508-1,"EDCKUL21MBCAC110
Location: AC elect room

Issue
Pending cable termination for fireman switch",EDCKUL21MBCAC110,equipment,8742001,construction,,611299,Critical,10/19/2026,,Promatrix DCS,company,68571,459229,Electrical,22228,Construction,218881,Open,"4508, Line 25",checklist,448994291,Tarmizi Isa,10/05/2026,2026-10-07T22:41:40.554167+00:00
39282,6493250,CHK-4507-1,"EDCKUL21MBCAB110
Location: AB elect room

Issue
Pending cable termination for fireman switch",EDCKUL21MBCAB110,equipment,8742000,construction,,611299,Critical,10/19/2026,,Promatrix DCS,company,68571,459229,Electrical,22228,Construction,218881,Open,"4507, Line 25",checklist,448994230,Tarmizi Isa,10/05/2026,2026-10-07T22:41:40.554167+00:00
39282,6493243,CHK-4506-1,"EDCKUL21MBCAA110
Location: AA elect room

Issue
Pending cable termination for fireman switch",EDCKUL21MBCAA110,equipment,8741999,construction,,611299,Critical,10/19/2026,,Promatrix DCS,company,68571,459229,Electrical,22228,Construction,218881,Open,"4506, Line 26",checklist,448994170,Tarmizi Isa,10/05/2026,2026-10-07T22:41:40.554167+00:00
39282,6493183,CHK-7756-2,"EDCKUL21UPSAZ310

Issue: Pending AFI documents signal cable test.",EDCKUL21UPSAZ310,equipment,11605027,construction,,611299,Critical,10/19/2026,10/07/2026,Alur Tenaga,company,80235,478559,ELV,22231,Documentation,218884,Closed,"7756, Line 10",checklist,767591772,Alif Aizat,10/05/2026,2026-10-07T22:41:40.554167+00:00
39282,6493151,CHK-7753-2,"EDCKUL21UPBZ210

Issue: Pending AFI documents signal cable test.",EDCKUL21UPSAZ210,equipment,8742389,construction,,611299,Critical,10/19/2026,10/07/2026,Alur Tenaga,company,80235,478559,ELV,22231,Documentation,218884,Closed,"7753, Line 10",checklist,767591635,Alif Aizat,10/05/2026,2026-10-07T22:41:40.554167+00:00
39282,6493147,CHK-7750-2,"EDCKUL21UPBAZ110

Issue: Pending AFI documents signal cable test.",EDCKUL21UPSAZ110,equipment,8742388,construction,,611299,Critical,10/19/2026,10/07/2026,Alur Tenaga,company,80235,478559,ELV,22231,Documentation,218884,Closed,"7750, Line 10",checklist,767591498,Alif Aizat,10/05/2026,2026-10-07T22:41:40.554167+00:00
39282,6493137,CHK-7738-6,"EDCKUL21UPBAF310

Issue: Pending AFI documents signal cable test.",EDCKUL21UPSAF310,equipment,11605026,construction,,611299,Critical,10/19/2026,10/07/2026,Alur Tenaga,company,80235,478559,ELV,22231,Documentation,218884,Closed,"7738, Line 10",checklist,767590950,Alif Aizat,10/05/2026,2026-10-07T22:41:40.554167+00:00
39282,6493132,CHK-7663-6,"EDCKUL21UPBAF210

Issue: Pending AFI documents signal cable test.",EDCKUL21UPBAF210,equipment,8742371,construction,,611299,Critical,10/19/2026,10/07/2026,Alur Tenaga,company,80235,478559,ELV,22231,Documentation,218884,Closed,"7663, Line 10",checklist,767575815,Alif Aizat,10/05/2026,2026-10-07T22:41:40.554167+00:00
39282,6493100,CHK-7660-5,"EDCKUL21UPBAF110

Issue: Pending AFI documents signal cable test.",EDCKUL21UPBAF110,equipment,8742370,construction,,611299,Critical,10/19/2026,10/07/2026,,,,478559,ELV,22231,Documentation,218884,Closed,"7660, Line 10",checklist,767575678,Alif Aizat,10/05/2026,2026-10-07T22:41:40.554167+00:00
39282,6493084,CHK-7657-2,"EDCKUL21UPBAE310

Issue: Pending AFI documents signal cable test.",EDCKUL21UPBAE310,equipment,11605016,construction,,611299,Critical,10/19/2026,10/07/2026,Alur Tenaga,company,80235,478559,ELV,22231,Documentation,218884,Closed,"7657, Line 10",checklist,767575541,Alif Aizat,10/05/2026,2026-10-07T22:41:40.554167+00:00
39282,6493083,CHK-7654-3,"EDCKUL21UPBAE210

Issue: Pending AFI documents signal cable test.",EDCKUL21UPBAE210,equipment,8742369,construction,,611299,Critical,10/19/2026,10/07/2026,Alur Tenaga,company,80235,478559,ELV,22231,Documentation,218884,Closed,"7654, Line 10",checklist,767575404,Alif Aizat,10/05/2026,2026-10-07T22:41:40.554167+00:00
39282,6493081,CHK-7651-4,"EDCKUL21UPBAE110

Issue: Pending AFI documents signal cable test.",EDCKUL21UPBAE110,equipment,8742368,construction,,611299,Critical,10/19/2026,10/07/2026,Alur Tenaga,company,80235,478559,ELV,22231,Documentation,218884,Closed,"7651, Line 10",checklist,767575267,Alif Aizat,10/05/2026,2026-10-07T22:41:40.554167+00:00
39282,6493076,CHK-7648-4,"EDCKUL21UPBAD310

Issue: Pending AFI documents signal cable test.",EDCKUL21UPBAD310,equipment,11605015,construction,,611299,Critical,10/19/2026,10/07/2026,Alur Tenaga,company,80235,478559,ELV,22231,Documentation,218884,Closed,"7648, Line 10",checklist,767575130,Alif Aizat,10/05/2026,2026-10-07T22:41:40.554167+00:00
39282,6493041,CHK-7645-4,"EDCKUL21UPBAD210

Issue: Pending AFI documents signal cable test.",EDCKUL21UPBAD210,equipment,8742367,construction,,611299,Critical,10/19/2026,10/07/2026,Alur Tenaga,company,80235,478559,ELV,22231,Documentation,218884,Closed,"7645, Line 10",checklist,767574993,Alif Aizat,10/05/2026,2026-10-07T22:41:40.554167+00:00
39282,6492867,CHK-7642-3,"EDCKUL21UPBAD110

Issue: Pending AFI documents signal cable test.",EDCKUL21UPBAD110,equipment,8742366,construction,,611299,Critical,10/19/2026,10/07/2026,Alur Tenaga,company,80235,478559,ELV,22231,Documentation,218884,Closed,"7642, Line 10",checklist,767574856,Alif Aizat,10/05/2026,2026-10-07T22:41:40.554167+00:00
39282,6492850,CHK-7639-2,"EDCKUL21UPBAC310

Issue: Pending AFI documents signal cable test.",EDCKUL21UPBAC310,equipment,11605014,construction,,611299,Critical,10/19/2026,,Alur Tenaga,company,80235,478559,ELV,22231,Documentation,218881,Open,"7639, Line 12",checklist,767574721,Alif Aizat,10/05/2026,2026-10-07T22:41:40.554167+00:00
39282,6492848,CHK-7636-2,"EDCKUL21UPBAC210

Issue: Pending AFI documents signal cable test.",EDCKUL21UPBAC210,equipment,8742365,construction,,611299,Critical,10/19/2026,,Alur Tenaga,company,80235,478559,ELV,22231,Documentation,218881,Open,"7636, Line 12",checklist,767574584,Alif Aizat,10/05/2026,2026-10-07T22:41:40.554167+00:00
39282,6492825,CHK-7633-2,"EDCKUL21UPBAC110

Issue: Pending AFI documents signal cable test.",EDCKUL21UPBAC110,equipment,8742364,construction,,611299,Critical,10/19/2026,,Alur Tenaga,company,80235,478559,ELV,22231,Documentation,218881,Open,"7633, Line 12",checklist,767574447,Alif Aizat,10/05/2026,2026-10-07T22:41:40.554167+00:00
39282,6492815,CHK-7630-2,"EDCKUL21UPBAB310

Issue: Pending AFI documents signal cable test.",EDCKUL21UPBAB310,equipment,11605013,construction,,611299,Critical,10/19/2026,,Alur Tenaga,company,80235,478559,ELV,22231,Documentation,218881,Open,"7630, Line 12",checklist,767574310,Alif Aizat,10/05/2026,2026-10-07T22:41:40.554167+00:00
39282,6492808,CHK-7627-3,"EDCKUL21UPBAB210

Issue: Pending AFI documents signal cable test.",EDCKUL21UPBAB210,equipment,8742361,construction,,611299,Critical,10/19/2026,,Alur Tenaga,company,80235,478559,ELV,22231,Documentation,218881,Open,"7627, Line 12",checklist,767574173,Alif Aizat,10/05/2026,2026-10-07T22:41:40.554167+00:00
39282,6492806,CHK-7624-3,"EDCKUL21UPBAB110

Issue: Pending AFI documents signal cable test.",EDCKUL21UPBAB110,equipment,8742360,construction,,611299,Critical,10/19/2026,,Alur Tenaga,company,80235,478559,ELV,22231,Documentation,218881,Open,"7624, Line 12",checklist,767574036,Alif Aizat,10/05/2026,2026-10-07T22:41:40.554167+00:00
39282,6492773,CHK-7621-2,"EDCKUL21UPBAA310

Issue: Pending AFI documents signal cable test.",EDCKUL21UPBAA310,equipment,11605012,construction,,611299,Critical,10/19/2026,,Alur Tenaga,company,80235,478559,ELV,22231,Documentation,218881,Open,"7621, Line 12",checklist,767573899,Alif Aizat,10/05/2026,2026-10-07T22:41:40.554167+00:00
39282,6492762,CHK-7618-3,"EDCKUL21UPBAA210

Issue: Pending AFI documents signal cable test.",EDCKUL21UPBAA210,equipment,8742363,construction,,611299,Critical,10/19/2026,,Alur Tenaga,company,80235,478559,ELV,22231,Documentation,218881,Open,"7618, Line 12",checklist,767573762,Alif Aizat,10/05/2026,2026-10-07T22:41:40.554167+00:00
39282,6492761,CHK-7615-3,"EDCKUL21UPBAA110

Issue: Pending AFI documents signal cable test.",EDCKUL21UPBAA110,equipment,8742362,construction,,611299,Critical,10/19/2026,,Alur Tenaga,company,80235,478559,ELV,22231,Documentation,218881,Open,"7615, Line 12",checklist,767573625,Alif Aizat,10/05/2026,2026-10-07T22:41:40.554167+00:00
39282,6492503,CHK-6610-1,"All ACS/VRF
Issue: Comm cable to gateway not installed yet.",EDCKUL21ACS01210,equipment,8742445,construction,,611299,Critical,10/19/2026,,Promatrix DCS,company,68571,459236,Mechanical,22228,Construction,218881,Open,"6610, Line 25",checklist,765504224,Nadhirah Mazlan,10/05/2026,2026-10-07T22:41:40.554167+00:00
39282,6491943,CHK-7756-1,"EDCKUL21UPSAZ310

Issue:
1. Pending asset ID tagging
2. Pending danger sign
3. Pending Arc flash sticker",EDCKUL21UPSAZ310,equipment,11605027,construction,,611298,Non-Critical,10/19/2026,,Eaton ,company,41688,459229,Electrical,22228,Construction,218881,Open,"7756, Line 16",checklist,767591779,Alif Aizat,10/04/2026,2026-10-07T22:41:40.554167+00:00
39282,6491940,CHK-7753-1,"EDCKUL21UPSAZ210

Issue:
1. Pending asset ID tagging
2. Pending danger sign
3. Pending Arc flash sticker",EDCKUL21UPSAZ210,equipment,8742389,construction,,611298,Non-Critical,10/19/2026,,Eaton ,company,41688,459229,Electrical,22228,Construction,218881,Open,"7753, Line 16",checklist,767591642,Alif Aizat,10/04/2026,2026-10-07T22:41:40.554167+00:00
39282,6491937,CHK-7750-1,"EDCKUL21UPSAZ110

Issue:
1. Pending asset ID tagging
2. Pending danger sign
3. Pending Arc flash sticker",EDCKUL21UPSAZ110,equipment,8742388,construction,,611298,Non-Critical,10/19/2026,,Eaton ,company,41688,459229,Electrical,22228,Construction,218881,Open,"7750, Line 16",checklist,767591505,Alif Aizat,10/04/2026,2026-10-07T22:41:40.554167+00:00
39282,6491935,CHK-7738-5,"EDCKUL21UPSAF310

Issue:
1. Pending asset ID tagging
2. Pending danger sign
3. Pending Arc flash sticker",EDCKUL21UPSAF310,equipment,11605026,construction,,611298,Non-Critical,10/19/2026,,Eaton ,company,41688,459229,Electrical,22228,Construction,218881,Open,"7738, Line 16",checklist,767590957,Alif Aizat,10/04/2026,2026-10-07T22:41:40.554167+00:00
39282,6491932,CHK-7735-6,"EDCKUL21UPSAF210

Issue:
1. Pending asset ID tagging
2. Pending danger sign
3. Pending Arc flash sticker",EDCKUL21UPSAF210,equipment,8742386,construction,,611298,Non-Critical,10/19/2026,,Eaton ,company,41688,459229,Electrical,22228,Construction,218881,Open,"7735, Line 16",checklist,767590820,Alif Aizat,10/04/2026,2026-10-07T22:41:40.554167+00:00
39282,6491931,CHK-7732-7,"EDCKUL21UPSAF110

Issue:
1. Pending asset ID tagging
2. Pending danger sign
3. Pending Arc flash sticker",EDCKUL21UPSAF110,equipment,8742385,construction,,611298,Non-Critical,10/19/2026,,Eaton ,company,41688,459229,Electrical,22228,Construction,218881,Open,"7732, Line 16",checklist,767590683,Alif Aizat,10/04/2026,2026-10-07T22:41:40.554167+00:00
39282,6491928,CHK-7729-3,"EDCKUL21UPSAE310

Issue:
1. Pending asset ID tagging
2. Pending danger sign
3. Pending Arc flash sticker",EDCKUL21UPSAE310,equipment,11605025,construction,,611298,Non-Critical,10/19/2026,,Eaton ,company,41688,459229,Electrical,22228,Construction,218881,Open,"7729, Line 16",checklist,767590546,Alif Aizat,10/04/2026,2026-10-07T22:41:40.554167+00:00
39282,6491927,CHK-7726-3,"EDCKUL21UPSAE210

Issue:
1. Pending asset ID tagging
2. Pending danger sign
3. Pending Arc flash sticker",EDCKUL21UPSAE210,equipment,8742384,construction,,611298,Non-Critical,10/19/2026,,Eaton ,company,41688,459229,Electrical,22228,Construction,218881,Open,"7726, Line 16",checklist,767590409,Alif Aizat,10/04/2026,2026-10-07T22:41:40.554167+00:00
39282,6491924,CHK-7723-2,"EDCKUL21UPSAE110

Issue:
1. Pending asset ID tagging
2. Pending danger sign
3. Pending Arc flash sticker",EDCKUL21UPSAE110,equipment,8742383,construction,,611298,Non-Critical,10/19/2026,,Eaton ,company,41688,459229,Electrical,22228,Construction,218881,Open,"7723, Line 16",checklist,767590272,Alif Aizat,10/04/2026,2026-10-07T22:41:40.554167+00:00
39282,6491922,CHK-7720-2,"EDCKUL21UPSAD310

Issue:
1. Pending asset ID tagging
2. Pending danger sign
3. Pending Arc flash sticker",EDCKUL21UPSAD310,equipment,11605024,construction,,611298,Non-Critical,10/19/2026,,Eaton ,company,41688,459229,Electrical,22228,Construction,218881,Open,"7720, Line 16",checklist,767590135,Alif Aizat,10/04/2026,2026-10-07T22:41:40.554167+00:00
39282,6491921,CHK-7717-3,"EDCKUL21UPSAD210

Issue:
1. Pending asset ID tagging
2. Pending danger sign
3. Pending Arc flash sticker",EDCKUL21UPSAD210,equipment,8742382,construction,,611298,Non-Critical,10/19/2026,,Eaton ,company,41688,459229,Electrical,22228,Construction,218881,Open,"7717, Line 16",checklist,767589998,Alif Aizat,10/04/2026,2026-10-07T22:41:40.554167+00:00
39282,6491918,CHK-7684-1,"EDCKUL21UPBAZ310

Issue:
1. Pending asset ID tagging
2. Pending danger sign
3. Pending Arc flash sticker",EDCKUL21UPBAZ310,equipment,11605020,construction,,611298,Non-Critical,10/19/2026,,Eaton ,company,41688,459229,Electrical,22228,Construction,218881,Open,"7684, Line 16",checklist,767576781,Alif Aizat,10/04/2026,2026-10-07T22:41:40.554167+00:00
39282,6491916,CHK-7681-5,"EDCKUL21UPBAZ210

Issue:
1. Pending asset ID tagging
2. Pending danger sign
3. Pending Arc flash sticker",EDCKUL21UPBAZ210,equipment,8742374,construction,,611298,Non-Critical,10/19/2026,,Eaton ,company,41688,459229,Electrical,22228,Construction,218881,Open,"7681, Line 16",checklist,767576644,Alif Aizat,10/04/2026,2026-10-07T22:41:40.554167+00:00
39282,6491915,CHK-7678-3,"EDCKUL21UPBAZ110

Issue:
1. Pending asset ID tagging
2. Pending danger sign
3. Pending Arc flash sticker",EDCKUL21UPBAZ110,equipment,8742373,construction,,611298,Non-Critical,10/19/2026,,Eaton ,company,41688,459229,Electrical,22228,Construction,218881,Open,"7678, Line 16",checklist,767576507,Alif Aizat,10/04/2026,2026-10-07T22:41:40.554167+00:00
39282,6491913,CHK-7666-1,"EDCKUL21UPBAF310

Issue:
1. Pending asset ID tagging
2. Pending danger sign
3. Pending Arc flash sticker",EDCKUL21UPBAF310,equipment,11605017,construction,,611298,Non-Critical,10/19/2026,,Eaton ,company,41688,459229,Electrical,22228,Construction,218881,Open,"7666, Line 16",checklist,767575959,Alif Aizat,10/04/2026,2026-10-07T22:41:40.554167+00:00
39282,6491912,CHK-7663-5,"EDCKUL21UPBAF210

Issue:
1. Pending asset ID tagging
2. Pending danger sign
3. Pending Arc flash sticker",EDCKUL21UPBAF210,equipment,8742371,construction,,611298,Non-Critical,10/19/2026,,Eaton ,company,41688,459229,Electrical,22228,Construction,218881,Open,"7663, Line 16",checklist,767575822,Alif Aizat,10/04/2026,2026-10-07T22:41:40.554167+00:00
39282,6491910,CHK-7660-4,"EDCKUL21UPBAF110

Issue:
1. Pending asset ID tagging
2. Pending danger sign
3. Pending Arc flash sticker",EDCKUL21UPBAF110,equipment,8742370,construction,,611298,Non-Critical,10/19/2026,,Eaton ,company,41688,459229,Electrical,22228,Construction,218881,Open,"7660, Line 16",checklist,767575685,Alif Aizat,10/04/2026,2026-10-07T22:41:40.554167+00:00
39282,6491908,CHK-7657-1,"EDCKUL21UPBAE310

Issue:
1. Pending asset ID tagging
2. Pending danger sign
3. Pending Arc flash sticker",EDCKUL21UPBAE310,equipment,11605016,construction,,611298,Non-Critical,10/19/2026,,Eaton ,company,41688,459229,Electrical,22228,Construction,218881,Open,"7657, Line 16",checklist,767575548,Alif Aizat,10/04/2026,2026-10-07T22:41:40.554167+00:00
39282,6491906,CHK-7654-2,"EDCKUL21UPBAE210

Issue:
1. Pending asset ID tagging
2. Pending danger sign
3. Pending Arc flash sticker",EDCKUL21UPBAE210,equipment,8742369,construction,,611298,Non-Critical,10/19/2026,,Eaton ,company,41688,459229,Electrical,22228,Construction,218881,Open,"7654, Line 16",checklist,767575411,Alif Aizat,10/04/2026,2026-10-07T22:41:40.554167+00:00
39282,6491900,CHK-7651-3,"EDCKUL21UPBAE110

Issue:
1. Pending asset ID tagging
2. Pending danger sign
3. Pending Arc flash sticker",EDCKUL21UPBAE110,equipment,8742368,construction,,611298,Non-Critical,10/19/2026,,Eaton ,company,41688,459229,Electrical,22228,Construction,218881,Open,"7651, Line 16",checklist,767575274,Alif Aizat,10/04/2026,2026-10-07T22:41:40.554167+00:00
39282,6491899,CHK-7648-3,"EDCKUL21UPBAD310

Issue:
1. Pending asset ID tagging
2. Pending danger sign
3. Pending Arc flash sticker",EDCKUL21UPBAD310,equipment,11605015,construction,,611298,Non-Critical,10/19/2026,,Eaton ,company,41688,459229,Electrical,22228,Construction,218881,Open,"7648, Line 16",checklist,767575137,Alif Aizat,10/04/2026,2026-10-07T22:41:40.554167+00:00
39282,6491895,CHK-7645-3,"EDCKUL21UPBAD210

Issue:
1. Pending asset ID tagging
2. Pending danger sign
3. Pending Arc flash sticker",EDCKUL21UPBAD210,equipment,8742367,construction,,611298,Non-Critical,10/19/2026,,Eaton ,company,41688,459229,Electrical,22228,Construction,218881,Open,"7645, Line 16",checklist,767575000,Alif Aizat,10/04/2026,2026-10-07T22:41:40.554167+00:00
39282,6491893,CHK-7642-2,"EDCKUL21UPBAD110

Issue:
1. Pending asset ID tagging
2. Pending danger sign
3. Pending Arc flash sticker",EDCKUL21UPBAD110,equipment,8742366,construction,,611298,Non-Critical,10/19/2026,,Eaton ,company,41688,459229,Electrical,22228,Construction,218881,Open,"7642, Line 16",checklist,767574863,Alif Aizat,10/04/2026,2026-10-07T22:41:40.554167+00:00
39282,6491859,CHK-7714-1,"EDCKUL21UPSAD110
Issue:
1. Pending asset ID tagging
2. Pending danger sign
3. Pending Arc flash sticker",EDCKUL21UPSAD110,equipment,8742381,construction,,611298,Non-Critical,10/19/2026,,Eaton ,company,41688,459229,Electrical,22228,Construction,218881,Open,"7714, Line 16",checklist,767589861,Alif Aizat,10/04/2026,2026-10-07T22:41:40.554167+00:00
39282,6474443,CHK-7484-1,"EDCKUL21GENAC100
Location: GEN ROOM AC

Issue:
During Genset Burn In Test, Thermal Scanning notice significant delta T (> 10 degC) at Flexible Link termination.

As per NETA, repair should be made as time permits.",EDCKUL21GENAC100,equipment,8741984,construction,,611298,Non-Critical,10/16/2026,,Promatrix DCS,company,68571,459229,Electrical,22227,Commissioning,218881,Open,"7484, Line 23",checklist,767393976,Najwa Athirah Fauzi,10/02/2026,2026-10-07T22:41:40.554167+00:00
39282,6474430,CHK-7486-2,"EDCKUL21GENAE100
Location: GEN ROOM AE

Issue:
During Genset Burn In Test, Thermal Scanning notice major delta T (> 30 degC) at Loadbank Busduct. High temp continues to be recorded at >15degC throughout the test.

Immediate action to be taken as it breaches NETA ideal specifications.",EDCKUL21GENAE100,equipment,8741986,construction,,611299,Critical,10/16/2026,,Promatrix DCS,company,68571,459229,Electrical,22227,Commissioning,218881,Open,"7486, Line 23",checklist,767394068,Najwa Athirah Fauzi,10/02/2026,2026-10-07T22:41:40.554167+00:00
39282,6474422,CHK-7486-1,"EDCKUL21GENAE100
Location: GEN ROOM AE

Issue:
During Genset Burn In Test, Thermal Scanning notice significant delta T (> 10 degC) at Flexible Link termination.

As per NETA, repair should be made as time permits.",EDCKUL21GENAE100,equipment,8741986,construction,,611298,Non-Critical,10/16/2026,,Promatrix DCS,company,68571,459229,Electrical,22227,Commissioning,218881,Open,"7486, Line 23",checklist,767394068,Najwa Athirah Fauzi,10/02/2026,2026-10-07T22:41:40.554167+00:00
39282,6466059,CHK-7489-1,"EDCKUL21GENAZ100
Location: GEN ROOM AZ

Issue: 
During Genset Burn In Test Thermal Scanning notice significant delta T (> 4 degC) at Flexible Link termination. 

As per NETA, repair should be made as time permits.",EDCKUL21GENAZ100,equipment,8741989,construction,,611298,Non-Critical,10/15/2026,,Promatrix DCS,company,68571,459229,Electrical,22227,Commissioning,218881,Open,"7489, Line 23",checklist,767394206,Shao Ming Yap,10/01/2026,2026-10-07T22:41:40.554167+00:00
39282,6466052,CHK-7485-1,"EDCKUL21GENAD100
Location: GEN ROOM AD

Issue: 
During Genset Burn In Test Thermal Scanning notice significant delta T (> 4 degC) at Flexible Link & Panel 02 termination. 

As per NETA, repair should be made as time permits.",EDCKUL21GENAD100,equipment,8741985,construction,,611298,Non-Critical,10/15/2026,,Promatrix DCS,company,68571,459229,Electrical,22227,Commissioning,218881,Open,"7485, Line 23",checklist,767394022,Shao Ming Yap,10/01/2026,2026-10-07T22:41:40.554167+00:00
39282,6466039,CHK-7488-1,"EDCKUL21GENAH100
Location: GEN ROOM AH

Issue: 
During Genset Burn In Test Thermal Scanning notice significant delta T (> 4 degC) at Flexible Link & Panel 01 termination. 

As per NETA, repair should be made as time permits.",EDCKUL21GENAH100,equipment,8741988,construction,,611298,Non-Critical,10/15/2026,,Promatrix DCS,company,68571,459229,Electrical,22227,Commissioning,218881,Open,"7488, Line 23",checklist,767394160,Shao Ming Yap,10/01/2026,2026-10-07T22:41:40.554167+00:00
39282,6466030,CHK-7487-1,"EDCKUL21GENAF100
Location: GEN ROOM AF

Issue: 
During Genset Burn In Test Thermal Scanning notice significant delta T (> 4 degC) at Flexible Link, Panel 02 & Riser Rooftop termination. 

As per NETA, repair should be made as time permits.",EDCKUL21GENAF100,equipment,8741987,construction,,611298,Non-Critical,10/15/2026,,Promatrix DCS,company,68571,459229,Electrical,22227,Commissioning,218881,Open,"7487, Line 23",checklist,767394114,Shao Ming Yap,10/01/2026,2026-10-07T22:41:40.554167+00:00
39282,6457793,CHK-7678-2,"EDCKUL21UPBAZ210
Issue: Missing cover Terminal block",EDCKUL21UPBAZ110,equipment,8742373,construction,,611299,Critical,10/14/2026,10/06/2026,Eaton ,company,41688,459229,Electrical,22228,Construction,218884,Closed,"7678, Line 20",checklist,767576511,Alif Aizat,09/30/2026,2026-10-07T22:41:40.554167+00:00
39282,6457785,CHK-7681-4,"EDCKUL21UPBAZ210
Issue: Missing cover Terminal block",EDCKUL21UPBAZ210,equipment,8742374,construction,,611299,Critical,10/14/2026,10/06/2026,Eaton ,company,41688,459229,Electrical,22228,Construction,218884,Closed,"7681, Line 20",checklist,767576648,Alif Aizat,09/30/2026,2026-10-07T22:41:40.554167+00:00
39282,6457773,CHK-7681-3,"EDCKUL21UPBAZ210
Issue: Missing cover Terminal block",EDCKUL21UPBAZ210,equipment,8742374,construction,,611299,Critical,10/14/2026,10/06/2026,Eaton ,company,41688,459229,Electrical,22228,Construction,218884,Closed,"7681, Line 20",checklist,767576648,Alif Aizat,09/30/2026,2026-10-07T22:41:40.554167+00:00
39282,6457761,CHK-7681-2,"EDCKUL21UPBAD310
Issue: Missing terminal block",EDCKUL21UPBAZ210,equipment,8742374,construction,,611299,Critical,10/14/2026,10/06/2026,Eaton ,company,41688,459229,Electrical,22228,Construction,218884,Closed,"7681, Line 20",checklist,767576648,Alif Aizat,09/30/2026,2026-10-07T22:41:40.554167+00:00
39282,6457674,CHK-7678-1,"EDCKUL21UPBAZ110
Issue: Missing cables tagged",EDCKUL21UPSAZ110,equipment,8742388,construction,,611298,Non-Critical,10/14/2026,,Eaton ,company,41688,459229,Electrical,22228,Construction,218881,Open,"7678, Line 20",checklist,767576511,Alif Aizat,09/30/2026,2026-10-07T22:41:40.554167+00:00
39282,6457644,CHK-7681-1,"EDCKUL21UPSAZ210
Issue: Terminal block damaged",EDCKUL21UPBAZ210,equipment,8742374,construction,,611299,Critical,10/14/2026,10/06/2026,Eaton ,company,41688,459229,Electrical,22228,Construction,218884,Closed,"7681, Line 20",checklist,767576648,Alif Aizat,09/30/2026,2026-10-07T22:41:40.554167+00:00
39282,6457611,CHK-7645-2,"EDCKUL21UPBAD210
Issue: Missing cover terminal block",EDCKUL21UPBAD210,equipment,8742367,construction,,611299,Critical,10/14/2026,10/06/2026,Eaton ,company,41688,459229,Electrical,22228,Construction,218884,Closed,"7645, Line 20",checklist,767575004,Alif Aizat,09/30/2026,2026-10-07T22:41:40.554167+00:00
39282,6457600,CHK-7642-1,"EDCKUL21UPBAD210
Issue: Missing cover terminal block",EDCKUL21UPBAD110,equipment,8742366,construction,,611299,Critical,10/14/2026,10/06/2026,Eaton ,company,41688,459229,Electrical,22228,Construction,218884,Closed,"7642, Line 20",checklist,767574867,Alif Aizat,09/30/2026,2026-10-07T22:41:40.554167+00:00
39282,6457580,CHK-7648-2,"EDCKUL21UPBAD310
Issue: Off gas bolts and nut rusty",EDCKUL21UPBAD310,equipment,11605015,construction,,611299,Critical,10/14/2026,,Promatrix DCS,company,68571,459236,Mechanical,22228,Construction,218881,Open,"7648, Line 20",checklist,767575141,Alif Aizat,09/30/2026,2026-10-07T22:41:40.554167+00:00
39282,6457576,CHK-7648-1,"EDCKUL21UPBAD310
Issue: Terminal block damaged",EDCKUL21UPBAD310,equipment,11605015,construction,,611299,Critical,10/14/2026,10/06/2026,Eaton ,company,41688,459229,Electrical,22228,Construction,218884,Closed,"7648, Line 20",checklist,767575141,Alif Aizat,09/30/2026,2026-10-07T22:41:40.554167+00:00
39282,6457561,CHK-7720-1,"EDCKUL21UPSAD310
Issue: Missing cables tagged",EDCKUL21UPSAD310,equipment,11605024,construction,,611298,Non-Critical,10/14/2026,,Eaton ,company,41688,459229,Electrical,22228,Construction,218881,Open,"7720, Line 20",checklist,767590139,Alif Aizat,09/30/2026,2026-10-07T22:41:40.554167+00:00
39282,6457527,CHK-7717-2,"EDCKUL21UPSAD210
Issue: Missing cables tagged",EDCKUL21UPSAD110,equipment,8742381,construction,,611298,Non-Critical,10/14/2026,,Eaton ,company,41688,459229,Electrical,22228,Construction,218881,Open,"7717, Line 20",checklist,767590002,Alif Aizat,09/30/2026,2026-10-07T22:41:40.554167+00:00
39282,6457515,CHK-7717-1,"EDCKUL21UPSAD210
Issue: Conduit L box damaged",EDCKUL21UPSAD210,equipment,8742382,construction,,611299,Critical,10/14/2026,10/06/2026,Promatrix DCS,company,68571,459229,Electrical,22228,Construction,218884,Closed,"7717, Line 20",checklist,767590002,Alif Aizat,09/30/2026,2026-10-07T22:41:40.554167+00:00
39282,6457494,CHK-7645-1,"EDCKUL21UPSAD210
Issue: bolt does not aligned",EDCKUL21UPSAD210,equipment,8742382,construction,,611299,Critical,10/14/2026,10/06/2026,Eaton ,company,41688,459229,Electrical,22228,Construction,218884,Closed,"7645, Line 20",checklist,767575004,Alif Aizat,09/30/2026,2026-10-07T22:41:40.554167+00:00
39282,6457453,CHK-7651-2,"EDCKUL21UPS
Issue: Off gas sensor bolts and nut rusty",EDCKUL21UPBAE110,equipment,8742368,construction,,611298,Non-Critical,10/14/2026,,Promatrix DCS,company,68571,459236,Mechanical,22228,Construction,218881,Open,"7651, Line 20",checklist,767575278,Alif Aizat,09/30/2026,2026-10-07T22:41:40.554167+00:00
39282,6457441,CHK-7651-1,"EDCKUL21UPB
Issue: Missing cover terminal block DC",EDCKUL21UPBAE110,equipment,8742368,construction,,611299,Critical,10/14/2026,10/06/2026,Eaton ,company,41688,459229,Electrical,22228,Construction,218884,Closed,"7651, Line 20",checklist,767575278,Alif Aizat,09/30/2026,2026-10-07T22:41:40.554167+00:00
39282,6457434,CHK-7654-1,"EDCKUL21UPBAE210
Issue: Missing cover terminal block DC",EDCKUL21UPBAE210,equipment,8742369,construction,,611299,Critical,10/14/2026,10/06/2026,Eaton ,company,41688,459229,Electrical,22228,Construction,218884,Closed,"7654, Line 20",checklist,767575415,Alif Aizat,09/30/2026,2026-10-07T22:41:40.554167+00:00
39282,6457391,CHK-7729-2,"EDCKUL21UPSAE210
Issue: Missing cables tagged",EDCKUL21UPSAE310,equipment,11605025,construction,,611298,Non-Critical,10/14/2026,,Eaton ,company,41688,459229,Electrical,22228,Construction,218881,Open,"7729, Line 20",checklist,767590550,Alif Aizat,09/30/2026,2026-10-07T22:41:40.554167+00:00
39282,6457373,CHK-7729-1,"EDCKUL21UPSAE210
Issue: Terminal block damaged",EDCKUL21UPSAE310,equipment,11605025,construction,,611299,Critical,10/14/2026,10/06/2026,Eaton ,company,41688,459229,Electrical,22228,Construction,218884,Closed,"7729, Line 20",checklist,767590550,Alif Aizat,09/30/2026,2026-10-07T22:41:40.554167+00:00
39282,6457365,CHK-7723-1,"EDCKUL21UPSAE210
Issue: Missing washer",EDCKUL21UPSAE110,equipment,8742383,construction,,611299,Critical,10/14/2026,10/06/2026,Eaton ,company,41688,459229,Electrical,22228,Construction,218884,Closed,"7723, Line 20",checklist,767590276,Alif Aizat,09/30/2026,2026-10-07T22:41:40.554167+00:00
39282,6457305,CHK-7735-5,"EDCKUL21UPSAE210
Issue: Missing washer",EDCKUL21UPSAE210,equipment,8742384,construction,,611299,Critical,10/14/2026,10/06/2026,Promatrix DCS,company,68571,459229,Electrical,22228,Construction,218884,Closed,"7735, Line 20",checklist,767590824,Alif Aizat,09/30/2026,2026-10-07T22:41:40.554167+00:00
39282,6457299,CHK-7726-2,"EDCKUL21UPSAE210
Issue: Missing spring washer",EDCKUL21UPSAE210,equipment,8742384,construction,,611299,Critical,10/14/2026,10/06/2026,Eaton ,company,41688,459229,Electrical,22228,Construction,218884,Closed,"7726, Line 20",checklist,767590413,Alif Aizat,09/30/2026,2026-10-07T22:41:40.554167+00:00
39282,6457278,CHK-7726-1,"EDCKUL21UPSAE210
Issue: Terminal block damaged",EDCKUL21UPSAE210,equipment,8742384,construction,,611299,Critical,10/14/2026,10/06/2026,Eaton ,company,41688,459229,Electrical,22228,Construction,218884,Closed,"7726, Line 20",checklist,767590413,Alif Aizat,09/30/2026,2026-10-07T22:41:40.554167+00:00
39282,6457199,CHK-7735-4,"EDCKUL21UPSAF110
Issue: Missing cables tagged",EDCKUL21UPSAF210,equipment,8742386,construction,,611298,Non-Critical,10/14/2026,,Eaton ,company,41688,459229,Electrical,22228,Construction,218881,Open,"7735, Line 20",checklist,767590824,Alif Aizat,09/30/2026,2026-10-07T22:41:40.554167+00:00
39282,6457141,CHK-7735-3,"EDCKUL21UPSAF210
Issue: Signal cable does not dressings properly",EDCKUL21UPSAF210,equipment,8742386,construction,,611299,Critical,10/14/2026,10/07/2026,Promatrix DCS,company,68571,459229,Electrical,22228,Construction,218884,Closed,"7735, Line 20",checklist,767590824,Alif Aizat,09/30/2026,2026-10-07T22:41:40.554167+00:00
39282,6457125,CHK-7732-6,"EDCKUL21UPSAF110
Issue: Signal cable does not dressings properly",EDCKUL21UPSAF110,equipment,8742385,construction,,611299,Critical,10/14/2026,10/06/2026,Eaton ,company,41688,459229,Electrical,22228,Construction,218884,Closed,"7732, Line 20",checklist,767590687,Alif Aizat,09/30/2026,2026-10-07T22:41:40.554167+00:00
39282,6457097,CHK-7663-4,"EDCKUL21UPBAF210
Issue: Missing torque marks",EDCKUL21UPBAF210,equipment,8742371,construction,,611299,Critical,10/14/2026,10/06/2026,Eaton ,company,41688,459229,Electrical,22228,Construction,218884,Closed,"7663, Line 20",checklist,767575826,Alif Aizat,09/30/2026,2026-10-07T22:41:40.554167+00:00
39282,6457094,CHK-7663-3,"EDCKUL21UPBAF210
Issue: Missing cover terminal block DC",EDCKUL21UPBAF210,equipment,8742371,construction,,611299,Critical,10/14/2026,10/06/2026,Eaton ,company,41688,459229,Electrical,22228,Construction,218884,Closed,"7663, Line 20",checklist,767575826,Alif Aizat,09/30/2026,2026-10-07T22:41:40.554167+00:00
39282,6457090,CHK-7663-2,"EDCKUL21UPBAF210
Issue: Missing cover terminal block",EDCKUL21UPBAF210,equipment,8742371,construction,,611299,Critical,10/14/2026,10/06/2026,Eaton ,company,41688,459229,Electrical,22228,Construction,218884,Closed,"7663, Line 20",checklist,767575826,Alif Aizat,09/30/2026,2026-10-07T22:41:40.554167+00:00
39282,6457089,CHK-7663-1,"EDCKUL21UPBAF210
Issue: Pending installation copper busbar",EDCKUL21UPBAF210,equipment,8742371,construction,,611299,Critical,10/14/2026,,Eaton ,company,41688,459229,Electrical,22228,Construction,218881,Open,"7663, Line 20",checklist,767575826,Alif Aizat,09/30/2026,2026-10-07T22:41:40.554167+00:00
39282,6457076,CHK-7660-3,"EDCKUL21UPBAF110
Issue: Missing cover terminal block DC",EDCKUL21UPBAF110,equipment,8742370,construction,,611299,Critical,10/14/2026,10/06/2026,Eaton ,company,41688,459229,Electrical,22228,Construction,218884,Closed,"7660, Line 20",checklist,767575689,Alif Aizat,09/30/2026,2026-10-07T22:41:40.554167+00:00
39282,6457070,CHK-7660-2,"EDCKUL21UPBAF110
Issue: Missing cover terminal block",EDCKUL21UPBAF110,equipment,8742370,construction,,611299,Critical,10/14/2026,10/06/2026,Eaton ,company,41688,459229,Electrical,22228,Construction,218884,Closed,"7660, Line 20",checklist,767575689,Alif Aizat,09/30/2026,2026-10-07T22:41:40.554167+00:00
39282,6457066,CHK-7660-1,"EDCKUL21UPBAF110
Issue: Pending installation copper busbar",EDCKUL21UPBAF110,equipment,8742370,construction,,611299,Critical,10/14/2026,,Eaton ,company,41688,459229,Electrical,22228,Construction,218881,Open,"7660, Line 20",checklist,767575689,Alif Aizat,09/30/2026,2026-10-07T22:41:40.554167+00:00
39282,6456601,CHK-7735-2,"EDCKUL2UPSAF210
Issue: Missing cable tagging",EDCKUL21UPSAF210,equipment,8742386,construction,,611298,Non-Critical,10/14/2026,10/07/2026,Promatrix DCS,company,68571,459229,Electrical,22228,Construction,218884,Closed,"7735, Line 20",checklist,767590824,Alif Aizat,09/30/2026,2026-10-07T22:41:40.554167+00:00
39282,6456551,CHK-7735-1,"EDCKUL21UPSAF210
Issue: missing torque marks",EDCKUL21UPSAF210,equipment,8742386,construction,,611299,Critical,10/14/2026,10/06/2026,Eaton ,company,41688,459229,Electrical,22228,Construction,218884,Closed,"7735, Line 20",checklist,767590824,Alif Aizat,09/30/2026,2026-10-07T22:41:40.554167+00:00
39282,6456547,CHK-7732-5,"EDCKUL21UPSAF110
Issue:
1. Missing spring washer
2. Missing Torque marks",EDCKUL21UPSAF110,equipment,8742385,construction,,611299,Critical,10/14/2026,10/06/2026,Eaton ,company,41688,459229,Electrical,22228,Construction,218884,Closed,"7732, Line 20",checklist,767590687,Alif Aizat,09/30/2026,2026-10-07T22:41:40.554167+00:00
39282,6456515,CHK-7732-4,"EDCKUL21UPSAF110
Issue: Missing grommet rubber",EDCKUL21UPSAF110,equipment,8742385,construction,,611299,Critical,10/14/2026,10/06/2026,Promatrix DCS,company,68571,459229,Electrical,22228,Construction,218884,Closed,"7732, Line 20",checklist,767590687,Alif Aizat,09/30/2026,2026-10-07T22:41:40.554167+00:00
39282,6456493,CHK-7732-3,"EDCKUL21AF110
Issue: Missing torque marks",EDCKUL21UPSAF110,equipment,8742385,construction,,611299,Critical,10/14/2026,10/06/2026,Promatrix DCS,company,68571,459229,Electrical,22228,Construction,218884,Closed,"7732, Line 20",checklist,767590687,Alif Aizat,09/30/2026,2026-10-07T22:41:40.554167+00:00
39282,6456431,CHK-7732-2,"EDCKUL21UPSAF110
Issue: Missing grommet rubber",EDCKUL21UPSAF110,equipment,8742385,construction,,611299,Critical,10/14/2026,10/06/2026,Promatrix DCS,company,68571,459229,Electrical,22228,Construction,218884,Closed,"7732, Line 20",checklist,767590687,Alif Aizat,09/30/2026,2026-10-07T22:41:40.554167+00:00
39282,6456343,CHK-4432-1,"EDCKUL21DPPAZ410
Location: AZ elec room

Issue
Pending new breaker replacement",EDCKUL21DPPAZ410,equipment,8741934,construction,,611299,Critical,10/14/2026,10/02/2026,Eaton ,company,41688,459229,Electrical,22228,Construction,218884,Closed,"4432, Line 31",checklist,448987214,Tarmizi Isa,09/30/2026,2026-10-07T22:41:40.554167+00:00
39282,6456329,CHK-4431-1,"EDCKUL21DPPAZ310
Location: AZ elec room

Issue
Pending new breaker replacement",EDCKUL21DPPAZ310,equipment,8741933,construction,,611299,Critical,10/14/2026,10/02/2026,Eaton ,company,41688,459229,Electrical,22228,Construction,218884,Closed,"4431, Line 31",checklist,448987074,Tarmizi Isa,09/30/2026,2026-10-07T22:41:40.554167+00:00
39282,6456231,CHK-7732-1,"EDCKUL21UPSAF110
Issue:
1. Missing washer installed
2. Missing torque mark",EDCKUL21UPSAF110,equipment,8742385,construction,,611299,Critical,10/14/2026,10/06/2026,Promatrix DCS,company,68571,459229,Electrical,22228,Construction,218884,Closed,"7732, Line 20",checklist,767590687,Alif Aizat,09/30/2026,2026-10-07T22:41:40.554167+00:00
39282,6456099,CHK-7738-4,"EDCKUL21UPSAF310
Issue: Hole need to be closed use grommet rubber",EDCKUL21UPSAF310,equipment,11605026,construction,,611299,Critical,10/14/2026,10/06/2026,Eaton ,company,41688,459229,Electrical,22228,Construction,218884,Closed,"7738, Line 20",checklist,767590961,Alif Aizat,09/30/2026,2026-10-07T22:41:40.554167+00:00
39282,6456084,CHK-7738-3,"EDCKUL21UPSAF310
Issue: 
1. Missing torque mark on DC cable
2. Need to cleaning inside panel",EDCKUL21UPSAF310,equipment,11605026,construction,,611299,Critical,10/14/2026,10/06/2026,Eaton ,company,41688,459229,Electrical,22228,Construction,218884,Closed,"7738, Line 20",checklist,767590961,Alif Aizat,09/30/2026,2026-10-07T22:41:40.554167+00:00
39282,6456053,CHK-7738-2,"EDCKUL21UPSAF310
Issue: Missing cable tagging",EDCKUL21UPSAF310,equipment,11605026,construction,,611298,Non-Critical,10/14/2026,,Eaton ,company,41688,459229,Electrical,22228,Construction,218881,Open,"7738, Line 20",checklist,767590961,Alif Aizat,09/30/2026,2026-10-07T22:41:40.554167+00:00
39282,6456043,CHK-7738-1,"EDCKUL21UPSAF310
Issue: Missing grommet rubber",EDCKUL21UPSAF310,equipment,11605026,construction,,611299,Critical,10/14/2026,10/06/2026,Eaton ,company,41688,459229,Electrical,22228,Construction,218884,Closed,"7738, Line 20",checklist,767590961,Alif Aizat,09/30/2026,2026-10-07T22:41:40.554167+00:00
39282,6436836,CHK-7504-1,"EDCKUL21DSGAF110
Location: 3F AF ROOM

Issue:
BMS unable to capture Trip Alarm for outgoing to EDGKUL21TRNAF110",EDCKUL21DSGAF110,equipment,8741940,construction,,611299,Critical,10/12/2026,,DataSite,company,20829,459229,Electrical,22227,Commissioning,218881,Open,"7504, Line 10",checklist,767539250,Shao Ming Yap,09/28/2026,2026-10-07T22:41:40.554167+00:00
39282,6432420,CHK-7711-1,"EDCKUL21UPBAC310
Location: AC room

Issue:
1. Pending asset ID tagging
2. Pending danger sign
3. Pending Arc flash sticker",EDCKUL21UPSAC310,equipment,11605023,construction,,611298,Non-Critical,10/10/2026,,Eaton ,company,41688,459229,Electrical,22228,Construction,218881,Open,"7711, Line 16",checklist,767589724,Alif Aizat,09/26/2026,2026-10-07T22:41:40.554167+00:00
39282,6432419,CHK-7708-3,"EDCKUL21UPBAC210
Location: AC room

Issue:
1. Pending asset ID tagging
2. Pending danger sign
3. Pending Arc flash sticker",EDCKUL21UPSAC210,equipment,8742380,construction,,611298,Non-Critical,10/10/2026,,Eaton ,company,41688,459229,Electrical,22228,Construction,218881,Open,"7708, Line 16",checklist,767589587,Alif Aizat,09/26/2026,2026-10-07T22:41:40.554167+00:00
39282,6432416,CHK-7702-2,"EDCKUL21UPBAB310
Location: AB room

Issue:
1. Pending asset ID tagging
2. Pending danger sign
3. Pending Arc flash sticker",EDCKUL21UPSAB310,equipment,11605022,construction,,611298,Non-Critical,10/10/2026,,Eaton ,company,41688,459229,Electrical,22228,Construction,218881,Open,"7702, Line 16",checklist,767589313,Alif Aizat,09/26/2026,2026-10-07T22:41:40.554167+00:00
39282,6432415,CHK-7699-3,"EDCKUL21UPBAB210
Location: AB room

Issue:
1. Pending asset ID tagging
2. Pending danger sign
3. Pending Arc flash sticker",EDCKUL21UPSAB210,equipment,8742378,construction,,611298,Non-Critical,10/10/2026,,Eaton ,company,41688,459229,Electrical,22228,Construction,218881,Open,"7699, Line 16",checklist,767589176,Alif Aizat,09/26/2026,2026-10-07T22:41:40.554167+00:00
39282,6432411,CHK-7696-2,"EDCKUL21UPSAB110
Location: AB room

Issue:
1. Pending asset ID tagging
2. Pending danger sign
3. Pending Arc flash sticker",EDCKUL21UPSAB110,equipment,8742377,construction,,611298,Non-Critical,10/10/2026,,Eaton ,company,41688,459229,Electrical,22228,Construction,218881,Open,"7696, Line 16",checklist,767589039,Alif Aizat,09/26/2026,2026-10-07T22:41:40.554167+00:00
39282,6432410,CHK-7639-1,"EDCKUL21UPBAC210
Location: AC room

Issue:
1. Pending asset ID tagging
2. Pending danger sign
3. Pending Arc flash sticker",EDCKUL21UPBAC310,equipment,11605014,construction,,611298,Non-Critical,10/10/2026,,,,,459229,Electrical,22228,Construction,218881,Open,"7639, Line 16",checklist,767574726,Alif Aizat,09/26/2026,2026-10-07T22:41:40.554167+00:00
39282,6432408,CHK-7636-1,"EDCKUL21UPBA210
Location: AC room

Issue:
1. Pending asset ID tagging
2. Pending danger sign
3. Pending Arc flash sticker",EDCKUL21UPBAC210,equipment,8742365,construction,,611298,Non-Critical,10/10/2026,,Eaton ,company,41688,459229,Electrical,22228,Construction,218881,Open,"7636, Line 16",checklist,767574589,Alif Aizat,09/26/2026,2026-10-07T22:41:40.554167+00:00
39282,6432407,CHK-7633-1,"EDCKUL21UPBAC110
Location: AC room

Issue:
1. Pending asset ID tagging
2. Pending danger sign
3. Pending Arc flash sticker",EDCKUL21UPBAC110,equipment,8742364,construction,,611298,Non-Critical,10/10/2026,,Eaton ,company,41688,459229,Electrical,22228,Construction,218881,Open,"7633, Line 16",checklist,767574452,Alif Aizat,09/26/2026,2026-10-07T22:41:40.554167+00:00
39282,6432404,CHK-7630-1,"EDCKUL21UPBAB310
Location: AB room

Issue:
1. Pending asset ID tagging
2. Pending danger sign
3. Pending Arc flash sticker",EDCKUL21UPBAB310,equipment,11605013,construction,,611298,Non-Critical,10/10/2026,,Eaton ,company,41688,459229,Electrical,22228,Construction,218881,Open,"7630, Line 16",checklist,767574315,Alif Aizat,09/26/2026,2026-10-07T22:41:40.554167+00:00
39282,6432403,CHK-7627-2,"EDCKUL21UPBAB210
Location: AB room

Issue:
1. Pending asset ID tagging
2. Pending danger sign
3. Pending Arc flash sticker",EDCKUL21UPBAB210,equipment,8742361,construction,,611298,Non-Critical,10/10/2026,,Eaton ,company,41688,459229,Electrical,22228,Construction,218881,Open,"7627, Line 16",checklist,767574178,Alif Aizat,09/26/2026,2026-10-07T22:41:40.554167+00:00
39282,6432401,CHK-7624-2,"EDCKUL21UPBAB110
Location: AB room

Issue:
1. Pending asset ID tagging
2. Pending danger sign
3. Pending Arc flash sticker",EDCKUL21UPBAB110,equipment,8742360,construction,,611298,Non-Critical,10/10/2026,,Eaton ,company,41688,459229,Electrical,22228,Construction,218881,Open,"7624, Line 16",checklist,767574041,Alif Aizat,09/26/2026,2026-10-07T22:41:40.554167+00:00
39282,6432399,CHK-7705-1,"EDCKUL21UPSAC110
Location: AC room

Issue:
1. Pending asset ID tagging
2. Pending danger sign
3. Pending Arc flash sticker",EDCKUL21UPSAC110,equipment,8742379,construction,,611298,Non-Critical,10/10/2026,,Eaton ,company,41688,459229,Electrical,22228,Construction,218881,Open,"7705, Line 16",checklist,767589450,Alif Aizat,09/26/2026,2026-10-07T22:41:40.554167+00:00
39282,6432396,CHK-7693-5,"EDCKUL21UPSAA310
Location: AA room

Issue:
1. Pending asset ID tagging
2. Pending danger sign
3. Pending Arc flash sticker",EDCKUL21UPSAA310,equipment,11605021,construction,,611298,Non-Critical,10/10/2026,,Eaton ,company,41688,459229,Electrical,,,218881,Open,"7693, Line 16",checklist,767588902,Alif Aizat,09/26/2026,2026-10-07T22:41:40.554167+00:00
39282,6432394,CHK-7690-3,"EDCKUL21UPSAA210
Location: AA room

Issue:
1. Pending asset ID tagging
2. Pending danger sign
3. Pending Arc flash sticker",EDCKUL21UPSAA210,equipment,8742376,construction,,611298,Non-Critical,10/10/2026,,Eaton ,company,41688,459229,Electrical,22228,Construction,218881,Open,"7690, Line 16",checklist,767588765,Alif Aizat,09/26/2026,2026-10-07T22:41:40.554167+00:00
39282,6432393,CHK-7687-5,"EDCKUL21UPSAA110
Location: AA room

Issue:
1. Pending asset ID tagging
2. Pending danger sign
3. Pending Arc flash sticker",EDCKUL21UPSAA110,equipment,8742375,construction,,611298,Non-Critical,10/10/2026,,Eaton ,company,41688,459229,Electrical,22228,Construction,218881,Open,"7687, Line 16",checklist,767588628,Alif Aizat,09/26/2026,2026-10-07T22:41:40.554167+00:00
39282,6432391,CHK-7621-1,"EDCKUL21UPBAA310
Location: AA room

Issue:
1. Pending asset ID tagging
2. Pending danger sign
3. Pending Arc flash sticker",EDCKUL21UPBAA310,equipment,11605012,construction,,611298,Non-Critical,10/10/2026,,Eaton ,company,41688,459229,Electrical,22228,Construction,218881,Open,"7621, Line 16",checklist,767573904,Alif Aizat,09/26/2026,2026-10-07T22:41:40.554167+00:00
39282,6432390,CHK-7618-2,"EDCKUL21UPBAA210
Location: AA room

Issue:
1. Pending asset ID tagging
2. Pending danger sign
3. Pending Arc flash sticker",EDCKUL21UPBAA210,equipment,8742363,construction,,611298,Non-Critical,10/10/2026,,Eaton ,company,41688,459229,Electrical,22228,Construction,218881,Open,"7618, Line 16",checklist,767573767,Alif Aizat,09/26/2026,2026-10-07T22:41:40.554167+00:00
39282,6432385,CHK-7615-2,"EDCKUL21UPBAA110
Location: AA room

Issue:
1. Pending asset ID tagging
2. Pending danger sign
3. Pending Arc flash sticker",EDCKUL21UPBAA110,equipment,8742362,construction,,611298,Non-Critical,10/10/2026,,Eaton ,company,41688,459229,Electrical,22227,Commissioning,218881,Open,"7615, Line 16",checklist,767573630,Alif Aizat,09/26/2026,2026-10-07T22:41:40.554167+00:00
39282,6419585,CHK-7708-2,"EDCKUL21UPSAC210
Issue: washer different type",EDCKUL21UPSAC210,equipment,8742380,construction,,611299,Critical,10/08/2026,09/28/2026,Promatrix DCS,company,68571,459229,Electrical,22228,Construction,218884,Closed,"7708, Line 20",checklist,767589591,Alif Aizat,09/24/2026,2026-10-07T22:41:40.554167+00:00
39282,6419538,CHK-7708-1,"EDCKUL21UPSAC210
Issue: signal cable pending installation",EDCKUL21UPSAC210,equipment,8742380,construction,,611299,Critical,10/08/2026,09/29/2026,Eaton ,company,41688,459229,Electrical,22228,Construction,218884,Closed,"7708, Line 20",checklist,767589591,Alif Aizat,09/24/2026,2026-10-07T22:41:40.554167+00:00
39282,6419475,CHK-7699-2,"EDCKUL21UPSAB210
Location: AB
Issue: Conduit L box damaged for signal cable",EDCKUL21UPSAB210,equipment,8742378,construction,,611299,Critical,10/08/2026,09/28/2026,Promatrix DCS,company,68571,459229,Electrical,22228,Construction,218884,Closed,"7699, Line 20",checklist,767589180,Alif Aizat,09/24/2026,2026-10-07T22:41:40.554167+00:00
39282,6419421,CHK-7702-1,"EDCKUL21UPSAB310
Location: AB
Issue: Neutral cable short to ground",EDCKUL21UPSAB310,equipment,11605022,construction,,611299,Critical,10/08/2026,09/28/2026,Promatrix DCS,company,68571,459229,Electrical,22228,Construction,218884,Closed,"7702, Line 20",checklist,767589317,Alif Aizat,09/24/2026,2026-10-07T22:41:40.554167+00:00
39282,6419337,CHK-7627-1,"EDCKUL21UPBAB210
Location AB
Issue: Missing cover terminals block",EDCKUL21UPBAB210,equipment,8742361,construction,,611299,Critical,10/08/2026,09/26/2026,Eaton ,company,41688,459229,Electrical,22228,Construction,218884,Closed,"7627, Line 20",checklist,767574182,Alif Aizat,09/24/2026,2026-10-07T22:41:40.554167+00:00
39282,6419146,CHK-7699-1,"EDCKUL21UPSAB210
Location: AB
Issue: Spring washer damaged and washer different type",EDCKUL21UPSAB210,equipment,8742378,construction,,611299,Critical,10/08/2026,09/28/2026,Promatrix DCS,company,68571,459229,Electrical,22228,Construction,218884,Closed,"7699, Line 20",checklist,767589180,Alif Aizat,09/24/2026,2026-10-07T22:41:40.554167+00:00
39282,6419004,CHK-7696-1,"EDCKUL21UPSAB210
Location: AB
Issue: Washer installed are different type",EDCKUL21UPSAB110,equipment,8742377,construction,,611299,Critical,10/08/2026,09/28/2026,Promatrix DCS,company,68571,459229,Electrical,22228,Construction,218884,Closed,"7696, Line 20",checklist,767589043,Alif Aizat,09/24/2026,2026-10-07T22:41:40.554167+00:00
39282,6418779,CHK-7615-1,"EDCKUL21UPSAA310
Location: AA
Issue: Missing torque mark",EDCKUL21UPBAA110,equipment,8742362,construction,,611299,Critical,10/08/2026,09/26/2026,Eaton ,company,41688,459229,Electrical,22228,Construction,218884,Closed,"7615, Line 20",checklist,767573634,Alif Aizat,09/24/2026,2026-10-07T22:41:40.554167+00:00
39282,6418735,CHK-7618-1,"EDCKUL21UPBAA210
Location: AA
Issue: Missing torque mark",EDCKUL21UPBAA210,equipment,8742363,construction,,611299,Critical,10/08/2026,09/26/2026,Eaton ,company,41688,459229,Electrical,22228,Construction,218884,Closed,"7618, Line 20",checklist,767573771,Alif Aizat,09/24/2026,2026-10-07T22:41:40.554167+00:00
39282,6418608,CHK-7624-1,"EDCKUL21UPBAA310
Location: AA
Issue: Missing torque mark",EDCKUL21UPBAB110,equipment,8742360,construction,,611299,Critical,10/08/2026,09/26/2026,Eaton ,company,41688,459229,Electrical,22228,Construction,218884,Closed,"7624, Line 20",checklist,767574045,Alif Aizat,09/24/2026,2026-10-07T22:41:40.554167+00:00
39282,6418595,CHK-7693-4,"EDCKUL21UPSAA310
Location: AA
Issue: 
1. Gland cable does not properly 
2. Top gland plate need to be proper closed",EDCKUL21UPSAA310,equipment,11605021,construction,,611299,Critical,10/08/2026,09/26/2026,Promatrix DCS,company,68571,459232,Controls,22228,Construction,218884,Closed,"7693, Line 20",checklist,767588906,Alif Aizat,09/24/2026,2026-10-07T22:41:40.554167+00:00
39282,6418474,CHK-7693-3,"EDCKUL21UPSAA310
Location: AA
Issue: 
1. Missing conduit copper bush
2. Top gland plate need to be proper closed",EDCKUL21UPSAA310,equipment,11605021,construction,,611299,Critical,10/08/2026,09/26/2026,Promatrix DCS,company,68571,459229,Electrical,22228,Construction,218884,Closed,"7693, Line 20",checklist,767588906,Alif Aizat,09/24/2026,2026-10-07T22:41:40.554167+00:00
39282,6418434,CHK-7693-2,"EDCKUL21UPSAA310
Location: AA
Issue: Missing rubber grommet",EDCKUL21UPSAA310,equipment,11605021,construction,,611299,Critical,10/08/2026,09/29/2026,Promatrix DCS,company,68571,459229,Electrical,22228,Construction,218884,Closed,"7693, Line 20",checklist,767588906,Alif Aizat,09/24/2026,2026-10-07T22:41:40.554167+00:00
39282,6418420,CHK-7693-1,"EDCKUL21UPSAA310
Location: AA
Issue: Neutral cable short to ground",EDCKUL21UPSAA310,equipment,11605021,construction,,611299,Critical,10/08/2026,09/26/2026,Promatrix DCS,company,68571,459229,Electrical,22228,Construction,218884,Closed,"7693, Line 20",checklist,767588906,Alif Aizat,09/24/2026,2026-10-07T22:41:40.554167+00:00
39282,6418407,CHK-7690-2,"EDCKUL21UPSAA210
Location: AA
Issue: Cable tie does not install",EDCKUL21UPSAA210,equipment,8742376,construction,,611299,Critical,10/08/2026,09/26/2026,Promatrix DCS,company,68571,459229,Electrical,22228,Construction,218884,Closed,"7690, Line 20",checklist,767588769,Alif Aizat,09/24/2026,2026-10-07T22:41:40.554167+00:00
39282,6418385,CHK-7687-4,"EDCKUL21UPSAA110
Location: AA
Issue: cables tie damaged",EDCKUL21UPSAA110,equipment,8742375,construction,,611299,Critical,10/08/2026,09/26/2026,Promatrix DCS,company,68571,459229,Electrical,22228,Construction,218884,Closed,"7687, Line 20",checklist,767588632,Alif Aizat,09/24/2026,2026-10-07T22:41:40.554167+00:00
39282,6418370,CHK-7687-3,"EDCKUL21UPSAA110
Location: AA
Issue: Missing copper bush",EDCKUL21UPSAA110,equipment,8742375,construction,,611299,Critical,10/08/2026,09/26/2026,Promatrix DCS,company,68571,459229,Electrical,22228,Construction,218884,Closed,"7687, Line 20",checklist,767588632,Alif Aizat,09/24/2026,2026-10-07T22:41:40.554167+00:00
39282,6418313,CHK-7687-2,"EDCKUL21UPSAA110
Location: AA
Issue: Spiral does not install properly",EDCKUL21UPSAA110,equipment,8742375,construction,,611299,Critical,10/08/2026,09/26/2026,Promatrix DCS,company,68571,459229,Electrical,22228,Construction,218884,Closed,"7687, Line 20",checklist,767588632,Alif Aizat,09/24/2026,2026-10-07T22:41:40.554167+00:00
39282,6418287,CHK-7690-1,"EDCKUL21UPSAA210
Location: AA
Issue: Screw back cover loose does not properly tighten",EDCKUL21UPSAA210,equipment,8742376,construction,,611298,Non-Critical,10/08/2026,09/26/2026,Eaton ,company,41688,459229,Electrical,22228,Construction,218884,Closed,"7690, Line 31",checklist,767588780,Alif Aizat,09/24/2026,2026-10-07T22:41:40.554167+00:00
39282,6418273,CHK-7687-1,"EDCKUL21UPSAA110
Location: AA
Issue: Screw back cover loose does not properly tighten",EDCKUL21UPSAA110,equipment,8742375,construction,,611298,Non-Critical,10/08/2026,09/26/2026,Eaton ,company,41688,459229,Electrical,22228,Construction,218884,Closed,"7687, Line 31",checklist,767588643,Alif Aizat,09/24/2026,2026-10-07T22:41:40.554167+00:00
39282,6417413,CHK-6748-1,"EDCKUL21ACS02210
Location: 2F - OCI MMR 1
Issue:
1- Equipment tagging not install",EDCKUL21ACS02210,equipment,8742508,construction,,611298,Non-Critical,10/08/2026,,Promatrix DCS,company,68571,459236,Mechanical,22228,Construction,218881,Open,6748,checklist,25157777,Azrul Firdaus Ramli,09/24/2026,2026-10-07T22:41:40.554167+00:00
39282,6417307,CHK-6858-1,"EDCKUL21ACS02130
Location: 3F - EU Pantry
Issue:
1- Equipment tagging not install",EDCKUL21ACS02130,equipment,8742525,construction,,611298,Non-Critical,10/08/2026,,Promatrix DCS,company,68571,459236,Mechanical,22228,Construction,218881,Open,6858,checklist,25157900,Azrul Firdaus Ramli,09/24/2026,2026-10-07T22:41:40.554167+00:00
39282,6417277,CHK-6856-1,"EDCKUL21ACS02110
Location: 3F - EU Open Office
Issue:
1- Equipment tagging not install",EDCKUL21ACS02110,equipment,8742523,construction,,611298,Non-Critical,10/08/2026,,Promatrix DCS,company,68571,459236,Mechanical,22228,Construction,218881,Open,6856,checklist,25157898,Azrul Firdaus Ramli,09/24/2026,2026-10-07T22:41:40.554167+00:00
39282,6417270,CHK-6857-1,"EDCKUL21ACS02120
Location: 3F - EU Open Office
Issue:
1- Equipment tagging not install",EDCKUL21ACS02120,equipment,8742524,construction,,611298,Non-Critical,10/08/2026,,Promatrix DCS,company,68571,459236,Mechanical,22228,Construction,218881,Open,6857,checklist,25157899,Azrul Firdaus Ramli,09/24/2026,2026-10-07T22:41:40.554167+00:00
39282,6417259,CHK-6855-1,"EDCKUL21ACS02080
Location: 3F - Office Corridor
Issue:
1- Equipment tagging not install",EDCKUL21ACS02080,equipment,8742521,construction,,611298,Non-Critical,10/08/2026,,Promatrix DCS,company,68571,459236,Mechanical,22228,Construction,218881,Open,6855,checklist,25157897,Azrul Firdaus Ramli,09/24/2026,2026-10-07T22:41:40.554167+00:00
39282,6417255,CHK-6854-1,"EDCKUL21ACS02070
Location: 3F - Office Corridor
Issue:
1- Equipment tagging not install",EDCKUL21ACS02070,equipment,8742520,construction,,611298,Non-Critical,10/08/2026,,Promatrix DCS,company,68571,459236,Mechanical,22228,Construction,218881,Open,6854,checklist,25157896,Azrul Firdaus Ramli,09/24/2026,2026-10-07T22:41:40.554167+00:00
39282,6417245,CHK-6853-1,"EDCKUL21ACS02060
Location: 3F - Freight Lift Lobby
Issue:
1- Equipment tagging not install",EDCKUL21ACS02060,equipment,8742519,construction,,611298,Non-Critical,10/08/2026,,Promatrix DCS,company,68571,459236,Mechanical,22228,Construction,218881,Open,6853,checklist,25157895,Azrul Firdaus Ramli,09/24/2026,2026-10-07T22:41:40.554167+00:00
39282,6417233,CHK-6852-1,"EDCKUL21ACS02050
Location: 3F - EU Storage
Issue:
1- Equipment tagging not install",EDCKUL21ACS02050,equipment,8742518,construction,,611298,Non-Critical,10/08/2026,,Promatrix DCS,company,68571,459236,Mechanical,22228,Construction,218881,Open,6852,checklist,25157894,Azrul Firdaus Ramli,09/24/2026,2026-10-07T22:41:40.554167+00:00
39282,6417222,CHK-6851-1,"EDCKUL21ACS02040
Location: 3F - EU Storage
Issue:
1- Equipment tagging not install",EDCKUL21ACS02040,equipment,8742517,construction,,611298,Non-Critical,10/08/2026,,Promatrix DCS,company,68571,459236,Mechanical,22228,Construction,218881,Open,6851,checklist,25157893,Azrul Firdaus Ramli,09/24/2026,2026-10-07T22:41:40.554167+00:00
39282,6417214,CHK-6850-1,"EDCKUL21ACS02030
Location: 3F - EU Storage
Issue:
1- Equipment tagging not install",EDCKUL21ACS02030,equipment,8742516,construction,,611298,Non-Critical,10/08/2026,,Promatrix DCS,company,68571,459236,Mechanical,22228,Construction,218881,Open,6850,checklist,25157892,Azrul Firdaus Ramli,09/24/2026,2026-10-07T22:41:40.554167+00:00
39282,6417124,CHK-6835-1,"EDCKUL21ACS00930
Location: 2F - EU Meeting Room
Issue:
1- Equipment tagging not install",EDCKUL21ACS01590,equipment,8742475,construction,,611298,Non-Critical,10/08/2026,,Promatrix DCS,company,68571,459236,Mechanical,22228,Construction,218881,Open,6835,checklist,25157877,Azrul Firdaus Ramli,09/24/2026,2026-10-07T22:41:40.554167+00:00
39282,6417044,CHK-6833-1,"EDCKUL21ACS01570
Location: 2F - EU Storage
Issue:
1- Equipment tagging not install",EDCKUL21ACS01570,equipment,8742473,construction,,611298,Non-Critical,10/08/2026,,Promatrix DCS,company,68571,459236,Mechanical,22228,Construction,218881,Open,6833,checklist,25157875,Azrul Firdaus Ramli,09/24/2026,2026-10-07T22:41:40.554167+00:00
39282,6382254,CHK-6816-1,"EDCKUL21VRF02500
Location: Roof

Issue:
Missing torque mark at cable termination.",EDCKUL21VRF02500,equipment,11605276,construction,,611298,Non-Critical,10/05/2026,,Promatrix DCS,company,68571,459229,Electrical,22228,Construction,218881,Open,"6816, Line 21",checklist,765514855,Nadhirah Mazlan,09/21/2026,2026-10-07T22:41:40.554167+00:00
39282,6382253,CHK-6814-1,"EDCKUL21VRF02400
Location: Roof

Issue:
Missing torque mark at cable termination.",EDCKUL21VRF02400,equipment,11605275,construction,,611298,Non-Critical,10/05/2026,,Promatrix DCS,company,68571,459229,Electrical,22228,Construction,218881,Open,"6814, Line 21",checklist,765514753,Nadhirah Mazlan,09/21/2026,2026-10-07T22:41:40.554167+00:00
39282,6382251,CHK-6812-1,"EDCKUL21VRF02300
Location: Roof

Issue:
Missing torque mark at cable termination.",EDCKUL21VRF02300,equipment,11605274,construction,,611298,Non-Critical,10/05/2026,,Promatrix DCS,company,68571,459229,Electrical,22228,Construction,218881,Open,"6812, Line 21",checklist,765514651,Nadhirah Mazlan,09/21/2026,2026-10-07T22:41:40.554167+00:00
39282,6382249,CHK-6818-1,"EDCKUL21VRF02200
Location: Roof

Issue:
Missing torque mark at cable termination.",EDCKUL21VRF02200,equipment,11605277,construction,,611298,Non-Critical,10/05/2026,,Promatrix DCS,company,68571,459229,Electrical,22228,Construction,218881,Open,"6818, Line 21",checklist,765514957,Nadhirah Mazlan,09/21/2026,2026-10-07T22:41:40.554167+00:00
39282,6314929,CHK-6966-2,"EDCKUL21CHLA0100 (all CHLs)
Location: ROOF

Issue:
To install permanent label",EDCKUL21CHLA0100,equipment,8741798,construction,,611298,Non-Critical,09/29/2026,,Smardt,company,70452,459236,Mechanical,,,218881,Open,"6966, Line 15",checklist,765522239,Tyler Beaver,09/15/2026,2026-10-07T22:41:40.554167+00:00
39282,6314925,CHK-6966-1,"EDCKUL21CHLA0100
Location: ROOF

Issue:
Insulation at supply piping needs to be re-installed",EDCKUL21CHLA0100,equipment,8741798,construction,,611298,Non-Critical,09/29/2026,,Tyler Beaver,person,113464,459236,Mechanical,,,218881,Open,"6966, Line 24",checklist,765522248,Tyler Beaver,09/15/2026,2026-10-07T22:41:40.554167+00:00
39282,6307288,CHK-7300-1,"EDCKUL21CRAA1600
Location: STS ROOM AA

Issue:
No FAT report",EDCKUL21CRAA1600,equipment,11604974,construction,,611298,Non-Critical,09/28/2026,09/22/2026,Stulz,company,68568,459236,Mechanical,,,218884,Closed,"7300, Line 9",checklist,767362373,Tyler Beaver,09/14/2026,2026-10-07T22:41:40.554167+00:00
39282,6307178,CHK-7149-1,"EDCKUL21
ALL CDUs

Issue:
To submit FAT report",EDCKUL21CDUA010A,equipment,11604947,construction,,611298,Non-Critical,09/28/2026,,Vertiv,company,22557,459236,Mechanical,,,218881,Open,"7149, Line 9",checklist,765535238,Tyler Beaver,09/14/2026,2026-10-07T22:41:40.554167+00:00
39282,6274130,CHK-7985-1,"EDCKUL21BSWAZ100
EDCKUL21BSWAZ200
EDCKUL21BSWAZ300
Location: Electrical room AZ
Issue: Pending asset ID tagging",EDCKUL21BSWAZ100,equipment,12548272,construction,,611298,Non-Critical,09/21/2026,,Promatrix DCS,company,68571,459229,Electrical,,,218881,Open,"7985, Line 16",checklist,780921095,Alif Aizat,09/07/2026,2026-10-07T22:41:40.554167+00:00
39282,6274128,CHK-8123-1,"EDCKUL21BSWAH100
EDCKUL21BSWAH200
Location: Electrical room AH
Issue: Pending asset ID tagging",EDCKUL21BSWAH100,equipment,13594084,construction,,611298,Non-Critical,09/21/2026,,Promatrix DCS,company,68571,459229,Electrical,,,218881,Open,"8123, Line 16",checklist,899708391,Alif Aizat,09/07/2026,2026-10-07T22:41:40.554167+00:00
39282,6274124,CHK-7961-1,"EDCKUL21BSWAF100
EDCKUL21BSWAF200
EDCKUL21BSWAF300
Location: Electrical room AF
Issue: Pending asset ID tagging",EDCKUL21BSWAF100,equipment,12548319,construction,,611298,Non-Critical,09/21/2026,,Promatrix DCS,company,68571,459229,Electrical,,,218881,Open,"7961, Line 16",checklist,780919791,Alif Aizat,09/07/2026,2026-10-07T22:41:40.554167+00:00
39282,6274121,CHK-7934-1,"EDCKUL21BSWAE100
EDCKUL21BSWAE200
EDCKUL21BSWAE300
Location: Electrical room AE
Issue: Pending asset ID tagging",EDCKUL21BSWAE100,equipment,12548316,construction,,611298,Non-Critical,09/21/2026,,Promatrix DCS,company,68571,459229,Electrical,,,218881,Open,"7934, Line 16",checklist,780918558,Alif Aizat,09/07/2026,2026-10-07T22:41:40.554167+00:00
39282,6274117,CHK-7910-1,"EDCKUL21BSWAD100
EDCKUL21BSWAD200
EDCKUL21BSWAD300
Location: Electrical room AD
Issue: Pending asset ID tagging",EDCKUL21BSWAD100,equipment,12548313,construction,,611298,Non-Critical,09/21/2026,,Promatrix DCS,company,68571,459229,Electrical,,,218881,Open,"7910, Line 16",checklist,780917462,Alif Aizat,09/07/2026,2026-10-07T22:41:40.554167+00:00
39282,6274115,CHK-7886-1,"EDCKUL21BSWAC100
EDCKUL21BSWAC200
EDCKUL21BSWAC300
Location: Electrical room AC
Issue: Pending asset ID tagging",EDCKUL21BSWAC100,equipment,12548310,construction,,611298,Non-Critical,09/21/2026,,Promatrix DCS,company,68571,459229,Electrical,,,218881,Open,"7886, Line 16",checklist,780916366,Alif Aizat,09/07/2026,2026-10-07T22:41:40.554167+00:00
39282,6274112,CHK-7859-1,"EDCKUL21BSWAB100
EDCKUL21BSWAB200
EDCKUL21BSWAB300
Location: Electrical room AB
Issue: Pending asset ID tagging",EDCKUL21BSWAB100,equipment,12548307,construction,,611298,Non-Critical,09/21/2026,,Promatrix DCS,company,68571,459229,Electrical,,,218881,Open,"7859, Line 16",checklist,780915133,Alif Aizat,09/07/2026,2026-10-07T22:41:40.554167+00:00
39282,6274108,CHK-7835-1,"EDCKUL21BSWAA100
EDCKUL21BSWAA200
EDCKUL21BSWAA300
Location: Electrical room AA
Issue: Pending asset ID tagging",EDCKUL21BSWAA100,equipment,12548304,construction,,611298,Non-Critical,09/21/2026,,Promatrix DCS,company,68571,459229,Electrical,,,218881,Open,"7835, Line 16",checklist,780914037,Alif Aizat,09/07/2026,2026-10-07T22:41:40.554167+00:00
39282,6274101,CHK-7832-2,"EDCKUL21BSW00100
Location: Electrical room T1/T2
Issue: Pending asset ID tagging",EDCKUL21BSW00100,equipment,12548274,construction,,611298,Non-Critical,09/21/2026,,Promatrix DCS,company,68571,459229,Electrical,,,218881,Open,"7832, Line 16",checklist,780913900,Alif Aizat,09/07/2026,2026-10-07T22:41:40.554167+00:00
39282,6272191,CHK-7832-1,"EDCKUL21BSW00100
Location: Electrical room T1 AE/AD/AZ

Issue: 
1. TOB cover does not close properly.
2. Busduct flash end missing bolt and nut",EDCKUL21BSW00100,equipment,12548274,construction,,611299,Critical,09/21/2026,09/07/2026,Promatrix DCS,company,68571,459229,Electrical,,,218884,Closed,"7832, Line 20",checklist,780913904,Alif Aizat,09/07/2026,2026-10-07T22:41:40.554167+00:00
39282,6272007,CHK-4528-1,"EDCKUL21MDPAH710
Location: AH elect room

Issue
Pending update outgoing label on cover panel",EDCKUL21MDPAH710,equipment,8742019,construction,,611298,Non-Critical,09/21/2026,,,,,459229,Electrical,22228,Construction,218881,Open,"4528, Line 21",checklist,448995507,Tarmizi Isa,09/07/2026,2026-10-07T22:41:40.554167+00:00
39282,6265351,CHK-8098-2,"EDCKUL21PLCA0100
Location: STS room AD
Issue: HMI displays damaged",EDCKUL21PLCA0100,equipment,13193498,construction,,611299,Critical,09/18/2026,,Vertiv,company,22557,459229,Electrical,,,218881,Open,"8098, Line 15",checklist,850955307,Alif Aizat,09/04/2026,2026-10-07T22:41:40.554167+00:00
39282,6265345,CHK-8098-1,"EDCKUL21PLCA0100
Location: STS room AD
Issue: Pending FAT reports",EDCKUL21PLCA0100,equipment,13193498,construction,,611298,Non-Critical,09/18/2026,,Vertiv,company,22557,459229,Electrical,,,218881,Open,"8098, Line 9",checklist,850955300,Alif Aizat,09/04/2026,2026-10-07T22:41:40.554167+00:00
39282,6264291,CHK-5939-4,"EDCKUL21MBCAC210
Location: AC elect room

Issue
Pending cable termination for CHL Pump",EDCKUL21MBCAC210,equipment,11604987,construction,,611298,Non-Critical,09/18/2026,09/28/2026,Promatrix DCS,company,68571,459229,Electrical,22228,Construction,218884,Closed,"5939, Line 25",checklist,693555448,Tarmizi Isa,09/04/2026,2026-10-07T22:41:40.554167+00:00
39282,6264289,CHK-5939-3,"EDCKUL21MBCAC210
Location: AC elect room

Issue
Pending cable termination for fireman switch",EDCKUL21MBCAC210,equipment,11604987,construction,,611298,Non-Critical,09/18/2026,,Promatrix DCS,company,68571,459229,Electrical,22228,Construction,218881,Open,"5939, Line 25",checklist,693555448,Tarmizi Isa,09/04/2026,2026-10-07T22:41:40.554167+00:00
39282,6264287,CHK-5939-2,"EDCKUL21MBCAC210
Location: AC elect room

Issue
Pending cable termination for CDU",EDCKUL21MBCAC210,equipment,11604987,construction,,611298,Non-Critical,09/18/2026,,Promatrix DCS,company,68571,459229,Electrical,22228,Construction,218881,Open,"5939, Line 25",checklist,693555448,Tarmizi Isa,09/04/2026,2026-10-07T22:41:40.554167+00:00
39282,6264283,CHK-5939-1,"EDCKUL21MBCAC210
Location: AC elect room

Issue
Pending cable termination for FWU",EDCKUL21MBCAC210,equipment,11604987,construction,,611298,Non-Critical,09/18/2026,10/07/2026,Promatrix DCS,company,68571,459229,Electrical,22228,Construction,218884,Closed,"5939, Line 25",checklist,693555448,Tarmizi Isa,09/04/2026,2026-10-07T22:41:40.554167+00:00
39282,6264281,CHK-5936-4,"EDCKUL21MBCAB210
Location: AB elect room

Issue
Pending cable termination for CHL pump",EDCKUL21MBCAB210,equipment,11604986,construction,,611298,Non-Critical,09/18/2026,09/28/2026,Promatrix DCS,company,68571,459229,Electrical,22228,Construction,218884,Closed,"5936, Line 25",checklist,693555305,Tarmizi Isa,09/04/2026,2026-10-07T22:41:40.554167+00:00
39282,6264279,CHK-5936-3,"EDCKUL21MBCAB210
Location: AB elect room

Issue
Pending cable termination for fireman switch",EDCKUL21MBCAB210,equipment,11604986,construction,,611298,Non-Critical,09/18/2026,,Promatrix DCS,company,68571,459229,Electrical,22228,Construction,218881,Open,"5936, Line 25",checklist,693555305,Tarmizi Isa,09/04/2026,2026-10-07T22:41:40.554167+00:00
39282,6264277,CHK-5936-2,"EDCKUL21MBCAB210
Location: AB elect room

Issue
Pending cable termination for CDU",EDCKUL21MBCAB210,equipment,11604986,construction,,611298,Non-Critical,09/18/2026,,Promatrix DCS,company,68571,459229,Electrical,22228,Construction,218881,Open,"5936, Line 25",checklist,693555305,Tarmizi Isa,09/04/2026,2026-10-07T22:41:40.554167+00:00
39282,6264276,CHK-5936-1,"EDCKUL21MBCAB210
Location: AB elect room

Issue
Pending cable termination for FWU",EDCKUL21MBCAB210,equipment,11604986,construction,,611298,Non-Critical,09/18/2026,10/07/2026,Promatrix DCS,company,68571,459229,Electrical,22228,Construction,218884,Closed,"5936, Line 25",checklist,693555305,Tarmizi Isa,09/04/2026,2026-10-07T22:41:40.554167+00:00
39282,6264273,CHK-5933-3,"EDCKUL21MBCAA210
Location: AA elect room

Issue
Pending cable termination for fireman switch",EDCKUL21MBCAA210,equipment,11604985,construction,,611298,Non-Critical,09/18/2026,,Promatrix DCS,company,68571,459229,Electrical,22228,Construction,218881,Open,"5933, Line 25",checklist,693555162,Tarmizi Isa,09/04/2026,2026-10-07T22:41:40.554167+00:00
39282,6264271,CHK-5933-2,"EDCKUL21MBCAA210
Location: AA elect room

Issue
Pending cable termination for CDU",EDCKUL21MBCAA210,equipment,11604985,construction,,611298,Non-Critical,09/18/2026,,Promatrix DCS,company,68571,459229,Electrical,22228,Construction,218881,Open,"5933, Line 25",checklist,693555162,Tarmizi Isa,09/04/2026,2026-10-07T22:41:40.554167+00:00
39282,6264270,CHK-5933-1,"EDCKUL21MBCAA210
Location: AA elect room

Issue
Pending cable termination for FWU",EDCKUL21MBCAA210,equipment,11604985,construction,,611298,Non-Critical,09/18/2026,10/07/2026,Promatrix DCS,company,68571,459229,Electrical,22228,Construction,218884,Closed,"5933, Line 25",checklist,693555162,Tarmizi Isa,09/04/2026,2026-10-07T22:41:40.554167+00:00
39282,6258670,CHK-7164-2,"EDCKUL21CDUA060A
Location: MECH A2

Issue
Loose insulation",EDCKUL21CDUA060A,equipment,11604952,construction,,611298,Non-Critical,09/17/2026,,Vertiv,company,22557,459236,Mechanical,,,218881,Open,"7164, Line 15",checklist,765535930,Tyler Beaver,09/03/2026,2026-10-07T22:41:40.554167+00:00
39282,6258665,CHK-7164-1,"EDCKUL21CDUA060A
Location: MECH A2

Issue
Possible rat in unit. Footprints detected and foul smell. Need to thoroughly inspect entire unit to verify if there is any damage.",EDCKUL21CDUA060A,equipment,11604952,construction,,611299,Critical,09/17/2026,09/30/2026,Tyler Beaver,person,113464,459236,Mechanical,,,218884,Closed,"7164, Line 15",checklist,765535930,Tyler Beaver,09/03/2026,2026-10-07T22:41:40.554167+00:00
39282,6258659,CHK-7161-1,"EDCKUL21CDUA050A
Location: MECH A2

Issue
Debris in bottom of unit",EDCKUL21CDUA050A,equipment,11604951,construction,,611298,Non-Critical,09/17/2026,,Vertiv,company,22557,459236,Mechanical,,,218881,Open,"7161, Line 15",checklist,765535793,Tyler Beaver,09/03/2026,2026-10-07T22:41:40.554167+00:00
39282,6258657,CHK-7158-1,"EDCKUL21CDUA040A
Location: MECH A2

Issue
Debris in bottom of unit",EDCKUL21CDUA040A,equipment,11604950,construction,,611298,Non-Critical,09/17/2026,,Vertiv,company,22557,459236,Mechanical,,,218881,Open,"7158, Line 15",checklist,765535656,Tyler Beaver,09/03/2026,2026-10-07T22:41:40.554167+00:00
39282,6258655,CHK-7152-1,"EDCKUL21CDUA020A
Location: MECH A1

Issue
Dented back bottom panel",EDCKUL21CDUA020A,equipment,11604948,construction,,611298,Non-Critical,09/17/2026,,Vertiv,company,22557,459236,Mechanical,,,218881,Open,"7152, Line 15",checklist,765535382,Tyler Beaver,09/03/2026,2026-10-07T22:41:40.554167+00:00
39282,6258650,CHK-7182-1,"EDCKUL21CDUA0607
Location: MECH 72

Issue
Back bottom panel dented",EDCKUL21CDUA0607,equipment,11604946,construction,,611298,Non-Critical,09/17/2026,,Vertiv,company,22557,459236,Mechanical,,,218881,Open,"7182, Line 15",checklist,765536752,Tyler Beaver,09/03/2026,2026-10-07T22:41:40.554167+00:00
39282,6258649,CHK-7179-1,"EDCKUL21CDUA0507
Location: MECH 72

Issue
Couldn't inspect back section due to back door being blocked by scaffolding",EDCKUL21CDUA0507,equipment,11604945,construction,,611298,Non-Critical,09/17/2026,,Vertiv,company,22557,459236,Mechanical,,,218881,Open,"7179, Line 17",checklist,765536617,Tyler Beaver,09/03/2026,2026-10-07T22:41:40.554167+00:00
39282,6258642,CHK-7176-1,"EDCKUL21CDUA0407
Location: MECH 72

Issue
Rubber pad only at 1 corner of the unit",EDCKUL21CDUA0407,equipment,11604944,construction,,611298,Non-Critical,09/17/2026,,Vertiv,company,22557,459236,Mechanical,,,218881,Open,"7176, Line 14",checklist,765536477,Tyler Beaver,09/03/2026,2026-10-07T22:41:40.554167+00:00
39282,6258632,CHK-7173-1,"EDCKUL21CDUA0307
Location: MECH 71

Issue
Damaged back bottom panel",EDCKUL21CDUA0307,equipment,11604943,construction,,611298,Non-Critical,09/17/2026,,Vertiv,company,22557,459236,Mechanical,,,218881,Open,"7173, Line 15",checklist,765536341,Tyler Beaver,09/03/2026,2026-10-07T22:41:40.554167+00:00
39282,6258624,CHK-7167-1,"EDCKUL21CDUA0107
Location: MECH 71

Issue
Can't open back door due to damaged top panel",EDCKUL21CDUA0107,equipment,11604941,construction,,611298,Non-Critical,09/09/2026,,Vertiv,company,22557,459236,Mechanical,,,218881,Open,"7167, Line 15",checklist,765536067,Tyler Beaver,09/03/2026,2026-10-07T22:41:40.554167+00:00
39282,6243633,CHK-4413-1,"EDCKUL21DPPAH120
Location:BH Elect room

Issue
Pending fireman switch cable termination",EDCKUL21DPPAH120,equipment,8741906,construction,,611298,Non-Critical,09/15/2026,,Promatrix DCS,company,68571,459229,Electrical,22228,Construction,218881,Open,"4413, Line 25",checklist,448984592,Tarmizi Isa,09/01/2026,2026-10-07T22:41:40.554167+00:00
39282,6167570,CHK-4544-1,"EDCKUL21MSBAH310
Location: AH Elect room

Issue
Pending corrective label installation on the panel cover",EDCKUL21MSBAH310,equipment,8742035,construction,,611298,Non-Critical,09/02/2026,,Tarmizi Isa,person,256198,459229,Electrical,22228,Construction,218881,Open,"4544, Line 25",checklist,448996487,Tarmizi Isa,08/19/2026,2026-10-07T22:41:40.554167+00:00
39282,6140138,CHK-7999-2,"EDCKUL21EXF02500
Location: Battery Room AD

Issue:
Replace broken Voltmeter indicator cover.",EDCKUL21EXF02500,equipment,12548268,construction,,611298,Non-Critical,08/27/2026,09/03/2026,Promatrix DCS,company,68571,459236,Mechanical,22232,Equipment,218884,Closed,"7999, Line 15",checklist,780921810,Nadhirah Mazlan,08/13/2026,2026-10-07T22:41:40.554167+00:00
39282,6094739,CHK-5350-1,"EDCKUL21MSBAD110
Location: AD Elect Room

Issue
DPM display is blinking",EDCKUL21MSBAD110,equipment,8742030,construction,,611298,Non-Critical,08/19/2026,08/13/2026,Powerwell,company,68459,459229,Electrical,22228,Construction,218884,Closed,"5350, Line 15",checklist,449068842,Tarmizi Isa,08/05/2026,2026-10-07T22:41:40.554167+00:00
39282,6090358,CHK-7671-1,"EDCKUL21UPBAH210
EDCKUL21UPBAH310
Location: Electrical room AH
Issue: Pending nameplate",EDCKUL21UPBAH210,equipment,11605018,construction,,611298,Non-Critical,08/18/2026,,Promatrix DCS,company,68571,459229,Electrical,,,218881,Open,"7671, Line 11",checklist,767576187,Alif Aizat,08/04/2026,2026-10-07T22:41:40.554167+00:00
39282,6090248,CHK-7647-1,"EDCKUL21UPBAD310
EDCKUL21UPBAE310
EDCKUL21UPBAF310
EDCKUL21UPBAZ310
Location: Battery room 3F
Issue: Pending nameplate",EDCKUL21UPBAD310,equipment,11605015,construction,,611298,Non-Critical,08/18/2026,,Eaton ,company,41688,459229,Electrical,,,218881,Open,"7647, Line 11",checklist,767575091,Alif Aizat,08/04/2026,2026-10-07T22:41:40.554167+00:00
39282,6090193,CHK-7620-1,"EDCKUL21UPBAA310
EDCKUL21UPBAB310
EDCKUL21UPBAC310
EDCKUL21UPBAH310
Location: Battery room 2F
Issue: Pending nameplate",EDCKUL21UPBAA310,equipment,11605012,construction,,611298,Non-Critical,08/18/2026,,Eaton ,company,41688,459229,Electrical,,,218881,Open,"7620, Line 11",checklist,767573858,Alif Aizat,08/04/2026,2026-10-07T22:41:40.554167+00:00
39282,6081245,CHK-5945-2,"EDCKUL21MBCAE210
Location: AE Elect room

Issue
Pending fireman switch cable termination",EDCKUL21MBCAE210,equipment,11604989,construction,,611298,Non-Critical,08/17/2026,,Promatrix DCS,company,68571,459229,Electrical,22228,Construction,218881,Open,"5945, Line 25",checklist,693555734,Tarmizi Isa,08/03/2026,2026-10-07T22:41:40.554167+00:00
39282,6081239,CHK-5942-2,"EDCKUL21MBCAD210
Location: AD Elect room

Issue
Pending fireman switch cable termination",EDCKUL21MBCAD210,equipment,11604988,construction,,611298,Non-Critical,08/17/2026,,Promatrix DCS,company,68571,459229,Electrical,22228,Construction,218881,Open,"5942, Line 25",checklist,693555591,Tarmizi Isa,08/03/2026,2026-10-07T22:41:40.554167+00:00
39282,6081006,CHK-5945-1,"EDCKUL21MBCAE210
Location: AE elect room

Issue
pending outgoing cabling and termination to FWU",EDCKUL21MBCAE210,equipment,11604989,construction,,611298,Non-Critical,08/17/2026,09/28/2026,Promatrix DCS,company,68571,459229,Electrical,22228,Construction,218884,Closed,"5945, Line 25",checklist,693555734,Tarmizi Isa,08/03/2026,2026-10-07T22:41:40.554167+00:00
39282,6081005,CHK-5942-1,"EDCKUL21MBCAD210
Location: AD elect room

Issue
pending outgoing cabling and termination to FWU",EDCKUL21MBCAD210,equipment,11604988,construction,,611298,Non-Critical,08/17/2026,,Tarmizi Isa,person,256198,459229,Electrical,22228,Construction,218881,Open,"5942, Line 25",checklist,693555591,Tarmizi Isa,08/03/2026,2026-10-07T22:41:40.554167+00:00
39282,6035608,CHK-7143-1,"EDCKUL21TESA0600
Location: TES Tank Yard

Pending approved FAT Report submission",EDCKUL21TESA0600,equipment,11095317,construction,,611298,Non-Critical,08/07/2026,09/03/2026,LF Lansen,company,82919,459236,Mechanical,22227,Commissioning,218884,Closed,"7143, Line 9",checklist,765534652,Aaron Asir,07/24/2026,2026-10-07T22:41:40.554167+00:00
39282,6035606,CHK-7137-1,"EDCKUL21TESA0500
Location: TES Tank Yard

Pending approved FAT Report submission",EDCKUL21TESA0500,equipment,11095316,construction,,611298,Non-Critical,08/07/2026,09/03/2026,LF Lansen,company,82919,459236,Mechanical,22227,Commissioning,218884,Closed,"7137, Line 9",checklist,765534378,Aaron Asir,07/24/2026,2026-10-07T22:41:40.554167+00:00
39282,6035605,CHK-7131-1,"EDCKUL21TESA0400
Location: TES Tank Yard

Pending approved FAT Report submission",EDCKUL21TESA0400,equipment,11095315,construction,,611298,Non-Critical,08/07/2026,09/03/2026,LF Lansen,company,82919,459236,Mechanical,22227,Commissioning,218884,Closed,"7131, Line 9",checklist,765534104,Aaron Asir,07/24/2026,2026-10-07T22:41:40.554167+00:00
39282,6035604,CHK-7125-1,"EDCKUL21TESA0300
Location: TES Tank Yard

Pending approved FAT Report submission",EDCKUL21TESA0300,equipment,11095314,construction,,611298,Non-Critical,08/07/2026,09/03/2026,LF Lansen,company,82919,459236,Mechanical,22227,Commissioning,218884,Closed,"7125, Line 9",checklist,765533830,Aaron Asir,07/24/2026,2026-10-07T22:41:40.554167+00:00
39282,6035602,CHK-7119-1,"EDCKUL21TESA0200
Location: TES Tank Yard

Pending approved FAT Report submission",EDCKUL21TESA0200,equipment,11095313,construction,,611298,Non-Critical,08/07/2026,09/03/2026,LF Lansen,company,82919,459236,Mechanical,22227,Commissioning,218884,Closed,"7119, Line 9",checklist,765533556,Aaron Asir,07/24/2026,2026-10-07T22:41:40.554167+00:00
39282,6035597,CHK-7113-1,"EDCKUL21TESA0100
Location: TES Tank Yard

Pending approved FAT Report submission",EDCKUL21TESA0100,equipment,11095312,construction,,611298,Non-Critical,08/07/2026,09/03/2026,LF Lansen,company,82919,459236,Mechanical,22227,Commissioning,218884,Closed,"7113, Line 9",checklist,765533282,Aaron Asir,07/24/2026,2026-10-07T22:41:40.554167+00:00
39282,6011874,CHK-6420-1,"EDCKUL21DPPAH920
Location: Fuel Station 

Issue: 
internal panel tagging to update permanently and revise SLD. 

currently using temporary tagging due to cable termination issue.",EDCKUL21DPPAH920,equipment,11964145,construction,,611298,Non-Critical,08/04/2026,,Promatrix DCS,company,68571,459229,Electrical,22227,Commissioning,218881,Open,"6420, Line 21",checklist,714914176,Azrul Firdaus Ramli,07/21/2026,2026-10-07T22:41:40.554167+00:00
39282,5970969,CHK-7818-2,"EDCKUL21STSAF110
Location: STS room AF

Issue: To rectify scratched paint",EDCKUL21STSAF110,equipment,8742314,construction,,611299,Critical,07/29/2026,,Vertiv,company,22557,459229,Electrical,,,218881,Open,"7818, Line 15",checklist,767597849,Alif Aizat,07/15/2026,2026-10-07T22:41:40.554167+00:00
39282,5970960,CHK-7818-1,"EDCKUL21STSAF110
EDCKUL21STSAF210
EDCKUL21STSAF310
EDCKUL21STSAF410

Location: STS room AF

Issue: Pending FAT reports",EDCKUL21STSAF110,equipment,8742314,construction,,611298,Non-Critical,07/29/2026,09/07/2026,Vertiv,company,22557,459229,Electrical,,,218884,Closed,"7818, Line 9",checklist,767597842,Alif Aizat,07/15/2026,2026-10-07T22:41:40.554167+00:00
39282,5970958,CHK-7806-1,"EDCKUL21STSAE110
EDCKUL21STSAE210
EDCKUL21STSAE310
EDCKUL21STSAE410

Location: STS room AE

Issue: Pending FAT reports",EDCKUL21STSAE110,equipment,8742312,construction,,611298,Non-Critical,07/29/2026,09/07/2026,Vertiv,company,22557,459229,Electrical,,,218884,Closed,"7806, Line 9",checklist,767596824,Alif Aizat,07/15/2026,2026-10-07T22:41:40.554167+00:00
39282,5970956,CHK-7794-1,"EDCKUL21STSAD110
EDCKUL21STSAD210
EDCKUL21STSAD310
EDCKUL21STSAD410

Location: STS room AD

Issue: Pending FAT reports",EDCKUL21STSAD110,equipment,8742310,construction,,611298,Non-Critical,07/29/2026,09/07/2026,Vertiv,company,22557,459229,Electrical,,,218884,Closed,"7794, Line 9",checklist,767595746,Alif Aizat,07/15/2026,2026-10-07T22:41:40.554167+00:00
39282,5959126,CHK-7041-1,"EDCKUL21BMPA0600
Location: Roof

Issue
Several rust spots were found on the panel. Please touch up the affected areas.",EDCKUL21BMPA0600,equipment,8741819,construction,,611298,Non-Critical,07/27/2026,08/27/2026,Smardt,company,70452,478559,ELV,22228,Construction,218884,Closed,"7041, Line 15",checklist,765526004,Tarmizi Isa,07/13/2026,2026-10-07T22:41:40.554167+00:00
39282,5959119,CHK-7038-1,"EDCKUL21BMPA0300
Location: Roof

Issue
Several rust spots were found on the panel. Please touch up the affected areas.",EDCKUL21BMPA0300,equipment,8741816,construction,,611298,Non-Critical,07/27/2026,08/27/2026,Smardt,company,70452,478559,ELV,22228,Construction,218884,Closed,"7038, Line 15",checklist,765525899,Tarmizi Isa,07/13/2026,2026-10-07T22:41:40.554167+00:00
39282,5959105,CHK-7039-1,"EDCKUL21BMPA0400
Location: Roof

Issue
Several rust spots were found on the panel. Please touch up the affected areas.",EDCKUL21BMPA0400,equipment,8741817,construction,,611298,Non-Critical,07/27/2026,08/27/2026,Smardt,company,70452,478559,ELV,22228,Construction,218884,Closed,"7039, Line 15",checklist,765525934,Tarmizi Isa,07/13/2026,2026-10-07T22:41:40.554167+00:00
39282,5959100,CHK-7040-1,"EDCKUL21BMPA0500
Location: Roof

Issue
Several rust spots were found on the panel. Please touch up the affected areas.",EDCKUL21BMPA0500,equipment,8741818,construction,,611298,Non-Critical,07/27/2026,08/27/2026,Smardt,company,70452,478559,ELV,22228,Construction,218884,Closed,"7040, Line 15",checklist,765525969,Tarmizi Isa,07/13/2026,2026-10-07T22:41:40.554167+00:00
39282,5958099,FO-11-2,To check why routing of secondary basket not centered while it showed centered in drawing.,STS ROOM AF,space,2950156,construction,SD-BMS-P3-0104,611298,Non-Critical,07/20/2026,,Muhammad Huzairy Hassan,person,255932,459232,Controls,22228,Construction,218881,Open,11,fieldobservation,282063,Muhammad Huzairy Hassan,07/13/2026,2026-10-07T22:41:40.554167+00:00
39282,5951381,CHK-5354-1,"EDCKUK21MSBAH210
Location

Issue
The voltmeter(Y) is not functioning",EDCKUL21MSBAH210,equipment,8742034,construction,,611298,Non-Critical,07/24/2026,07/29/2026,Promatrix DCS,company,68571,459229,Electrical,22228,Construction,218884,Closed,"5354, Line 26",checklist,449069278,Tarmizi Isa,07/10/2026,2026-10-07T22:41:40.554167+00:00
39282,5951363,CHK-6188-4,"EDCKUL21MBCAH210
Location: AH elect room

Issue
pending outgoing cabling and termination to EPPAH710",EDCKUL21MBCAH210,equipment,11605589,construction,,611298,Non-Critical,07/24/2026,09/28/2026,Promatrix DCS,company,68571,459229,Electrical,22228,Construction,218884,Closed,"6188, Line 25",checklist,693616394,Tarmizi Isa,07/10/2026,2026-10-07T22:41:40.554167+00:00
39282,5951357,CHK-6188-3,"EDCKUL21MBCAH210
Location: AH elect room

Issue
pending outgoing cabling and termination to busduct TOU",EDCKUL21MBCAH210,equipment,11605589,construction,,611298,Non-Critical,07/24/2026,09/28/2026,Promatrix DCS,company,68571,459229,Electrical,22228,Construction,218884,Closed,"6188, Line 25",checklist,693616394,Tarmizi Isa,07/10/2026,2026-10-07T22:41:40.554167+00:00
39282,5951352,CHK-6188-2,"EDCKUL21MBCAH210
Location: AH elect room

Issue
pending incoming UPS cabling and termination",EDCKUL21MBCAH210,equipment,11605589,construction,,611298,Non-Critical,07/24/2026,10/07/2026,Promatrix DCS,company,68571,459229,Electrical,22228,Construction,218884,Closed,"6188, Line 25",checklist,693616394,Tarmizi Isa,07/10/2026,2026-10-07T22:41:40.554167+00:00
39282,5951350,CHK-6188-1,"EDCKUL21MBCAH210
Location: AH elect room

Issue
pending fireman switch cabling and termination",EDCKUL21MBCAH210,equipment,11605589,construction,,611298,Non-Critical,07/24/2026,,Promatrix DCS,company,68571,459229,Electrical,22228,Construction,218881,Open,"6188, Line 25",checklist,693616394,Tarmizi Isa,07/10/2026,2026-10-07T22:41:40.554167+00:00
39282,5943858,CHK-8078-3,"EDCKUL21EPPAH610
Location: AH elect room

Issue
Pending outgoing cable to BMP00103",EDCKUL21EPPAH610,equipment,8741947,construction,,611298,Non-Critical,07/23/2026,07/29/2026,Promatrix DCS,company,68571,459229,Electrical,22228,Construction,218884,Closed,"8078, Line 20",checklist,841541195,Tarmizi Isa,07/09/2026,2026-10-07T22:41:40.554167+00:00
39282,5943856,CHK-8078-2,"EDCKUL21EPPAH610
Location: AH elect room

Issue
Pending outgoing cable to BMP00102",EDCKUL21EPPAH610,equipment,8741947,construction,,611298,Non-Critical,07/23/2026,07/29/2026,Promatrix DCS,company,68571,459229,Electrical,22228,Construction,218884,Closed,"8078, Line 20",checklist,841541195,Tarmizi Isa,07/09/2026,2026-10-07T22:41:40.554167+00:00
39282,5943852,CHK-8078-1,"EDCKUL21EPPAH610
Location: AH elect room

Issue
Pending outgoing cable to BMP00101",EDCKUL21EPPAH610,equipment,8741947,construction,,611298,Non-Critical,07/23/2026,07/29/2026,Promatrix DCS,company,68571,459229,Electrical,22228,Construction,218884,Closed,"8078, Line 20",checklist,841541195,Tarmizi Isa,07/09/2026,2026-10-07T22:41:40.554167+00:00
39282,5930843,CHK-4412-1,"EDCKUL21DPPAH110
Location: AH genset room

Issue
Pending replace correct ID tag Panel",EDCKUL21DPPAH110,equipment,8741905,construction,,611298,Non-Critical,07/21/2026,08/05/2026,Sime Darby Industrial,company,68570,459229,Electrical,22228,Construction,218884,Closed,"4412, Line 20",checklist,448984450,Tarmizi Isa,07/07/2026,2026-10-07T22:41:40.554167+00:00
39282,5930132,CHK-4452-3,"EDCKUL21EPPAH410
Location: BH Elect room

Issue
Pending outgoing cable to BMP106",EDCKUL21EPPAH410,equipment,8741945,construction,,611298,Non-Critical,07/21/2026,07/29/2026,Promatrix DCS,company,68571,459229,Electrical,22228,Construction,218884,Closed,"4452, Line 25",checklist,448989944,Tarmizi Isa,07/07/2026,2026-10-07T22:41:40.554167+00:00
39282,5925086,CHK-7728-2,"EDCKUL21UPSAE310
Location: Electrical room AE

Issue: Missing cover plate",EDCKUL21UPSAE310,equipment,11605025,construction,,611299,Critical,07/20/2026,07/27/2026,Eaton ,company,41688,459229,Electrical,,,218884,Closed,"7728, Line 14",checklist,767590503,Alif Aizat,07/06/2026,2026-10-07T22:41:40.554167+00:00
39282,5925085,CHK-7746-2,"EDCKUL21UPSAH310
Location: Electrical room AH

Issue: Missing cover plate",EDCKUL21UPSAH310,equipment,11605029,construction,,611299,Critical,07/20/2026,09/26/2026,Eaton ,company,41688,459229,Electrical,,,218884,Closed,"7746, Line 14",checklist,767591325,Alif Aizat,07/06/2026,2026-10-07T22:41:40.554167+00:00
39282,5925059,CHK-7701-3,"EDCKUL21UPSAB310
Location: Electrical room AB

Issue: To rectify paint scratches",EDCKUL21UPSAB310,equipment,11605022,construction,,611298,Non-Critical,07/20/2026,,Eaton ,company,41688,459229,Electrical,,,218881,Open,"7701, Line 15",checklist,767589271,Alif Aizat,07/06/2026,2026-10-07T22:41:40.554167+00:00
39282,5925000,CHK-7737-2,"EDCKUL21UPSAF310
Location: Electrical room AF

Issue: Missing cover plate",EDCKUL21UPSAF310,equipment,11605026,construction,,611299,Critical,07/20/2026,09/26/2026,Eaton ,company,41688,459229,Electrical,,,218884,Closed,"7737, Line 14",checklist,767590914,Alif Aizat,07/06/2026,2026-10-07T22:41:40.554167+00:00
39282,5924997,CHK-7755-2,"EDCKUL21UPSAZ310
Location: Electrical room AZ

Issue: Missing cover plate",EDCKUL21UPSAZ310,equipment,11605027,construction,,611299,Critical,07/20/2026,09/26/2026,Eaton ,company,41688,459229,Electrical,,,218884,Closed,"7755, Line 14",checklist,767591736,Alif Aizat,07/06/2026,2026-10-07T22:41:40.554167+00:00
39282,5924994,CHK-7719-2,"EDCKUL21UPSAD310
Location: Electrical room AD

Issue: Missing cover plate",EDCKUL21UPSAD310,equipment,11605024,construction,,611299,Critical,07/20/2026,09/26/2026,Eaton ,company,41688,459229,Electrical,,,218884,Closed,"7719, Line 14",checklist,767590092,Alif Aizat,07/06/2026,2026-10-07T22:41:40.554167+00:00
39282,5924991,CHK-7710-2,"EDCKUL21UPSAC310
Location: Electrical room AC

Issue: Missing cover plate",EDCKUL21UPSAC310,equipment,11605023,construction,,611299,Critical,07/20/2026,09/26/2026,Eaton ,company,41688,459229,Electrical,,,218884,Closed,"7710, Line 14",checklist,767589681,Alif Aizat,07/06/2026,2026-10-07T22:41:40.554167+00:00
39282,5924986,CHK-7701-2,"EDCKUL21UPSAB310
Location: Electrical room AB

Issue: Missing cover plate",EDCKUL21UPSAB310,equipment,11605022,construction,,611299,Critical,07/20/2026,09/26/2026,Eaton ,company,41688,459229,Electrical,,,218884,Closed,"7701, Line 14",checklist,767589270,Alif Aizat,07/06/2026,2026-10-07T22:41:40.554167+00:00
39282,5924981,CHK-7692-2,"EDCKUL21UPSAA310
Location: Electrical room AA

Issue: Missing cover plate",EDCKUL21UPSAA310,equipment,11605021,construction,,611299,Critical,07/20/2026,09/26/2026,Eaton ,company,41688,459229,Electrical,,,218884,Closed,"7692, Line 14",checklist,767588859,Alif Aizat,07/06/2026,2026-10-07T22:41:40.554167+00:00
39282,5916432,CHK-7740-1,"EDCKUL21UPSAH110
EDCKUL21UPSAH210

Location: Electrical room AH

Issue: Pending FAT reports",EDCKUL21UPSAH110,equipment,8742387,construction,,611298,Non-Critical,07/16/2026,07/07/2026,Eaton ,company,41688,459229,Electrical,,,218884,Closed,"7740, Line 9",checklist,767591045,Alif Aizat,07/02/2026,2026-10-07T22:41:40.554167+00:00
39282,5901219,CHK-7782-1,"EDCKUL21STSAC110
EDCKUL21STSAC210
EDCKUL21STSAC310
EDCKUL21STSAC410

Location: STS room AC

Issue: Pending FAT reports",EDCKUL21STSAC110,equipment,8742308,construction,,611298,Non-Critical,07/14/2026,,Vertiv,company,22557,459229,Electrical,,,218881,Open,"7782, Line 9",checklist,767595198,Alif Aizat,06/30/2026,2026-10-07T22:41:40.554167+00:00
39282,5901204,CHK-7770-1,"EDCKUL21STSAB110
EDCKUL21STSAB210
EDCKUL21STSAB310
EDCKUL21STSAB410

Location: STS room AB

Issue: Pending FAT reports",EDCKUL21STSAB110,equipment,8742306,construction,,611298,Non-Critical,07/14/2026,,Vertiv,company,22557,459229,Electrical,,,218881,Open,"7770, Line 9",checklist,767594650,Alif Aizat,06/30/2026,2026-10-07T22:41:40.554167+00:00
39282,5901200,CHK-7758-1,"EDCKUL21STSAA110
EDCKUL21STSAA210
EDCKUL21STSAA310
EDCKUL21STSAA410

Location: STS room AA

Issue: Pending FAT reports",EDCKUL21STSAA110,equipment,8742304,construction,,611298,Non-Critical,07/14/2026,,Vertiv,company,22557,459229,Electrical,,,218881,Open,"7758, Line 9",checklist,767594102,Alif Aizat,06/30/2026,2026-10-07T22:41:40.554167+00:00
39282,5894880,CHK-8011-1,"EDCKUL21EXF03000
Location: Battery Room AH

Issue:
Installation of fan panel to be completed.",EDCKUL21EXF03000,equipment,12548267,construction,,611298,Non-Critical,07/13/2026,10/02/2026,Promatrix DCS,company,68571,459229,Electrical,22228,Construction,218884,Closed,"8011, Line 14",checklist,780922357,Nadhirah Mazlan,06/29/2026,2026-10-07T22:41:40.554167+00:00
39282,5894879,CHK-8008-1,"EDCKUL21EXF02800
Location: Battery Room AZ

Issue:
Installation of fan panel to be completed.",EDCKUL21EXF02800,equipment,12548271,construction,,611298,Non-Critical,07/13/2026,10/02/2026,Promatrix DCS,company,68571,459229,Electrical,22228,Construction,218884,Closed,"8008, Line 14",checklist,780922220,Nadhirah Mazlan,06/29/2026,2026-10-07T22:41:40.554167+00:00
39282,5894874,CHK-8005-1,"EDCKUL21EXF02700
Location: Battery Room AF

Issue:
Installation of fan panel to be completed.",EDCKUL21EXF02700,equipment,12548270,construction,,611298,Non-Critical,07/13/2026,08/14/2026,Promatrix DCS,company,68571,459229,Electrical,22228,Construction,218884,Closed,"8005, Line 14",checklist,780922083,Nadhirah Mazlan,06/29/2026,2026-10-07T22:41:40.554167+00:00
39282,5894872,CHK-8002-1,"EDCKUL21EXF02600
Location: Battery Room AE

Issue:
Installation of fan panel to be completed.",EDCKUL21EXF02600,equipment,12548269,construction,,611298,Non-Critical,07/13/2026,08/14/2026,Promatrix DCS,company,68571,459229,Electrical,22228,Construction,218884,Closed,"8002, Line 14",checklist,780921946,Nadhirah Mazlan,06/29/2026,2026-10-07T22:41:40.554167+00:00
39282,5894871,CHK-7999-1,"EDCKUL21EXF02500
Location: Battery Room AD

Issue:
Installation of fan panel to be completed.",EDCKUL21EXF02500,equipment,12548268,construction,,611298,Non-Critical,07/13/2026,08/14/2026,Promatrix DCS,company,68571,459229,Electrical,22228,Construction,218884,Closed,"7999, Line 14",checklist,780921809,Nadhirah Mazlan,06/29/2026,2026-10-07T22:41:40.554167+00:00
39282,5894869,CHK-7996-1,"EDCKUL21EXF02400
Location: Battery Room AC

Issue:
Installation of fan panel to be completed.",EDCKUL21EXF02400,equipment,12548266,construction,,611298,Non-Critical,07/13/2026,08/14/2026,Promatrix DCS,company,68571,459229,Electrical,22228,Construction,218884,Closed,"7996, Line 14",checklist,780921672,Nadhirah Mazlan,06/29/2026,2026-10-07T22:41:40.554167+00:00
39282,5894867,CHK-7993-1,"EDCKUL21EXF02300
Location: Battery Room AB

Issue:
Installation of fan panel to be completed.",EDCKUL21EXF02300,equipment,12548265,construction,,611298,Non-Critical,07/13/2026,08/14/2026,Promatrix DCS,company,68571,459229,Electrical,22228,Construction,218884,Closed,"7993, Line 14",checklist,780921535,Nadhirah Mazlan,06/29/2026,2026-10-07T22:41:40.554167+00:00
39282,5894863,CHK-7990-1,"EDCKUL21EXF02200
Location: Battery Room AA

Issue:
Installation of fan panel to be completed.",EDCKUL21EXF02200,equipment,12548264,construction,,611298,Non-Critical,07/13/2026,08/14/2026,Promatrix DCS,company,68571,459229,Electrical,22228,Construction,218884,Closed,"7990, Line 14",checklist,780921398,Nadhirah Mazlan,06/29/2026,2026-10-07T22:41:40.554167+00:00
39282,5886808,CHK-7755-1,"EDCKUL21UPSAZ310
Location: Electrical room AZ

Issue: Pending FAT reports",EDCKUL21UPSAZ310,equipment,11605027,construction,,611298,Non-Critical,07/10/2026,07/07/2026,Eaton ,company,41688,459229,Electrical,,,218884,Closed,"7755, Line 9",checklist,767591730,Alif Aizat,06/26/2026,2026-10-07T22:41:40.554167+00:00
39282,5886789,CHK-7746-1,"EDCKUL21UPSAH310
Location: Electrical room AH

Issue: Pending FAT reports",EDCKUL21UPSAH310,equipment,11605029,construction,,611298,Non-Critical,07/10/2026,07/08/2026,Eaton ,company,41688,459229,Electrical,,,218884,Closed,"7746, Line 9",checklist,767591319,Alif Aizat,06/26/2026,2026-10-07T22:41:40.554167+00:00
39282,5886771,CHK-7737-1,"EDCKUL21UPSAF310
Location: Electrical room AF

Issue: Pending FAT reports",EDCKUL21UPSAF310,equipment,11605026,construction,,611298,Non-Critical,07/10/2026,07/08/2026,Eaton ,company,41688,459229,Electrical,,,218884,Closed,"7737, Line 9",checklist,767590908,Alif Aizat,06/26/2026,2026-10-07T22:41:40.554167+00:00
39282,5886748,FO-12-1,"Relocation of Panel: EDCKUL21DPPBHB30, EDCKUL21DPPBHA30, EDCKUL21DPPAH610, EDCKUL21DPPBH610. 
-Incomplete relocation of panel. Wobbly cable tray.",ELECTRICAL ROOM AH,space,2950146,construction,,611298,Non-Critical,07/03/2026,,Muhammad Huzairy Hassan,person,255932,459229,Electrical,22228,Construction,218881,Open,12,fieldobservation,282804,Muhammad Huzairy Hassan,06/26/2026,2026-10-07T22:41:40.554167+00:00
39282,5882110,CHK-7728-1,"EDCKUL21UPSAE310
Location: Electrical room AE

Issue: Pending FAT reports",EDCKUL21UPSAE310,equipment,11605025,construction,,611298,Non-Critical,07/09/2026,07/08/2026,Eaton ,company,41688,459229,Electrical,,,218884,Closed,"7728, Line 9",checklist,767590497,Alif Aizat,06/25/2026,2026-10-07T22:41:40.554167+00:00
39282,5882099,CHK-7719-1,"EDCKUL21UPSAD310
Location: Electrical room AD

Issue: Pending FAT reports",EDCKUL21UPSAD310,equipment,11605024,construction,,611298,Non-Critical,07/09/2026,07/08/2026,Eaton ,company,41688,459229,Electrical,,,218884,Closed,"7719, Line 9",checklist,767590086,Alif Aizat,06/25/2026,2026-10-07T22:41:40.554167+00:00
39282,5882083,CHK-7710-1,"EDCKUL21UPSAC310
Location: Electrical room AC

Issue: Pending FAT reports",EDCKUL21UPSAC310,equipment,11605023,construction,,611298,Non-Critical,07/09/2026,07/08/2026,Eaton ,company,41688,459229,Electrical,,,218884,Closed,"7710, Line 9",checklist,767589675,Alif Aizat,06/25/2026,2026-10-07T22:41:40.554167+00:00
39282,5882072,CHK-7701-1,"EDCKUL21UPSAB310
Location: Electrical room AB

Issue: Pending FAT reports",EDCKUL21UPSAB310,equipment,11605022,construction,,611298,Non-Critical,07/09/2026,07/08/2026,Eaton ,company,41688,459229,Electrical,,,218884,Closed,"7701, Line 9",checklist,767589264,Alif Aizat,06/25/2026,2026-10-07T22:41:40.554167+00:00
39282,5882054,CHK-7692-1,"EDCKUL21UPSAA310
Location: Electrical room AA

Issue: Pending FAT reports",EDCKUL21UPSAA310,equipment,11605021,construction,,611298,Non-Critical,07/09/2026,07/08/2026,Eaton ,company,41688,459229,Electrical,,,218884,Closed,"7692, Line 9",checklist,767588853,Alif Aizat,06/25/2026,2026-10-07T22:41:40.554167+00:00
39282,5870633,FO-11-1,300mm x 100mm - Incomplete cable basket work due to obstruction. Picture attached for reference.,L3  - CORRIDOR 01,space,2950135,construction,,611299,Critical,07/01/2026,09/10/2026,Promatrix DCS,company,68571,459232,Controls,22228,Construction,218884,Closed,11,fieldobservation,282063,Muhammad Huzairy Hassan,06/24/2026,2026-10-07T22:41:40.554167+00:00
39282,5863865,CHK-4543-2,"EDCKUL21MSBAH210
Location: AH Elec Room

Issue
Pending update name labels for feeder breaker",EDCKUL21MSBAH210,equipment,8742034,construction,,611299,Critical,07/07/2026,07/08/2026,Promatrix DCS,company,68571,459229,Electrical,22228,Construction,218884,Closed,"4543, Line 21",checklist,448996422,Tarmizi Isa,06/23/2026,2026-10-07T22:41:40.554167+00:00
39282,5863861,CHK-4543-1,"EDCKUL21MSBAH210
Location: AH elect room

Issue
Pending cable serve to DPPAH820, DPPAHA20",EDCKUL21MSBAH210,equipment,8742034,construction,,611299,Critical,07/07/2026,10/07/2026,Promatrix DCS,company,68571,459229,Electrical,22228,Construction,218884,Closed,"4543, Line 25",checklist,448996426,Tarmizi Isa,06/23/2026,2026-10-07T22:41:40.554167+00:00
39282,5863172,CHK-7302-1,"EDCKUL21CRAA1800
Location: STS ROOM AB

Issue:
To rectify paint scratches.",EDCKUL21CRAA1800,equipment,11604976,construction,,611298,Non-Critical,07/07/2026,,Stulz,company,68568,459236,Mechanical,22228,Construction,218881,Open,"7302, Line 15",checklist,767362450,Nadhirah Mazlan,06/23/2026,2026-10-07T22:41:40.554167+00:00
39282,5863156,CHK-7301-1,"EDCKUL21CRAA1700
Location: STS ROOM AB

Issue:
To rectify paint scratches,",EDCKUL21CRAA1700,equipment,11604975,construction,,611298,Non-Critical,07/07/2026,,Stulz,company,68568,459236,Mechanical,22228,Construction,218881,Open,"7301, Line 15",checklist,767362415,Nadhirah Mazlan,06/23/2026,2026-10-07T22:41:40.554167+00:00
39282,5857000,CHK-7830-2,"EDCKUL21LBG00100
Location: Roof

Issue: Pending installation flexible busduct",EDCKUL21LBG00100,equipment,8741990,construction,,611299,Critical,07/06/2026,09/03/2026,Promatrix DCS,company,68571,459229,Electrical,,,218884,Closed,"7830, Line 20",checklist,777499046,Alif Aizat,06/22/2026,2026-10-07T22:41:40.554167+00:00
39282,5856968,CHK-7830-1,"EDCKUL21LBG00100
Location: Roof

Issue: Pending installation cooper tape grounding",EDCKUL21LBG00100,equipment,8741990,construction,,611299,Critical,07/06/2026,09/03/2026,Promatrix DCS,company,68571,459229,Electrical,,,218884,Closed,"7830, Line 20",checklist,777499046,Alif Aizat,06/22/2026,2026-10-07T22:41:40.554167+00:00
39282,5848355,CHK-4542-7,"EDCKUL21MSBAH110
Location: AH Elect Room

Issue:
Feeder breaker labels (FB-x) and panel compartment name labels are pending update.",EDCKUL21MSBAH110,equipment,8742033,construction,,611298,Non-Critical,07/03/2026,09/01/2026,Powerwell,company,68459,459229,Electrical,22227,Commissioning,218884,Closed,"4542, Line 21",checklist,448996361,Tarmizi Isa,06/19/2026,2026-10-07T22:41:40.554167+00:00
39282,5848354,CHK-4541-7,"EDCKUL21MSBAF110
Location: AF Elect Room

Issue:
Feeder breaker labels (FB-x) and panel compartment name labels are pending update.",EDCKUL21MSBAF110,equipment,8742032,construction,,611299,Critical,07/03/2026,08/18/2026,Powerwell,company,68459,459229,Electrical,22227,Commissioning,218884,Closed,"4541, Line 21",checklist,448996300,Tarmizi Isa,06/19/2026,2026-10-07T22:41:40.554167+00:00
39282,5848353,CHK-4540-7,"EDCKUL21MSBAE110
Location: AE Elect Room

Issue:
Feeder breaker labels (FB-x) and panel compartment name labels are pending update.",EDCKUL21MSBAE110,equipment,8742031,construction,,611299,Critical,07/03/2026,09/01/2026,Powerwell,company,68459,459229,Electrical,22227,Commissioning,218884,Closed,"4540, Line 21",checklist,448996239,Tarmizi Isa,06/19/2026,2026-10-07T22:41:40.554167+00:00
39282,5848351,CHK-4539-7,"EDCKUL21MSBAD110
Location: AD Elect Room

Issue:
Feeder breaker labels (FB-x) and panel compartment name labels are pending update.",EDCKUL21MSBAD110,equipment,8742030,construction,,611298,Non-Critical,07/03/2026,09/01/2026,Powerwell,company,68459,459229,Electrical,22227,Commissioning,218884,Closed,"4539, Line 21",checklist,448996178,Tarmizi Isa,06/19/2026,2026-10-07T22:41:40.554167+00:00
39282,5848350,CHK-4538-7,"EDCKUL21MSBAC110
Location: AC Elect Room

Issue:
Feeder breaker labels (FB-x) and panel compartment name labels are pending update.",EDCKUL21MSBAC110,equipment,8742029,construction,,611299,Critical,07/03/2026,08/21/2026,Powerwell,company,68459,459229,Electrical,22227,Commissioning,218884,Closed,"4538, Line 21",checklist,448996117,Tarmizi Isa,06/19/2026,2026-10-07T22:41:40.554167+00:00
39282,5848347,CHK-4537-7,"EDCKUL21MSBAB110
Location: AB Elect Room

Issue:
Feeder breaker labels (FB-x) and panel compartment name labels are pending update.",EDCKUL21MSBAB110,equipment,8742027,construction,,611298,Non-Critical,07/03/2026,09/01/2026,Powerwell,company,68459,459229,Electrical,22227,Commissioning,218884,Closed,"4537, Line 21",checklist,448996056,Tarmizi Isa,06/19/2026,2026-10-07T22:41:40.554167+00:00
39282,5848345,CHK-4536-7,"EDCKUL21MSBAA110
Location: AA Elect Room

Issue:
Feeder breaker labels (FB-x) and panel compartment name labels are pending update.",EDCKUL21MSBAA110,equipment,8742028,construction,,611299,Critical,07/03/2026,08/21/2026,Powerwell,company,68459,459229,Electrical,22227,Commissioning,218884,Closed,"4536, Line 21",checklist,448995995,Tarmizi Isa,06/19/2026,2026-10-07T22:41:40.554167+00:00
39282,5842061,CHK-4525-2,"EDCKUL21MDPAH410
Location: AH Elect Room

Issue
Pending update feeder label to BOP00400",EDCKUL21MDPAH410,equipment,8742016,construction,,611298,Non-Critical,07/02/2026,06/29/2026,Promatrix DCS,company,68571,,,,,218884,Closed,"4525, Line 21",checklist,448995324,Tarmizi Isa,06/18/2026,2026-10-07T22:41:40.554167+00:00
39282,5841736,CHK-4504-2,"EDCKUL21GSBAZ110
Location: Generator room AZ

Issue: Pending arc flash sticker",EDCKUL21GSBAZ110,equipment,8741997,construction,,611298,Non-Critical,07/02/2026,07/27/2026,Sime Darby Industrial,company,68570,459229,Electrical,,,218884,Closed,"4504, Line 24",checklist,448994046,Alif Aizat,06/18/2026,2026-10-07T22:41:40.554167+00:00
39282,5841718,CHK-4502-2,"EDCKUL21GSBAF110
Location: Generator room AF

Issue: Pending arc flash sticker",EDCKUL21GSBAF110,equipment,8741996,construction,,611298,Non-Critical,07/02/2026,07/27/2026,Sime Darby Industrial,company,68570,459229,Electrical,,,218884,Closed,"4502, Line 24",checklist,448993924,Alif Aizat,06/18/2026,2026-10-07T22:41:40.554167+00:00
39282,5841714,CHK-4501-2,"EDCKUL21GSBAE110
Location: Generator room AE

Issue: Pending arc flash sticker",EDCKUL21GSBAE110,equipment,8741995,construction,,611298,Non-Critical,07/02/2026,07/27/2026,Sime Darby Industrial,company,68570,459229,Electrical,,,218884,Closed,"4501, Line 24",checklist,448993863,Alif Aizat,06/18/2026,2026-10-07T22:41:40.554167+00:00
39282,5841713,CHK-4500-2,"EDCKUL21GSBAD110
Location: Generator room AD

Issue: Pending arc flash sticker",EDCKUL21GSBAD110,equipment,8741994,construction,,611298,Non-Critical,07/02/2026,07/27/2026,Sime Darby Industrial,company,68570,459229,Electrical,,,218884,Closed,"4500, Line 24",checklist,448993802,Alif Aizat,06/18/2026,2026-10-07T22:41:40.554167+00:00
39282,5841708,CHK-4498-2,"EDCKUL21GSBAB110
Location: Generator room AB

Issue: Pending arc flash sticker",EDCKUL21GSBAB110,equipment,8741992,construction,,611298,Non-Critical,07/02/2026,07/27/2026,Sime Darby Industrial,company,68570,459229,Electrical,,,218884,Closed,"4498, Line 24",checklist,448993680,Alif Aizat,06/18/2026,2026-10-07T22:41:40.554167+00:00
39282,5841704,CHK-4497-4,"EDCKUL21GSBAA110
Location: Generator room AA

Issue: Pending arc flash sticker",EDCKUL21GSBAA110,equipment,8741991,construction,,611298,Non-Critical,07/02/2026,07/27/2026,Sime Darby Industrial,company,68570,459229,Electrical,,,218884,Closed,"4497, Line 24",checklist,448993619,Alif Aizat,06/18/2026,2026-10-07T22:41:40.554167+00:00
39282,5841699,CHK-4497-3,"EDCKUL21GSBAA110
Location: Generator room AA

Issue: Earthing cable does not dress and install properly",EDCKUL21GSBAA110,equipment,8741991,construction,,611299,Critical,07/02/2026,07/27/2026,Promatrix DCS,company,68571,459229,Electrical,,,218884,Closed,"4497, Line 25",checklist,448993620,Alif Aizat,06/18/2026,2026-10-07T22:41:40.554167+00:00
39282,5841667,CHK-4499-3,"EDCKUL21GSBAC110
Location: Generator room AC

Issue: Pending arc flash sticker",EDCKUL21GSBAC110,equipment,8741993,construction,,611298,Non-Critical,07/02/2026,07/27/2026,Sime Darby Industrial,company,68570,459229,Electrical,,,218884,Closed,"4499, Line 24",checklist,448993741,Alif Aizat,06/18/2026,2026-10-07T22:41:40.554167+00:00
39282,5841658,CHK-4499-2,"EDCKUL21GSBAC110
Location: Generator room AC

Issue: Earthing cable does not dress and install properly",EDCKUL21GSBAC110,equipment,8741993,construction,,611299,Critical,07/02/2026,07/27/2026,Promatrix DCS,company,68571,459229,Electrical,,,218884,Closed,"4499, Line 25",checklist,448993742,Alif Aizat,06/18/2026,2026-10-07T22:41:40.554167+00:00
39282,5841229,CHK-8062-2,"EDCKUL21EPPAH210
Location: MAR room,GF

Issue
Pending arc flash label",EDCKUL21EPPAH210,equipment,8741943,construction,,611298,Non-Critical,07/02/2026,07/30/2026,Promatrix DCS,company,68571,459229,Electrical,22227,Commissioning,218884,Closed,"8062, Line 19",checklist,800870238,Tarmizi Isa,06/18/2026,2026-10-07T22:41:40.554167+00:00
39282,5841226,CHK-4452-2,"EDCKUL21EPPAH410
Location: BH Elect room

Issue
Pending arc flash label",EDCKUL21EPPAH410,equipment,8741945,construction,,611298,Non-Critical,07/02/2026,07/07/2026,Promatrix DCS,company,68571,459229,Electrical,22227,Commissioning,218884,Closed,"4452, Line 24",checklist,448989942,Tarmizi Isa,06/18/2026,2026-10-07T22:41:40.554167+00:00
39282,5812914,FO-10-1,"EDCKUL21GSBAC110
Cabling Works - 2.5mm2 FR CU Cable for Fireman Switch.

- To cross reference cable tagging per latest naming convention 
- To chase supplier for the correct size of terminal block. Current provided is undersize. 
- Wobbly incoming cable conduit.",,,,construction,,611299,Critical,06/17/2026,09/10/2026,Promatrix DCS,company,68571,459232,Controls,22228,Construction,218884,Closed,10,fieldobservation,278914,Muhammad Huzairy Hassan,06/12/2026,2026-10-07T22:41:40.554167+00:00
39282,5812905,FO-9-1,"EDCKUL21GSBAH110
 Cabling Works - 2 x 2.5mm2 FR CU Cable for Fireman Switch

- To cross reference cable tagging per latest naming convention. 
- To chase supplier for the correct size of terminal block. Current provided is undersize. 
- Wobbly incoming cable conduit.",,,,construction,,611299,Critical,06/17/2026,09/10/2026,Promatrix DCS,company,68571,459232,Controls,22228,Construction,218884,Closed,9,fieldobservation,278913,Muhammad Huzairy Hassan,06/12/2026,2026-10-07T22:41:40.554167+00:00
39282,5812883,FO-8-1,"EDCKUL21GSBAF110
Cabling Works - 2 x 2.5mm2 FR CU Cable for Fireman Switch.

- To cross reference cable tagging per latest naming convention.
- To chase supplier for the correct size of terminal block. Current provided is undersize. 
- Wobbly incoming cable conduit.",,,,construction,,611299,Critical,06/17/2026,09/10/2026,Promatrix DCS,company,68571,459232,Controls,22228,Construction,218884,Closed,8,fieldobservation,278912,Muhammad Huzairy Hassan,06/12/2026,2026-10-07T22:41:40.554167+00:00
39282,5812844,CHK-4525-1,"EDCKUL21MDPAH410
Location: AH Elect Room

Issue
Pending fireman switch installation",EDCKUL21MDPAH410,equipment,8742016,construction,,611299,Critical,06/26/2026,,Promatrix DCS,company,68571,459229,Electrical,22228,Construction,218881,Open,"4525, Line 29",checklist,448995332,Tarmizi Isa,06/12/2026,2026-10-07T22:41:40.554167+00:00
39282,5812496,FO-7-1,"EDCKUL21GSBAZ110
Cabling Works - 2 x 2.5mm2 FR CU Cable for Fireman Switch.

- To cross reference cable tagging to be as per latest naming convention. 
- To chase supplier for the correct size of terminal block. Current provided is undersize. 
- Wobbly incoming cable conduit.",,,,construction,,611299,Critical,06/17/2026,09/10/2026,Promatrix DCS,company,68571,459232,Controls,22228,Construction,218884,Closed,7,fieldobservation,278904,Muhammad Huzairy Hassan,06/12/2026,2026-10-07T22:41:40.554167+00:00
39282,5812486,FO-6-1,"EDCKUL21GSBAD110
Cabling Works - 2 x 2.5mm2 FR CU Cable for Fireman Switch.

- To cross reference cable tagging to be as per latest naming convention 
- To chase supplier for the correct size of terminal block. Current provided is undersize
- Wobbly incoming cable conduit.",,,,construction,,611299,Critical,06/17/2026,09/10/2026,Promatrix DCS,company,68571,459232,Controls,22228,Construction,218884,Closed,6,fieldobservation,278900,Muhammad Huzairy Hassan,06/12/2026,2026-10-07T22:41:40.554167+00:00
39282,5812431,FO-5-1,"EDCKUL21MSBBF110
Busduct Connection at Compartment 02 - To Load Bank

- Pending torque work for coupling inside compartment 02 towards busduct.  - Missing saperation transparent cover.",,,,construction,,611299,Critical,06/18/2026,09/10/2026,Promatrix DCS,company,68571,459229,Electrical,22228,Construction,218884,Closed,5,fieldobservation,278896,Muhammad Huzairy Hassan,06/12/2026,2026-10-07T22:41:40.554167+00:00
39282,5812430,FO-4-1,"EDCKUL21MSBBZ110
Busduct Connection at Compartment 02 - To Load Bank

- Pending torque setup for termination inside compartment 02 with busduct.",,,,construction,,611299,Critical,06/18/2026,09/10/2026,Promatrix DCS,company,68571,459229,Electrical,22228,Construction,218884,Closed,4,fieldobservation,278895,Muhammad Huzairy Hassan,06/12/2026,2026-10-07T22:41:40.554167+00:00
39282,5805810,FO-3-1,"EDCKUL21GSBAE110
Cabling Works - 2 x 2.5mm2 FR CU Cable for Fireman Switch.

- Cable tagging is correct and to use latest naming convention. 
- To chase supplier for the correct size of terminal block. Current provided is undersize.
- Sturdier incoming cable conduit required.",,,,construction,,611299,Critical,06/25/2026,09/10/2026,Promatrix DCS,company,68571,459232,Controls,22228,Construction,218884,Closed,3,fieldobservation,278616,Muhammad Huzairy Hassan,06/11/2026,2026-10-07T22:41:40.554167+00:00
39282,5781088,CHK-4247-3,"EDCKUL21BMPAZ100
Location: AZ elect Room

Issue
Pending IO cable to security panel work completion",EDCKUL21BMPAZ100,equipment,8742540,construction,,611299,Critical,06/19/2026,,Promatrix DCS,company,68571,459229,Electrical,22228,Construction,218881,Open,"4247, Line 29",checklist,448961669,Tarmizi Isa,06/05/2026,2026-10-07T22:41:40.554167+00:00
39282,5781086,CHK-4247-2,"EDCKUL21BMPAZ100
Location: AZ elect Room

Issue
Pending wired temperature and humidity work completion",EDCKUL21BMPAZ100,equipment,8742540,construction,,611299,Critical,06/19/2026,,Promatrix DCS,company,68571,478559,ELV,22228,Construction,218881,Open,"4247, Line 29",checklist,448961669,Tarmizi Isa,06/05/2026,2026-10-07T22:41:40.554167+00:00
39282,5781081,CHK-4247-1,"EDCKUL21BMPAZ100
Location: AZ elect Room

Issue
Pending water leak detector work completion",EDCKUL21BMPAZ100,equipment,8742540,construction,,611299,Critical,06/19/2026,,Promatrix DCS,company,68571,459229,Electrical,22228,Construction,218881,Open,"4247, Line 29",checklist,448961669,Tarmizi Isa,06/05/2026,2026-10-07T22:41:40.554167+00:00
39282,5781022,CHK-4246-3,"EDCKUL21BMPAH100
Location: AH elect Room

Issue
Pending IO cable to security panel work completion",EDCKUL21BMPAH100,equipment,8742541,construction,,611299,Critical,06/19/2026,,Promatrix DCS,company,68571,478559,ELV,22228,Construction,218881,Open,"4246, Line 29",checklist,448961530,Tarmizi Isa,06/05/2026,2026-10-07T22:41:40.554167+00:00
39282,5781021,CHK-4246-2,"EDCKUL21BMPAH100
Location: AH elect Room

Issue
Pending water leak detector work completion",EDCKUL21BMPAH100,equipment,8742541,construction,,611299,Critical,06/19/2026,,Promatrix DCS,company,68571,478559,ELV,22228,Construction,218881,Open,"4246, Line 29",checklist,448961530,Tarmizi Isa,06/05/2026,2026-10-07T22:41:40.554167+00:00
39282,5781020,CHK-4246-1,"EDCKUL21BMPAH100
Location: AH elect Room

Issue
Pending wired temperature and humidity work completion",EDCKUL21BMPAH100,equipment,8742541,construction,,611299,Critical,06/19/2026,,Promatrix DCS,company,68571,478559,ELV,22228,Construction,218881,Open,"4246, Line 29",checklist,448961530,Tarmizi Isa,06/05/2026,2026-10-07T22:41:40.554167+00:00
39282,5780849,CHK-4245-1,"EDCKUL21BMPAF100
Location: AF elect Room

Issue
Pending water leak detector work completion",EDCKUL21BMPAF100,equipment,8742539,construction,,611299,Critical,06/19/2026,,Promatrix DCS,company,68571,478559,ELV,22228,Construction,218881,Open,"4245, Line 29",checklist,448961390,Tarmizi Isa,06/05/2026,2026-10-07T22:41:40.554167+00:00
39282,5780847,CHK-4244-1,"EDCKUL21BMPAE100
Location: AE elect Room

Issue
Pending water leak detector work completion",EDCKUL21BMPAE100,equipment,8742538,construction,,611299,Critical,06/19/2026,,Promatrix DCS,company,68571,459229,Electrical,,,218881,Open,"4244, Line 29",checklist,448961258,Tarmizi Isa,06/05/2026,2026-10-07T22:41:40.554167+00:00
39282,5780845,CHK-4243-1,"EDCKUL21BMPAD100
Location: AD elect Room

Issue
Pending water leak detector work completion",EDCKUL21BMPAD100,equipment,8742537,construction,,611299,Critical,06/19/2026,,Promatrix DCS,company,68571,478559,ELV,22228,Construction,218881,Open,"4243, Line 29",checklist,448961122,Tarmizi Isa,06/05/2026,2026-10-07T22:41:40.554167+00:00
39282,5780843,CHK-4242-1,"EDCKUL21BMPAC100
Location: AC elect Room

Issue
Pending water leak detector work completion",EDCKUL21BMPAC100,equipment,8742536,construction,,611299,Critical,06/19/2026,,Promatrix DCS,company,68571,478559,ELV,22228,Construction,218881,Open,"4242, Line 29",checklist,448960981,Tarmizi Isa,06/05/2026,2026-10-07T22:41:40.554167+00:00
39282,5780841,CHK-4241-1,"EDCKUL21BMPAB100
Location: AB elect Room

Issue
Pending water leak detector work completion",EDCKUL21BMPAB100,equipment,8742535,construction,,611299,Critical,06/19/2026,,Promatrix DCS,company,68571,478559,ELV,22228,Construction,218881,Open,"4241, Line 29",checklist,448960842,Tarmizi Isa,06/05/2026,2026-10-07T22:41:40.554167+00:00
39282,5780836,CHK-4240-3,"EDCKUL21BMPAA100
Location: AA elect Room

Issue
Pending wired temperature and humidity work completion",EDCKUL21BMPAA100,equipment,8742534,construction,,611299,Critical,06/19/2026,,Promatrix DCS,company,68571,478559,ELV,22228,Construction,218881,Open,"4240, Line 25",checklist,448960704,Tarmizi Isa,06/05/2026,2026-10-07T22:41:40.554167+00:00
39282,5780835,CHK-4240-2,"EDCKUL21BMPAA100
Location: AA elect Room

Issue
Pending IO cable to security panel completion",EDCKUL21BMPAA100,equipment,8742534,construction,,611299,Critical,06/19/2026,,Promatrix DCS,company,68571,459229,Electrical,22228,Construction,218881,Open,"4240, Line 25",checklist,448960704,Tarmizi Isa,06/05/2026,2026-10-07T22:41:40.554167+00:00
39282,5780832,CHK-4240-1,"EDCKUL21BMPAA100
Location: AA elect Room

Issue
Pending water leak detector work completion",EDCKUL21BMPAA100,equipment,8742534,construction,,611299,Critical,06/19/2026,,Promatrix DCS,company,68571,478559,ELV,22228,Construction,218881,Open,"4240, Line 25",checklist,448960704,Tarmizi Isa,06/05/2026,2026-10-07T22:41:40.554167+00:00
39282,5773901,CHK-4449-1,"EDCKUL21DSGAZ110
Location: Tx deck 3F

Issue: Pending fireman switch installation",EDCKUL21DSGAZ110,equipment,8741942,construction,,611299,Critical,06/18/2026,07/27/2026,Siemens Malaysia,company,69030,459229,Electrical,,,218884,Closed,"4449, Line 25",checklist,448989533,Alif Aizat,06/04/2026,2026-10-07T22:41:40.554167+00:00
39282,5773899,CHK-4447-3,"EDCKUL21DSGAF110
Location: Tx deck 3F

Issue: Pending fireman switch installation",EDCKUL21DSGAF110,equipment,8741940,construction,,611299,Critical,06/18/2026,07/27/2026,Siemens Malaysia,company,69030,459229,Electrical,,,218884,Closed,"4447, Line 25",checklist,448989256,Alif Aizat,06/04/2026,2026-10-07T22:41:40.554167+00:00
39282,5773897,CHK-4446-1,"EDCKUL21DSGAE110
Location: Tx deck 3F

Issue: Pending fireman switch installation",EDCKUL21DSGAE110,equipment,8741939,construction,,611299,Critical,06/18/2026,07/27/2026,Siemens Malaysia,company,69030,459229,Electrical,,,218884,Closed,"4446, Line 25",checklist,448989115,Alif Aizat,06/04/2026,2026-10-07T22:41:40.554167+00:00
39282,5773894,CHK-4445-1,"EDCKUL21DSGAD110
Location: Tx deck 3F

Issue: Pending fireman switch installation",EDCKUL21DSGAD110,equipment,8741938,construction,,611299,Critical,06/18/2026,07/27/2026,Siemens Malaysia,company,69030,459229,Electrical,,,218884,Closed,"4445, Line 25",checklist,448988984,Alif Aizat,06/04/2026,2026-10-07T22:41:40.554167+00:00
39282,5773890,CHK-4448-3,"EDCKUL21DSGAH110
Location: Tx deck 2F

Issue: Pending fireman switch installation",EDCKUL21DSGAH110,equipment,8741941,construction,,611299,Critical,06/18/2026,07/27/2026,Siemens Malaysia,company,69030,459229,Electrical,,,218884,Closed,"4448, Line 25",checklist,448989395,Alif Aizat,06/04/2026,2026-10-07T22:41:40.554167+00:00
39282,5773889,CHK-4444-1,"EDCKUL21DSGAC110
Location: Tx deck 2F

Issue: Pending fireman switch installation",EDCKUL21DSGAC110,equipment,8741937,construction,,611299,Critical,06/18/2026,07/27/2026,Siemens Malaysia,company,69030,459229,Electrical,,,218884,Closed,"4444, Line 25",checklist,448988848,Alif Aizat,06/04/2026,2026-10-07T22:41:40.554167+00:00
39282,5773887,CHK-4443-1,"EDCKUL21DSGAB110
Location: Tx deck 2F

Issue: Pending fireman switch installation",EDCKUL21DSGAB110,equipment,8741936,construction,,611299,Critical,06/18/2026,07/27/2026,Siemens Malaysia,company,69030,459229,Electrical,,,218884,Closed,"4443, Line 25",checklist,448988709,Alif Aizat,06/04/2026,2026-10-07T22:41:40.554167+00:00
39282,5773854,CHK-4442-2,"EDCKUL21DSGAA110
Location: Tx deck 2F

Issue: Pending fireman switch installation",EDCKUL21DSGAA110,equipment,8741935,construction,,611298,Non-Critical,06/18/2026,07/27/2026,Siemens Malaysia,company,69030,459229,Electrical,,,218884,Closed,"4442, Line 25",checklist,448988569,Alif Aizat,06/04/2026,2026-10-07T22:41:40.554167+00:00
39282,5766743,CHK-7563-1,"EDCKUL21UDPAE110
Location: STS AE room

Issue
Pending new nameplate replacement",EDCKUL21UDPAE110,equipment,11605606,construction,,611298,Non-Critical,06/17/2026,06/14/2026,Powerwell,company,68459,459229,Electrical,,,218884,Closed,"7563, Line 11",checklist,767553731,Tarmizi Isa,06/03/2026,2026-10-07T22:41:40.554167+00:00
39282,5762015,CHK-4512-4,"EDCKUL21MBCAH110
Location: AH Elect room

Issue
Pending fireman switch cable completion and termination",EDCKUL21MBCAH110,equipment,8742005,construction,,611299,Critical,06/16/2026,,Promatrix DCS,company,68571,459229,Electrical,,,218881,Open,"4512, Line 25",checklist,448994535,Tarmizi Isa,06/02/2026,2026-10-07T22:41:40.554167+00:00
39282,5762004,CHK-4512-3,"EDCKUL21MBCAH110
Location: AH Elect room

Issue
Pending dismantling of EPPAH610 incoming cable and reinstallation of cable feed from MBCAH210",EDCKUL21MBCAH110,equipment,8742005,construction,,611299,Critical,06/16/2026,07/08/2026,Promatrix DCS,company,68571,459229,Electrical,,,218884,Closed,"4512, Line 25",checklist,448994535,Tarmizi Isa,06/02/2026,2026-10-07T22:41:40.554167+00:00
39282,5761997,CHK-4512-2,"EDCKUL21MBCAH110
Location: AH Elect room

Issue
Pending dismantling of EPPAH410 incoming cable and reinstallation of cable feed from MBCAH210",EDCKUL21MBCAH110,equipment,8742005,construction,,611299,Critical,06/16/2026,07/08/2026,Promatrix DCS,company,68571,459229,Electrical,,,218884,Closed,"4512, Line 25",checklist,448994535,Tarmizi Isa,06/02/2026,2026-10-07T22:41:40.554167+00:00
39282,5760539,CHK-4454-1,"EDCKUL21EPPAH610
Location: AH Elect room

Issue
Pending incoming cable works completion for feed from MBCAH210",EDCKUL21EPPAH610,equipment,8741947,construction,,611299,Critical,06/16/2026,07/10/2026,Promatrix DCS,company,68571,459229,Electrical,,,218884,Closed,"4454, Line 25",checklist,448990212,Tarmizi Isa,06/02/2026,2026-10-07T22:41:40.554167+00:00
39282,5760530,CHK-4452-1,"EDCKUL21EPPBH410
Location: BH Elect room

Issue
Pending incoming cable works completion for feed from MBCAH210",EDCKUL21EPPAH410,equipment,8741945,construction,,611299,Critical,06/16/2026,07/07/2026,Promatrix DCS,company,68571,459229,Electrical,,,218884,Closed,"4452, Line 25",checklist,448989944,Tarmizi Isa,06/02/2026,2026-10-07T22:41:40.554167+00:00
39282,5760518,CHK-8062-1,"EDCKUL21EPPAH210
Location: MAR room,GF

Issue
Pending cable works completion for switch socket outlets at SOC Room",EDCKUL21EPPAH210,equipment,8741943,construction,,611299,Critical,06/16/2026,10/07/2026,Promatrix DCS,company,68571,459229,Electrical,,,218884,Closed,"8062, Line 20",checklist,800870240,Tarmizi Isa,06/02/2026,2026-10-07T22:41:40.554167+00:00
39282,5744982,CHK-4545-6,"EDCKUL21MSBAZ110
Location: AZ Elect Room

Issue
Pending cable completion and termination works for the feeder to UPSAZ310",EDCKUL21MSBAZ110,equipment,8742036,construction,,611299,Critical,06/12/2026,09/01/2026,Promatrix DCS,company,68571,459229,Electrical,,,218884,Closed,"4545, Line 25",checklist,448996548,Tarmizi Isa,05/29/2026,2026-10-07T22:41:40.554167+00:00
39282,5744980,CHK-4545-5,"EDCKUL21MSBAZ110
Location: AZ Elect Room

Issue
Pending cable completion and termination works for the feeder to MBCAZ210",EDCKUL21MSBAZ110,equipment,8742036,construction,,611299,Critical,06/12/2026,09/01/2026,Promatrix DCS,company,68571,459229,Electrical,,,218884,Closed,"4545, Line 25",checklist,448996548,Tarmizi Isa,05/29/2026,2026-10-07T22:41:40.554167+00:00
39282,5744978,CHK-4545-4,"EDCKUL21MSBAZ110
Location: AZ Elect Room

Issue
Pending cable completion and termination works for the feeder to UPSAZ110, UPSAZ210",EDCKUL21MSBAZ110,equipment,8742036,construction,,611299,Critical,06/12/2026,09/01/2026,Promatrix DCS,company,68571,459229,Electrical,,,218884,Closed,"4545, Line 25",checklist,448996548,Tarmizi Isa,05/29/2026,2026-10-07T22:41:40.554167+00:00
39282,5744974,CHK-4545-3,"EDCKUL21MSBAZ110
Location: AZ Elect Room

Issue
Pending cable completion and termination works for the feeder to CHL",EDCKUL21MSBAZ110,equipment,8742036,construction,,611299,Critical,06/12/2026,10/07/2026,Promatrix DCS,company,68571,459229,Electrical,,,218884,Closed,"4545, Line 25",checklist,448996548,Tarmizi Isa,05/29/2026,2026-10-07T22:41:40.554167+00:00
39282,5744973,CHK-4545-2,"EDCKUL21MSBAZ110
Location: AZ Elect Room

Issue
Pending fireman switch cable completion and termination",EDCKUL21MSBAZ110,equipment,8742036,construction,,611299,Critical,06/12/2026,,Promatrix DCS,company,68571,459229,Electrical,,,218881,Open,"4545, Line 25",checklist,448996548,Tarmizi Isa,05/29/2026,2026-10-07T22:41:40.554167+00:00
39282,5744968,CHK-4542-6,"EDCKUL21MSBAH110
Location: AH Elect Room

Issue
Pending cable completion and termination works for the feeder to UPSAT310",EDCKUL21MSBAH110,equipment,8742033,construction,,611299,Critical,06/12/2026,,Tarmizi Isa,person,256198,459229,Electrical,,,218881,Open,"4542, Line 25",checklist,448996365,Tarmizi Isa,05/29/2026,2026-10-07T22:41:40.554167+00:00
39282,5744965,CHK-4542-5,"EDCKUL21MSBAH110
Location: AH Elect Room

Issue
Pending cable completion and termination works for the feeder to MBCAH210",EDCKUL21MSBAH110,equipment,8742033,construction,,611299,Critical,06/12/2026,07/08/2026,Promatrix DCS,company,68571,459229,Electrical,,,218884,Closed,"4542, Line 25",checklist,448996365,Tarmizi Isa,05/29/2026,2026-10-07T22:41:40.554167+00:00
39282,5744962,CHK-4542-4,"EDCKUL21MSBAH110
Location: AH Elect Room

Issue
Pending cable completion and termination works for the feeder to UPSAH110 and UPSAH210",EDCKUL21MSBAH110,equipment,8742033,construction,,611299,Critical,06/12/2026,,Tarmizi Isa,person,256198,459229,Electrical,,,218881,Open,"4542, Line 25",checklist,448996365,Tarmizi Isa,05/29/2026,2026-10-07T22:41:40.554167+00:00
39282,5744958,CHK-4542-3,"EDCKUL21MSBAH110
Location: AH Elect Room

Issue
Pending cable completion and termination works for the feeder to CHL",EDCKUL21MSBAH110,equipment,8742033,construction,,611299,Critical,06/12/2026,09/28/2026,Promatrix DCS,company,68571,459229,Electrical,,,218884,Closed,"4542, Line 25",checklist,448996365,Tarmizi Isa,05/29/2026,2026-10-07T22:41:40.554167+00:00
39282,5744955,CHK-4542-2,"EDCKUL21MSBAH110
Location: AH Elect Room

Issue
Pending fireman switch cable completion and termination",EDCKUL21MSBAH110,equipment,8742033,construction,,611299,Critical,06/12/2026,,Promatrix DCS,company,68571,459229,Electrical,,,218881,Open,"4542, Line 25",checklist,448996365,Tarmizi Isa,05/29/2026,2026-10-07T22:41:40.554167+00:00
39282,5744948,CHK-4541-6,"EDCKUL21MSBAF110
Location: AF Elect Room

Issue
Pending cable completion and termination works for the feeder to UPSAF310",EDCKUL21MSBAF110,equipment,8742032,construction,,611299,Critical,06/12/2026,08/19/2026,Promatrix DCS,company,68571,459229,Electrical,,,218884,Closed,"4541, Line 25",checklist,448996304,Tarmizi Isa,05/29/2026,2026-10-07T22:41:40.554167+00:00
39282,5744946,CHK-4541-5,"EDCKUL21MSBAF110
Location: AF Elect Room

Issue
Pending cable completion and termination works for the feeder to MBCAF210",EDCKUL21MSBAF110,equipment,8742032,construction,,611299,Critical,06/12/2026,08/19/2026,Promatrix DCS,company,68571,459229,Electrical,,,218884,Closed,"4541, Line 25",checklist,448996304,Tarmizi Isa,05/29/2026,2026-10-07T22:41:40.554167+00:00
39282,5744944,CHK-4541-4,"EDCKUL21MSBAF110
Location: AF Elect Room

Issue
Pending cable completion and termination works for the feeder to UPSAF110, UPSAF210",EDCKUL21MSBAF110,equipment,8742032,construction,,611299,Critical,06/12/2026,08/19/2026,Promatrix DCS,company,68571,459229,Electrical,,,218884,Closed,"4541, Line 25",checklist,448996304,Tarmizi Isa,05/29/2026,2026-10-07T22:41:40.554167+00:00
39282,5744942,CHK-4541-3,"EDCKUL21MSBAF110
Location: AF Elect Room

Issue
Pending cable completion and termination works for the feeder to CHL",EDCKUL21MSBAF110,equipment,8742032,construction,,611299,Critical,06/12/2026,09/28/2026,Promatrix DCS,company,68571,459229,Electrical,,,218884,Closed,"4541, Line 25",checklist,448996304,Tarmizi Isa,05/29/2026,2026-10-07T22:41:40.554167+00:00
39282,5744937,CHK-4541-2,"EDCKUL21MSBAF110
Location: AF Elect Room

Issue
Pending fireman switch cable completion and termination",EDCKUL21MSBAF110,equipment,8742032,construction,,611299,Critical,06/12/2026,,Promatrix DCS,company,68571,459229,Electrical,,,218881,Open,"4541, Line 25",checklist,448996304,Tarmizi Isa,05/29/2026,2026-10-07T22:41:40.554167+00:00
39282,5744932,CHK-4540-6,"EDCKUL21MSBAE110
Location: AE Elect Room

Issue
Pending cable completion and termination works for the feeder to UPSAE310",EDCKUL21MSBAE110,equipment,8742031,construction,,611299,Critical,06/12/2026,09/30/2026,Promatrix DCS,company,68571,459229,Electrical,,,218884,Closed,"4540, Line 25",checklist,448996243,Tarmizi Isa,05/29/2026,2026-10-07T22:41:40.554167+00:00
39282,5744931,CHK-4540-5,"EDCKUL21MSBAE110
Location: AE Elect Room

Issue
Pending cable completion and termination works for the feeder to MBCAE210",EDCKUL21MSBAE110,equipment,8742031,construction,,611299,Critical,06/12/2026,07/31/2026,Promatrix DCS,company,68571,459229,Electrical,,,218884,Closed,"4540, Line 25",checklist,448996243,Tarmizi Isa,05/29/2026,2026-10-07T22:41:40.554167+00:00
39282,5744929,CHK-4540-4,"EDCKUL21MSBAE110
Location: AE Elect Room

Issue
Pending cable completion and termination works for the feeder to UPSAE110, UPSAE210",EDCKUL21MSBAE110,equipment,8742031,construction,,611299,Critical,06/12/2026,07/31/2026,Promatrix DCS,company,68571,459229,Electrical,,,218884,Closed,"4540, Line 25",checklist,448996243,Tarmizi Isa,05/29/2026,2026-10-07T22:41:40.554167+00:00
39282,5744927,CHK-4540-3,"EDCKUL21MSBAE110
Location: AE Elect Room

Issue
Pending cable completion and termination works for the feeder to CHL",EDCKUL21MSBAE110,equipment,8742031,construction,,611299,Critical,06/12/2026,09/28/2026,Promatrix DCS,company,68571,459229,Electrical,,,218884,Closed,"4540, Line 25",checklist,448996243,Tarmizi Isa,05/29/2026,2026-10-07T22:41:40.554167+00:00
39282,5744925,CHK-4540-2,"EDCKUL21MSBAE110
Location: AE Elect Room

Issue
Pending fireman switch cable completion and termination",EDCKUL21MSBAE110,equipment,8742031,construction,,611299,Critical,06/12/2026,,Promatrix DCS,company,68571,459229,Electrical,,,218881,Open,"4540, Line 25",checklist,448996243,Tarmizi Isa,05/29/2026,2026-10-07T22:41:40.554167+00:00
39282,5744921,CHK-4539-6,"EDCKUL21MSBAD110
Location: AD Elect Room

Issue
Pending cable completion and termination works for the feeder to UPSAD310",EDCKUL21MSBAD110,equipment,8742030,construction,,611299,Critical,06/12/2026,09/28/2026,Promatrix DCS,company,68571,459229,Electrical,,,218884,Closed,"4539, Line 25",checklist,448996182,Tarmizi Isa,05/29/2026,2026-10-07T22:41:40.554167+00:00
39282,5744920,CHK-4539-5,"EDCKUL21MSBAD110
Location: AD Elect Room

Issue
Pending cable completion and termination works for the feeder to MBCAD210",EDCKUL21MSBAD110,equipment,8742030,construction,,611299,Critical,06/12/2026,07/31/2026,Promatrix DCS,company,68571,459229,Electrical,,,218884,Closed,"4539, Line 25",checklist,448996182,Tarmizi Isa,05/29/2026,2026-10-07T22:41:40.554167+00:00
39282,5744918,CHK-4539-4,"EDCKUL21MSBAA110
Location: AA Elect Room

Issue
Pending cable completion and termination works for the feeder to UPSAD110, UPSAD210",EDCKUL21MSBAD110,equipment,8742030,construction,,611299,Critical,06/12/2026,07/31/2026,Promatrix DCS,company,68571,459229,Electrical,,,218884,Closed,"4539, Line 25",checklist,448996182,Tarmizi Isa,05/29/2026,2026-10-07T22:41:40.554167+00:00
39282,5744917,CHK-4539-3,"EDCKUL21MSBAD110
Location: AD Elect Room

Issue
Pending cable completion and termination works for the feeder to CHL",EDCKUL21MSBAD110,equipment,8742030,construction,,611299,Critical,06/12/2026,09/28/2026,Promatrix DCS,company,68571,459229,Electrical,,,218884,Closed,"4539, Line 25",checklist,448996182,Tarmizi Isa,05/29/2026,2026-10-07T22:41:40.554167+00:00
39282,5744916,CHK-4539-2,"EDCKUL21MSBAD110
Location: AD Elect Room

Issue
Pending fireman switch cable completion and termination",EDCKUL21MSBAD110,equipment,8742030,construction,,611299,Critical,06/12/2026,,Promatrix DCS,company,68571,459229,Electrical,,,218881,Open,"4539, Line 25",checklist,448996182,Tarmizi Isa,05/29/2026,2026-10-07T22:41:40.554167+00:00
39282,5744913,CHK-4538-6,"EDCKUL21MSBAC110
Location: AC Elect Room

Issue
Pending cable completion and termination works for the feeder to UPSAC310",EDCKUL21MSBAC110,equipment,8742029,construction,,611299,Critical,06/12/2026,08/21/2026,Promatrix DCS,company,68571,459229,Electrical,,,218884,Closed,"4538, Line 25",checklist,448996121,Tarmizi Isa,05/29/2026,2026-10-07T22:41:40.554167+00:00
39282,5744910,CHK-4538-5,"EDCKUL21MSBAC110
Location: AC Elect Room

Issue
Pending cable completion and termination works for the feeder to MBCAC210",EDCKUL21MSBAC110,equipment,8742029,construction,,611299,Critical,06/12/2026,08/21/2026,Promatrix DCS,company,68571,459229,Electrical,,,218884,Closed,"4538, Line 25",checklist,448996121,Tarmizi Isa,05/29/2026,2026-10-07T22:41:40.554167+00:00
39282,5744908,CHK-4538-4,"EDCKUL21MSBAC110
Location: AC Elect Room

Issue
Pending cable completion and termination works for the feeder to UPSAC110, UPSAC210",EDCKUL21MSBAC110,equipment,8742029,construction,,611299,Critical,06/12/2026,08/21/2026,Promatrix DCS,company,68571,459229,Electrical,,,218884,Closed,"4538, Line 25",checklist,448996121,Tarmizi Isa,05/29/2026,2026-10-07T22:41:40.554167+00:00
39282,5744906,CHK-4538-3,"EDCKUL21MSBAC110
Location: AC Elect Room

Issue
Pending cable completion and termination works for the feeder to CHL",EDCKUL21MSBAC110,equipment,8742029,construction,,611299,Critical,06/12/2026,09/28/2026,Promatrix DCS,company,68571,459229,Electrical,,,218884,Closed,"4538, Line 25",checklist,448996121,Tarmizi Isa,05/29/2026,2026-10-07T22:41:40.554167+00:00
39282,5744905,CHK-4538-2,"EDCKUL21MSBAC110
Location: AC Elect Room

Issue
Pending fireman switch cable completion and termination",EDCKUL21MSBAC110,equipment,8742029,construction,,611299,Critical,06/12/2026,,Promatrix DCS,company,68571,459229,Electrical,,,218881,Open,"4538, Line 25",checklist,448996121,Tarmizi Isa,05/29/2026,2026-10-07T22:41:40.554167+00:00
39282,5744903,CHK-4537-6,"EDCKUL21MSBAB110
Location: AB Elect Room

Issue
Pending cable completion and termination works for the feeder to UPSAB310",EDCKUL21MSBAB110,equipment,8742027,construction,,611299,Critical,06/12/2026,08/21/2026,Promatrix DCS,company,68571,459229,Electrical,,,218884,Closed,"4537, Line 25",checklist,448996060,Tarmizi Isa,05/29/2026,2026-10-07T22:41:40.554167+00:00
39282,5744902,CHK-4537-5,"EDCKUL21MSBAB110
Location: AB Elect Room

Issue
Pending cable completion and termination works for the feeder to MBCAB210",EDCKUL21MSBAB110,equipment,8742027,construction,,611299,Critical,06/12/2026,08/21/2026,Promatrix DCS,company,68571,459229,Electrical,,,218884,Closed,"4537, Line 25",checklist,448996060,Tarmizi Isa,05/29/2026,2026-10-07T22:41:40.554167+00:00
39282,5744900,CHK-4537-4,"EDCKUL21MSBAB110
Location: AB Elect Room

Issue
Pending cable completion and termination works for the feeder to UPSAB110, UPSAB210",EDCKUL21MSBAB110,equipment,8742027,construction,,611299,Critical,06/12/2026,08/21/2026,Promatrix DCS,company,68571,459229,Electrical,,,218884,Closed,"4537, Line 25",checklist,448996060,Tarmizi Isa,05/29/2026,2026-10-07T22:41:40.554167+00:00
39282,5744897,CHK-4537-3,"EDCKUL21MSBAB110
Location: AB Elect Room

Issue
Pending cable completion and termination works for the feeder to CHL",EDCKUL21MSBAB110,equipment,8742027,construction,,611299,Critical,06/12/2026,09/28/2026,Promatrix DCS,company,68571,459229,Electrical,,,218884,Closed,"4537, Line 25",checklist,448996060,Tarmizi Isa,05/29/2026,2026-10-07T22:41:40.554167+00:00
39282,5744893,CHK-4537-2,"EDCKUL21MSBAB110
Location: AB Elect Room

Issue
Pending fireman switch cable completion and termination",EDCKUL21MSBAB110,equipment,8742027,construction,,611299,Critical,06/12/2026,,Promatrix DCS,company,68571,459229,Electrical,,,218881,Open,"4537, Line 25",checklist,448996060,Tarmizi Isa,05/29/2026,2026-10-07T22:41:40.554167+00:00
39282,5744888,CHK-4536-6,"EDCKUL21MSBAA110
Location: AA Elect Room

Issue
Pending cable completion and termination works for the feeder to UPSAA310",EDCKUL21MSBAA110,equipment,8742028,construction,,611299,Critical,06/12/2026,08/21/2026,Promatrix DCS,company,68571,459229,Electrical,,,218884,Closed,"4536, Line 25",checklist,448995999,Tarmizi Isa,05/29/2026,2026-10-07T22:41:40.554167+00:00
39282,5744885,CHK-4536-5,"EDCKUL21MSBAA110
Location: AA Elect Room

Issue
Pending cable completion and termination works for the feeder to MBCAA210",EDCKUL21MSBAA110,equipment,8742028,construction,,611299,Critical,06/12/2026,08/21/2026,Promatrix DCS,company,68571,459229,Electrical,,,218884,Closed,"4536, Line 25",checklist,448995999,Tarmizi Isa,05/29/2026,2026-10-07T22:41:40.554167+00:00
39282,5744883,CHK-4536-4,"EDCKUL21MSBAA110
Location: AAElect Room

Issue
Pending cable completion and termination works for the feeder to UPSAA110, UPSAA210",EDCKUL21MSBAA110,equipment,8742028,construction,,611299,Critical,06/12/2026,08/21/2026,Promatrix DCS,company,68571,459229,Electrical,,,218884,Closed,"4536, Line 25",checklist,448995999,Tarmizi Isa,05/29/2026,2026-10-07T22:41:40.554167+00:00
39282,5744881,CHK-4536-3,"EDCKUL21MSBAA110
Location: AA Elect Room

Issue
Pending cable completion and termination works for the feeder to CHL",EDCKUL21MSBAA110,equipment,8742028,construction,,611299,Critical,06/12/2026,09/08/2026,Promatrix DCS,company,68571,459229,Electrical,,,218884,Closed,"4536, Line 25",checklist,448995999,Tarmizi Isa,05/29/2026,2026-10-07T22:41:40.554167+00:00
39282,5744878,CHK-4536-2,"EDCKUL21MSBAA110
Location: AA Elect Room

Issue
Pending fireman switch cable completion and termination",EDCKUL21MSBAA110,equipment,8742028,construction,,611299,Critical,06/12/2026,,Promatrix DCS,company,68571,459229,Electrical,,,218881,Open,"4536, Line 25",checklist,448995999,Tarmizi Isa,05/29/2026,2026-10-07T22:41:40.554167+00:00
39282,5718740,CHK-4532-3,"EDCKUL21MDPAHB10
Location: Main Corridor Q2-L2

Issue
Pending BMS IO cable completion and termination",EDCKUL21MDPAHB10,equipment,8742023,construction,,611299,Critical,06/09/2026,10/07/2026,Promatrix DCS,company,68571,459229,Electrical,22228,Construction,218884,Closed,"4532, Line 29",checklist,448995759,Tarmizi Isa,05/26/2026,2026-10-07T22:41:40.554167+00:00
39282,5718739,CHK-4532-2,"EDCKUL21MDPAHB10
Location: Main Corridor Q2-L2

Issue
Pending power cable feeder to ACS",EDCKUL21MDPAHB10,equipment,8742023,construction,,611299,Critical,06/09/2026,,Promatrix DCS,company,68571,459229,Electrical,,,218881,Open,"4532, Line 25",checklist,448995755,Tarmizi Isa,05/26/2026,2026-10-07T22:41:40.554167+00:00
39282,5718735,CHK-4531-3,"EDCKUL21MDPAHA10
Location: Main Corridor Q2 - L3

Issue
Pending BMS IO cable completion and termination",EDCKUL21MDPAHA10,equipment,8742022,construction,,611299,Critical,06/09/2026,10/07/2026,Promatrix DCS,company,68571,459229,Electrical,,,218884,Closed,"4531, Line 29",checklist,448995698,Tarmizi Isa,05/26/2026,2026-10-07T22:41:40.554167+00:00
39282,5718734,CHK-4531-2,"EDCKUL21MDPAHA10
Location: Main Corridor Q2 - L3

Issue
Pending fireman switch cable completion and termination",EDCKUL21MDPAHA10,equipment,8742022,construction,,611299,Critical,06/09/2026,,Promatrix DCS,company,68571,459229,Electrical,,,218881,Open,"4531, Line 25",checklist,448995694,Tarmizi Isa,05/26/2026,2026-10-07T22:41:40.554167+00:00
39282,5718730,CHK-4530-4,"EDCKUL21MDPAH910
Location: AZ Elect Room

Issue
Pending BMS IO cable completion and termination",EDCKUL21MDPAH910,equipment,8742021,construction,,611299,Critical,06/09/2026,,Tarmizi Isa,person,256198,478559,ELV,,,218881,Open,"4530, Line 29",checklist,448995637,Tarmizi Isa,05/26/2026,2026-10-07T22:41:40.554167+00:00
39282,5718729,CHK-4530-3,"EDCKUL21MDPAH910
Location: AZ Elect Room

Issue
Pending power cable feed to ACS1940",EDCKUL21MDPAH910,equipment,8742021,construction,,611299,Critical,06/09/2026,,Promatrix DCS,company,68571,459229,Electrical,,,218881,Open,"4530, Line 25",checklist,448995633,Tarmizi Isa,05/26/2026,2026-10-07T22:41:40.554167+00:00
39282,5718727,CHK-4530-2,"EDCKUL21MDPAH910
Location: AZ Elect Room

Issue
Pending fireman switch cable completion and termination",EDCKUL21MDPAH910,equipment,8742021,construction,,611299,Critical,06/09/2026,,Promatrix DCS,company,68571,459229,Electrical,,,218881,Open,"4530, Line 25",checklist,448995633,Tarmizi Isa,05/26/2026,2026-10-07T22:41:40.554167+00:00
39282,5718721,CHK-4527-2,"EDCKUL21MDPAH610
Location: AH Elect Room

Issue
Pending fireman switch cable completion and termination",EDCKUL21MDPAH610,equipment,8742018,construction,,611299,Critical,06/09/2026,,Promatrix DCS,company,68571,459229,Electrical,,,218881,Open,"4527, Line 25",checklist,448995450,Tarmizi Isa,05/26/2026,2026-10-07T22:41:40.554167+00:00
39282,5718718,CHK-4526-2,"EDCKUL21MDPAH510
Location: AH Elect Room

Issue
Pending power cable feed to ACS1450",EDCKUL21MDPAH510,equipment,8742017,construction,,611299,Critical,06/09/2026,,Promatrix DCS,company,68571,459229,Electrical,,,218881,Open,"4526, Line 25",checklist,448995389,Tarmizi Isa,05/26/2026,2026-10-07T22:41:40.554167+00:00
39282,5718716,CHK-4524-3,"EDCKUL21MDPAH310
Location: BZ Elect Room

Issue
Pending BMS IO cable completion and termination",EDCKUL21MDPAH310,equipment,8742015,construction,,611299,Critical,06/09/2026,07/14/2026,Promatrix DCS,company,68571,478559,ELV,,,218884,Closed,"4524, Line 29",checklist,448995271,Tarmizi Isa,05/26/2026,2026-10-07T22:41:40.554167+00:00
39282,5718714,CHK-4524-2,"EDCKUL21MDPAH310
Location: BZ Elect Room

Issue
Pending fireman switch cable completion and termination",EDCKUL21MDPAH310,equipment,8742015,construction,,611299,Critical,06/09/2026,,Promatrix DCS,company,68571,459229,Electrical,,,218881,Open,"4524, Line 25",checklist,448995267,Tarmizi Isa,05/26/2026,2026-10-07T22:41:40.554167+00:00
39282,5718710,CHK-4522-3,"EDCKUL21MDPAH110
Location: BH Elect Room

Issue
Pending BMS IO cable completion and termination",EDCKUL21MDPAH110,equipment,8742013,construction,,611299,Critical,06/09/2026,10/07/2026,Promatrix DCS,company,68571,478559,ELV,,,218884,Closed,"4522, Line 29",checklist,448995149,Tarmizi Isa,05/26/2026,2026-10-07T22:41:40.554167+00:00
39282,5718709,CHK-4522-2,"EDCKUL21MDPAH110
Location: BH Elect Room

Issue
Pending fireman switch cable completion and termination",EDCKUL21MDPAH110,equipment,8742013,construction,,611299,Critical,06/09/2026,,Promatrix DCS,company,68571,459229,Electrical,,,218881,Open,"4522, Line 25",checklist,448995145,Tarmizi Isa,05/26/2026,2026-10-07T22:41:40.554167+00:00
39282,5718493,CHK-7584-1,"EDCKUL21UDPAF440
Location: STS AF room

Issue
Pending new nameplate replacement",EDCKUL21UDPAF440,equipment,11605613,construction,,611298,Non-Critical,06/09/2026,06/14/2026,Powerwell,company,68459,459229,Electrical,,,218884,Closed,"7584, Line 11",checklist,767554690,Tarmizi Isa,05/26/2026,2026-10-07T22:41:40.554167+00:00
39282,5718487,CHK-7581-1,"EDCKUL21UDPAF330
Location: STS AF room

Issue
Pending new nameplate replacement",EDCKUL21UDPAF330,equipment,11605612,construction,,611298,Non-Critical,06/09/2026,06/14/2026,Powerwell,company,68459,459229,Electrical,,,218884,Closed,"7581, Line 11",checklist,767554553,Tarmizi Isa,05/26/2026,2026-10-07T22:41:40.554167+00:00
39282,5718448,CHK-7578-1,"EDCKUL21UDPAF110
Location: STS AF room

Issue
Pending new nameplate replacement",EDCKUL21UDPAF220,equipment,11605611,construction,,611298,Non-Critical,06/09/2026,06/14/2026,Powerwell,company,68459,459229,Electrical,,,218884,Closed,"7578, Line 11",checklist,767554416,Tarmizi Isa,05/26/2026,2026-10-07T22:41:40.554167+00:00
39282,5718447,CHK-7575-1,"EDCKUL21UDPAF110
Location: STS AF room

Issue
Pending new nameplate replacement",EDCKUL21UDPAF110,equipment,11605610,construction,,611298,Non-Critical,06/09/2026,06/14/2026,Powerwell,company,68459,459229,Electrical,,,218884,Closed,"7575, Line 11",checklist,767554279,Tarmizi Isa,05/26/2026,2026-10-07T22:41:40.554167+00:00
39282,5718445,CHK-7572-1,"EDCKUL21UDPAE440
Location: STS AE room

Issue
Pending new nameplate replacement",EDCKUL21UDPAE440,equipment,11605609,construction,,611298,Non-Critical,06/09/2026,06/14/2026,Powerwell,company,68459,459229,Electrical,,,218884,Closed,"7572, Line 11",checklist,767554142,Tarmizi Isa,05/26/2026,2026-10-07T22:41:40.554167+00:00
39282,5718444,CHK-7569-1,"EDCKUL21UDPAE330
Location: STS AE room

Issue
Pending new nameplate replacement",EDCKUL21UDPAE330,equipment,11605608,construction,,611298,Non-Critical,06/09/2026,06/14/2026,Powerwell,company,68459,459229,Electrical,,,218884,Closed,"7569, Line 11",checklist,767554005,Tarmizi Isa,05/26/2026,2026-10-07T22:41:40.554167+00:00
39282,5718441,CHK-7566-1,"EDCKUL21UDPAE220
Location: STS AE room

Issue
Pending new nameplate replacement",EDCKUL21UDPAE220,equipment,11605607,construction,,611298,Non-Critical,06/09/2026,06/14/2026,Powerwell,company,68459,459229,Electrical,,,218884,Closed,"7566, Line 11",checklist,767553868,Tarmizi Isa,05/26/2026,2026-10-07T22:41:40.554167+00:00
39282,5718440,CHK-7560-1,"EDCKUL21UDPAD440
Location: STS AD room

Issue
Pending new nameplate replacement",EDCKUL21UDPAD440,equipment,11605605,construction,,611298,Non-Critical,06/09/2026,08/18/2026,Powerwell,company,68459,459229,Electrical,,,218884,Closed,"7560, Line 11",checklist,767553594,Tarmizi Isa,05/26/2026,2026-10-07T22:41:40.554167+00:00
39282,5718438,CHK-7557-1,"EDCKUL21UDPAD330
Location: STS AD room

Issue
Pending new nameplate replacement",EDCKUL21UDPAD330,equipment,11605604,construction,,611298,Non-Critical,06/09/2026,06/14/2026,Powerwell,company,68459,459229,Electrical,,,218884,Closed,"7557, Line 11",checklist,767553457,Tarmizi Isa,05/26/2026,2026-10-07T22:41:40.554167+00:00
39282,5718435,CHK-7554-1,"EDCKUL21UDPAD220
Location: STS AD room

Issue
Pending new nameplate replacement",EDCKUL21UDPAD220,equipment,11605603,construction,,611298,Non-Critical,06/09/2026,06/14/2026,Powerwell,company,68459,459229,Electrical,,,218884,Closed,"7554, Line 11",checklist,767553320,Tarmizi Isa,05/26/2026,2026-10-07T22:41:40.554167+00:00
39282,5718433,CHK-7551-1,"EDCKUL21UDPAD110
Location: STS AD room

Issue
Pending new nameplate replacement",EDCKUL21UDPAD110,equipment,11605602,construction,,611298,Non-Critical,06/09/2026,08/18/2026,Powerwell,company,68459,459229,Electrical,,,218884,Closed,"7551, Line 11",checklist,767553183,Tarmizi Isa,05/26/2026,2026-10-07T22:41:40.554167+00:00
39282,5718242,CHK-7548-1,"EDCKUL21UDPAC440
Location: STS AC room

Issue
Pending new nameplate replacement",EDCKUL21UDPAC440,equipment,11605601,construction,,611298,Non-Critical,06/09/2026,06/11/2026,Powerwell,company,68459,459229,Electrical,,,218884,Closed,"7548, Line 11",checklist,767553046,Tarmizi Isa,05/26/2026,2026-10-07T22:41:40.554167+00:00
39282,5716587,CHK-7545-1,"EDCKUL21UDPAC330
Location: STS AC room

Issue
Pending new nameplate replacement",EDCKUL21UDPAC330,equipment,11605600,construction,,611298,Non-Critical,06/08/2026,06/11/2026,Powerwell,company,68459,459229,Electrical,,,218884,Closed,"7545, Line 11",checklist,767552909,Tarmizi Isa,05/25/2026,2026-10-07T22:41:40.554167+00:00
39282,5716586,CHK-7542-1,"EDCKUL21UDPAC220
Location: STS AC room

Issue
Pending new nameplate replacement",EDCKUL21UDPAC220,equipment,11605599,construction,,611298,Non-Critical,06/08/2026,06/11/2026,Powerwell,company,68459,459229,Electrical,,,218884,Closed,"7542, Line 11",checklist,767552692,Tarmizi Isa,05/25/2026,2026-10-07T22:41:40.554167+00:00
39282,5716583,CHK-7539-1,"EDCKUL21UDPAC110
Location: STS AC room

Issue
Pending new nameplate replacement",EDCKUL21UDPAC110,equipment,11605598,construction,,611298,Non-Critical,06/08/2026,06/11/2026,Powerwell,company,68459,459229,Electrical,,,218884,Closed,"7539, Line 11",checklist,767552398,Tarmizi Isa,05/25/2026,2026-10-07T22:41:40.554167+00:00
39282,5716579,CHK-7536-1,"EDCKUL21UDPAB440
Location: STS AB room

Issue
Pending new nameplate replacement",EDCKUL21UDPAB440,equipment,11605597,construction,,611298,Non-Critical,06/08/2026,06/11/2026,Powerwell,company,68459,459229,Electrical,,,218884,Closed,"7536, Line 11",checklist,767552104,Tarmizi Isa,05/25/2026,2026-10-07T22:41:40.554167+00:00
39282,5716578,CHK-7533-1,"EDCKUL21UDPAB220
Location: STS AB room

Issue
Pending new nameplate replacement",EDCKUL21UDPAB330,equipment,11605596,construction,,611298,Non-Critical,06/08/2026,06/11/2026,Powerwell,company,68459,459229,Electrical,,,218884,Closed,"7533, Line 11",checklist,767551811,Tarmizi Isa,05/25/2026,2026-10-07T22:41:40.554167+00:00
39282,5716576,CHK-7530-1,"EDCKUL21UDPAB220
Location: STS AB room

Issue
Pending new nameplate replacement",EDCKUL21UDPAB220,equipment,11605595,construction,,611298,Non-Critical,06/08/2026,06/11/2026,Powerwell,company,68459,459229,Electrical,,,218884,Closed,"7530, Line 11",checklist,767551518,Tarmizi Isa,05/25/2026,2026-10-07T22:41:40.554167+00:00
39282,5716573,CHK-7527-1,"EDCKUL21UDPAB110
Location: STS AB room

Issue
Pending new nameplate replacement",EDCKUL21UDPAB110,equipment,11605594,construction,,611298,Non-Critical,06/08/2026,06/11/2026,Powerwell,company,68459,459229,Electrical,,,218884,Closed,"7527, Line 11",checklist,767551226,Tarmizi Isa,05/25/2026,2026-10-07T22:41:40.554167+00:00
39282,5716571,CHK-7524-1,"EDCKUL21UDPAA110
Location: STS AA room

Issue
Pending new nameplate replacement",EDCKUL21UDPAA440,equipment,11605593,construction,,611298,Non-Critical,06/08/2026,06/11/2026,Powerwell,company,68459,459229,Electrical,,,218884,Closed,"7524, Line 11",checklist,767550932,Tarmizi Isa,05/25/2026,2026-10-07T22:41:40.554167+00:00
39282,5716570,CHK-7521-1,"EDCKUL21UDPAA330
Location: STS AA room

Issue
Pending new nameplate replacement",EDCKUL21UDPAA330,equipment,11605592,construction,,611298,Non-Critical,06/08/2026,06/11/2026,Powerwell,company,68459,459229,Electrical,,,218884,Closed,"7521, Line 11",checklist,767550638,Tarmizi Isa,05/25/2026,2026-10-07T22:41:40.554167+00:00
39282,5716569,CHK-7518-1,"EDCKUL21UDPAA220
Location: STS AA room

Issue
Pending new nameplate replacement",EDCKUL21UDPAA220,equipment,11605591,construction,,611298,Non-Critical,06/08/2026,06/11/2026,Powerwell,company,68459,459229,Electrical,,,218884,Closed,"7518, Line 11",checklist,767550345,Tarmizi Isa,05/25/2026,2026-10-07T22:41:40.554167+00:00
39282,5716568,CHK-7515-1,"EDCKUL21UDPAA110
Location: STS AA room

Issue
Pending new nameplate replacement",EDCKUL21UDPAA110,equipment,11605590,construction,,611298,Non-Critical,06/08/2026,06/11/2026,Powerwell,company,68459,459229,Electrical,,,218884,Closed,"7515, Line 11",checklist,767550052,Tarmizi Isa,05/25/2026,2026-10-07T22:41:40.554167+00:00
39282,5686045,CHK-4497-2,"EDCKUL21GSBAA110
Location: Gen room AA

Issue: Pending fireman switch installation",EDCKUL21GSBAA110,equipment,8741991,construction,,611299,Critical,06/05/2026,07/02/2026,Promatrix DCS,company,68571,459229,Electrical,,,218884,Closed,"4497, Line 25",checklist,448993620,Alif Aizat,05/22/2026,2026-10-07T22:41:40.554167+00:00
39282,5680956,CHK-4496-3,"EDCKUL21GENAZ110
Location: Gen room AZ

Issue: Pending Modbus (RS-485) cable installation at EMCP panel",EDCKUL21GENAZ100,equipment,8741989,construction,,611299,Critical,06/04/2026,07/27/2026,Promatrix DCS,company,68571,459229,Electrical,,,218884,Closed,"4496, Line 25",checklist,448993559,Alif Aizat,05/21/2026,2026-10-07T22:41:40.554167+00:00
39282,5680938,CHK-4495-5,"EDCKUL21GENAH110
Location: Gen room AH

Issue: Pending Modbus (RS-485) cable installation at EMCP panel",EDCKUL21GENAH100,equipment,8741988,construction,,611299,Critical,06/04/2026,07/27/2026,Promatrix DCS,company,68571,459229,Electrical,,,218884,Closed,"4495, Line 25",checklist,448993498,Alif Aizat,05/21/2026,2026-10-07T22:41:40.554167+00:00
39282,5680925,CHK-4494-3,"EDCKUL21GENAF110
Location: Gen room AF

Issue: Pending Modbus (RS-485) cable installation at EMCP panel",EDCKUL21GENAF100,equipment,8741987,construction,,611299,Critical,06/04/2026,07/27/2026,Promatrix DCS,company,68571,459229,Electrical,,,218884,Closed,"4494, Line 25",checklist,448993437,Alif Aizat,05/21/2026,2026-10-07T22:41:40.554167+00:00
39282,5680912,CHK-4493-3,"EDCKUL21GSBAE110
Location: Gen room AE

Issue: Pending Modbus (RS-485) cable installation at EMCP panel",EDCKUL21GENAE100,equipment,8741986,construction,,611299,Critical,06/04/2026,07/27/2026,Promatrix DCS,company,68571,459229,Electrical,,,218884,Closed,"4493, Line 25",checklist,448993376,Alif Aizat,05/21/2026,2026-10-07T22:41:40.554167+00:00
39282,5680910,CHK-4492-3,"EDCKUL21GENAD110
Location: Gen room AD

Issue: Pending Modbus (RS-485) cable installation at EMCP panel",EDCKUL21GENAD100,equipment,8741985,construction,,611299,Critical,06/04/2026,07/27/2026,Promatrix DCS,company,68571,459229,Electrical,,,218884,Closed,"4492, Line 25",checklist,448993315,Alif Aizat,05/21/2026,2026-10-07T22:41:40.554167+00:00
39282,5680880,CHK-4491-4,"EDCKUL21GENAC110
Location: Gen room AC

Issue: Pending Modbus (RS-485) cable installation at EMCP panel",EDCKUL21GENAC100,equipment,8741984,construction,,611299,Critical,06/04/2026,07/27/2026,Promatrix DCS,company,68571,459229,Electrical,,,218884,Closed,"4491, Line 25",checklist,448993254,Alif Aizat,05/21/2026,2026-10-07T22:41:40.554167+00:00
39282,5680874,CHK-4490-4,"EDCKUL21GENAB110
Location: Gen room AB

Issue: Pending Modbus (RS-485) cable installation at EMCP panel",EDCKUL21GENAB100,equipment,8741983,construction,,611299,Critical,06/04/2026,07/27/2026,Promatrix DCS,company,68571,459229,Electrical,,,218884,Closed,"4490, Line 25",checklist,448993193,Alif Aizat,05/21/2026,2026-10-07T22:41:40.554167+00:00
39282,5680703,CHK-4489-3,"EDCKUL21GENAA110
Location: Gen room AA

Issue: Pending Modbus (RS-485) cable installation at EMCP panel",EDCKUL21GENAA100,equipment,8741982,construction,,611299,Critical,06/04/2026,07/27/2026,Promatrix DCS,company,68571,459229,Electrical,,,218884,Closed,"4489, Line 25",checklist,448993132,Alif Aizat,05/21/2026,2026-10-07T22:41:40.554167+00:00
39282,5673288,CHK-4496-2,"EDCKUL21GENAZ100
Location: Gen room AZ

Issue: Missing tagging radiator inlet and outlet",EDCKUL21GENAZ100,equipment,8741989,construction,,611298,Non-Critical,06/03/2026,07/24/2026,Sime Darby Industrial,company,68570,459229,Electrical,,,218884,Closed,"4496, Line 21",checklist,448993555,Alif Aizat,05/20/2026,2026-10-07T22:41:40.554167+00:00
39282,5673104,CHK-4496-1,"EDCKUL21GENAH100
Location: Gen room AH
Issue: Secondary starter missing end cap +/- terminal",EDCKUL21GENAZ100,equipment,8741989,construction,,611299,Critical,06/03/2026,06/08/2026,Sime Darby Industrial,company,68570,459229,Electrical,,,218884,Closed,"4496, Line 25",checklist,448993559,Alif Aizat,05/20/2026,2026-10-07T22:41:40.554167+00:00
39282,5673098,CHK-4494-2,"EDCKUL21GENAF100
Location: Gen room AF
Issue: Secondary starter missing end cap +/- terminal",EDCKUL21GENAF100,equipment,8741987,construction,,611299,Critical,06/03/2026,06/11/2026,Sime Darby Industrial,company,68570,459229,Electrical,,,218884,Closed,"4494, Line 25",checklist,448993437,Alif Aizat,05/20/2026,2026-10-07T22:41:40.554167+00:00
39282,5673090,CHK-4494-1,"EDCKUL21GENAZ100
Location: Gen room AZ

Issue: Missing tagging radiator inlet and outlet",EDCKUL21GENAF100,equipment,8741987,construction,,611298,Non-Critical,06/03/2026,06/08/2026,Sime Darby Industrial,company,68570,459229,Electrical,,,218884,Closed,"4494, Line 21",checklist,448993433,Alif Aizat,05/20/2026,2026-10-07T22:41:40.554167+00:00
39282,5660788,CHK-4493-2,"EDCKUL21GENAE100
Location: Gen room AE
Issue: Secondary starter missing end cap +/- terminal",EDCKUL21GENAE100,equipment,8741986,construction,,611299,Critical,06/01/2026,06/08/2026,Sime Darby Industrial,company,68570,459229,Electrical,,,218884,Closed,"4493, Line 25",checklist,448993376,Alif Aizat,05/18/2026,2026-10-07T22:41:40.554167+00:00
39282,5660775,CHK-4493-1,"EDCKUL21GENAE100
Location: Gen room AE

Issue: Missing tagging radiator inlet and outlet",EDCKUL21GENAE100,equipment,8741986,construction,,611298,Non-Critical,06/01/2026,06/11/2026,Sime Darby Industrial,company,68570,459229,Electrical,,,218884,Closed,"4493, Line 21",checklist,448993372,Alif Aizat,05/18/2026,2026-10-07T22:41:40.554167+00:00
39282,5660759,CHK-4489-2,"EDCKUL21GENAA100
Location: Gen room AA
Issue: Secondary starter missing end cap +/- terminal",EDCKUL21GENAA100,equipment,8741982,construction,,611299,Critical,06/01/2026,06/08/2026,Sime Darby Industrial,company,68570,459229,Electrical,,,218884,Closed,"4489, Line 25",checklist,448993132,Alif Aizat,05/18/2026,2026-10-07T22:41:40.554167+00:00
39282,5660745,CHK-4489-1,"EDCKUL21GENAA100
Location: Gen room AA

Issue: Missing tagging radiator inlet and outlet",EDCKUL21GENAA100,equipment,8741982,construction,,611298,Non-Critical,06/01/2026,06/08/2026,Sime Darby Industrial,company,68570,459229,Electrical,,,218884,Closed,"4489, Line 21",checklist,448993128,Alif Aizat,05/18/2026,2026-10-07T22:41:40.554167+00:00
39282,5660679,CHK-4492-2,"EDCKUL21GENAD100
Location: Gen room AD

Issue: Missing tagging radiator inlet and outlet",EDCKUL21GENAD100,equipment,8741985,construction,,611298,Non-Critical,06/01/2026,06/08/2026,Sime Darby Industrial,company,68570,459229,Electrical,,,218884,Closed,"4492, Line 21",checklist,448993311,Alif Aizat,05/18/2026,2026-10-07T22:41:40.554167+00:00
39282,5660676,CHK-4492-1,"EDCKUL21GENAD100
Location: Gen room AD
Issue: Secondary starter missing end cap +/- terminal",EDCKUL21GENAD100,equipment,8741985,construction,,611299,Critical,06/01/2026,06/08/2026,Sime Darby Industrial,company,68570,459229,Electrical,,,218884,Closed,"4492, Line 25",checklist,448993315,Alif Aizat,05/18/2026,2026-10-07T22:41:40.554167+00:00
39282,5660543,CHK-4490-3,"EDCKUL21GENAB100
Location: Gen room AB
Issue: Cable snap internal wiring EMCP panel",EDCKUL21GENAB100,equipment,8741983,construction,,611299,Critical,06/01/2026,06/09/2026,Sime Darby Industrial,company,68570,459229,Electrical,,,218884,Closed,"4490, Line 25",checklist,448993193,Alif Aizat,05/18/2026,2026-10-07T22:41:40.554167+00:00
39282,5660513,CHK-4491-3,"EDCKUL21GENAC100
Location: Gen room AC
Issue: Buzzer alarm damage EMCP panel",EDCKUL21GENAC100,equipment,8741984,construction,,611299,Critical,06/01/2026,06/08/2026,Sime Darby Industrial,company,68570,459229,Electrical,,,218884,Closed,"4491, Line 25",checklist,448993254,Alif Aizat,05/18/2026,2026-10-07T22:41:40.554167+00:00
39282,5660403,CHK-4490-2,"EDCKUL21GENAB100
Location: Gen room AB

Issue: Missing tagging radiator inlet and outlet",EDCKUL21GENAB100,equipment,8741983,construction,,611298,Non-Critical,06/01/2026,06/08/2026,Sime Darby Industrial,company,68570,459229,Electrical,,,218884,Closed,"4490, Line 21",checklist,448993189,Alif Aizat,05/18/2026,2026-10-07T22:41:40.554167+00:00
39282,5660349,CHK-4490-1,"EDCKUL21GENAB100
Location: Gen room AB
Issue: Secondary starter missing end cap +/- terminal",EDCKUL21GENAB100,equipment,8741983,construction,,611299,Critical,06/01/2026,06/08/2026,Sime Darby Industrial,company,68570,459229,Electrical,,,218884,Closed,"4490, Line 25",checklist,448993193,Alif Aizat,05/18/2026,2026-10-07T22:41:40.554167+00:00
39282,5660336,CHK-4491-2,"EDCKUL21GENAC100
Location: Gen room AC
Issue: Secondary starter missing end cap +/- terminal",EDCKUL21GENAC100,equipment,8741984,construction,,611299,Critical,06/01/2026,06/08/2026,Sime Darby Industrial,company,68570,459229,Electrical,,,218884,Closed,"4491, Line 25",checklist,448993254,Alif Aizat,05/18/2026,2026-10-07T22:41:40.554167+00:00
39282,5660215,CHK-4491-1,"EDCKUL21GENAC100
Location: Gen room AC

Issue: Missing tagging radiator inlet and outlet",EDCKUL21GENAC100,equipment,8741984,construction,,611298,Non-Critical,06/01/2026,06/11/2026,Sime Darby Industrial,company,68570,459229,Electrical,,,218884,Closed,"4491, Line 25",checklist,448993254,Alif Aizat,05/18/2026,2026-10-07T22:41:40.554167+00:00
39282,5660176,CHK-4495-4,"EDCKUL21GENAH100
Location: Gen room AH
Issue: Secondary starter missing end cap +/- terminal",EDCKUL21GENAH100,equipment,8741988,construction,,611299,Critical,06/01/2026,06/08/2026,Sime Darby Industrial,company,68570,459229,Electrical,,,218884,Closed,"4495, Line 25",checklist,448993498,Alif Aizat,05/18/2026,2026-10-07T22:41:40.554167+00:00
39282,5660170,CHK-4495-3,"EDCKUL21GENAH100
Location: Gen room AH 

Issue: Missing tagging radiator inlet and outlet",EDCKUL21GENAH100,equipment,8741988,construction,,611298,Non-Critical,06/01/2026,06/08/2026,Sime Darby Industrial,company,68570,459229,Electrical,,,218884,Closed,"4495, Line 21",checklist,448993494,Alif Aizat,05/18/2026,2026-10-07T22:41:40.554167+00:00
39282,5660161,CHK-4495-2,"EDCKUL21GENAH100
Location: Gen room AH
Issue: Please change 2800kW to 2400kW for house generator.",EDCKUL21GENAH100,equipment,8741988,construction,,611298,Non-Critical,06/01/2026,06/11/2026,Sime Darby Industrial,company,68570,459229,Electrical,,,218884,Closed,"4495, Line 20",checklist,448993493,Alif Aizat,05/18/2026,2026-10-07T22:41:40.554167+00:00
39282,5651372,CHK-7468-1,"EDCKUL21GDTAB100

Location: AB Genset Room

Issue
To touch up scratch part",EDCKUL21GDTAB100,equipment,8741975,construction,,611298,Non-Critical,05/29/2026,06/18/2026,Sime Darby Industrial,company,68570,459236,Mechanical,,,218884,Closed,"7468, Line 29",checklist,767393025,Nadhirah Mazlan,05/15/2026,2026-10-07T22:41:40.554167+00:00
39282,5651357,CHK-7466-1,"EDCKUL21GDTAA100

Location: AA Genset Room

Issue
To touch up scratch part",EDCKUL21GDTAA100,equipment,8741974,construction,,611298,Non-Critical,05/29/2026,06/08/2026,Sime Darby Industrial,company,68570,459236,Mechanical,,,218884,Closed,"7466, Line 29",checklist,767392923,Nadhirah Mazlan,05/15/2026,2026-10-07T22:41:40.554167+00:00
39282,5644858,CHK-4502-1,"EDCKUL21GSBAF110
Location: Gen room AF

Issue: The busduct flexible link connection at cable box not aligned center",EDCKUL21GSBAF110,equipment,8741996,construction,,611299,Critical,05/28/2026,06/18/2026,Promatrix DCS,company,68571,459229,Electrical,,,218884,Closed,"4502, Line 25",checklist,448993925,Alif Aizat,05/14/2026,2026-10-07T22:41:40.554167+00:00
39282,5644847,CHK-4501-1,"EDCKUL21GSBAE110
Location: Gen room AE

Issue: The busduct flexible link connection at cable box not aligned center",EDCKUL21GSBAE110,equipment,8741995,construction,,611299,Critical,05/28/2026,06/18/2026,Promatrix DCS,company,68571,459229,Electrical,,,218884,Closed,"4501, Line 25",checklist,448993864,Alif Aizat,05/14/2026,2026-10-07T22:41:40.554167+00:00
39282,5644835,CHK-4500-1,"EDCKUL21GSBAD110
Location: Gen room AD

Issue: The busduct flexible link connection at cable box not aligned center",EDCKUL21GSBAD110,equipment,8741994,construction,,611299,Critical,05/28/2026,06/18/2026,Promatrix DCS,company,68571,459229,Electrical,,,218884,Closed,"4500, Line 25",checklist,448993803,Alif Aizat,05/14/2026,2026-10-07T22:41:40.554167+00:00
39282,5644825,CHK-4499-1,"EDCKUL21GSBAC110
Location: Gen room AC

Issue: The busduct flexible link connection at cable box not aligned center",EDCKUL21GSBAC110,equipment,8741993,construction,,611299,Critical,05/28/2026,06/18/2026,Promatrix DCS,company,68571,459229,Electrical,,,218884,Closed,"4499, Line 25",checklist,448993742,Alif Aizat,05/14/2026,2026-10-07T22:41:40.554167+00:00
39282,5644811,CHK-4498-1,"EDCKUL21GSBAB110
Location: Gen room AB

Issue: The busduct flexible link connection at cable box not aligned center",EDCKUL21GSBAB110,equipment,8741992,construction,,611299,Critical,05/28/2026,06/18/2026,Promatrix DCS,company,68571,459229,Electrical,,,218884,Closed,"4498, Line 25",checklist,448993681,Alif Aizat,05/14/2026,2026-10-07T22:41:40.554167+00:00
39282,5644808,CHK-4497-1,"EDCKUL21GSBAA110
Location: Gen room AA

Issue: The busduct flexible link connection at cable box not aligned center",EDCKUL21GSBAA110,equipment,8741991,construction,,611299,Critical,05/28/2026,06/18/2026,Promatrix DCS,company,68571,459229,Electrical,,,218884,Closed,"4497, Line 25",checklist,448993620,Alif Aizat,05/14/2026,2026-10-07T22:41:40.554167+00:00
39282,5644806,CHK-4504-1,"EDCKUL21GSBAZ110
Location: Gen room AZ

Issue: The busduct flexible link connection at cable box not aligned center",EDCKUL21GSBAZ110,equipment,8741997,construction,,611299,Critical,05/28/2026,06/18/2026,Promatrix DCS,company,68571,459229,Electrical,,,218884,Closed,"4504, Line 25",checklist,448994047,Alif Aizat,05/14/2026,2026-10-07T22:41:40.554167+00:00
39282,5644628,CHK-4503-6,"EDCKUL21GSBAH110
Location: Gen room AH

Issue: The busduct flexible link connection at cable box not aligned center",EDCKUL21GSBAH110,equipment,8741998,construction,,611299,Critical,05/28/2026,06/18/2026,Promatrix DCS,company,68571,459229,Electrical,,,218884,Closed,"4503, Line 25",checklist,448993986,Alif Aizat,05/14/2026,2026-10-07T22:41:40.554167+00:00
39282,5644606,CHK-4495-1,"EDCKUL21GENAH100
Location: Gen room AH
Issue: Flexible cable not install properly",EDCKUL21GENAH100,equipment,8741988,construction,,611299,Critical,05/28/2026,06/30/2026,Promatrix DCS,company,68571,459229,Electrical,,,218884,Closed,"4495, Line 25",checklist,448993498,Alif Aizat,05/14/2026,2026-10-07T22:41:40.554167+00:00
39282,5643920,CHK-4503-4,"EDCKUL21GSBAH110
Location: Gen room AH

Issue: 
1. Poor dressing cable 
2. Cable cleat does not install properly",EDCKUL21GSBAH110,equipment,8741998,construction,,611299,Critical,05/28/2026,06/08/2026,Sime Darby Industrial,company,68570,459229,Electrical,,,218884,Closed,"4503, Line 25",checklist,448993986,Alif Aizat,05/14/2026,2026-10-07T22:41:40.554167+00:00
39282,5643888,CHK-4503-3,"EDCKUL21GSBAH110
Location: Genset room GF

Issue: 
1. Screw cover plate busduct missing 
2. Screw cover busduct rusty",EDCKUL21GSBAH110,equipment,8741998,construction,,611299,Critical,05/28/2026,06/30/2026,Promatrix DCS,company,68571,459229,Electrical,,,218884,Closed,"4503, Line 25",checklist,448993986,Alif Aizat,05/14/2026,2026-10-07T22:41:40.554167+00:00
39282,5643873,CHK-4503-2,"EDCKUL21GSBAH110
Location: Gen room AH

Issue: Pending arc flash sticker",EDCKUL21GSBAH110,equipment,8741998,construction,,611298,Non-Critical,05/28/2026,07/27/2026,Sime Darby Industrial,company,68570,459229,Electrical,,,218884,Closed,"4503, Line 24",checklist,448993985,Alif Aizat,05/14/2026,2026-10-07T22:41:40.554167+00:00
39282,5461767,CHK-6419-3,"EDCKULDPPAH920
Location: Fuel pump area

Issue
It was observed that the outgoing cables serving the Fuel Operation Panel (FOP) and LED lighting may not be installed using buried underground routing or an HDG cable tray. Therefore, the drawing shall be updated accordingly",EDCKUL21DPPAH920,equipment,11964145,construction,,611298,Non-Critical,04/22/2026,06/23/2026,Promatrix DCS,company,68571,459229,Electrical,,,218884,Closed,"6419, Line 13",checklist,714914126,Tarmizi Isa,04/08/2026,2026-10-07T22:41:40.554167+00:00
39282,5429569,CHK-6419-2,"EDCKUL21DPPAH920
Location: Fuel Pump Area

Issue
The breaker stopper is missing. This may cause the component to move easily if the breaker stopper is not installed.",EDCKUL21DPPAH920,equipment,11964145,construction,,611299,Critical,04/14/2026,04/09/2026,Promatrix DCS,company,68571,459229,Electrical,,,218884,Closed,"6419, Line 19",checklist,714914132,Tarmizi Isa,03/31/2026,2026-10-07T22:41:40.554167+00:00
39282,5429561,CHK-6419-1,"EDCKUL21DPPAH920
Location: Fuel Pump Room

Issue
It was found that the surge arrester installed is rated at 20kA, whereas the single-line diagram indicates 40kA. The surge arrester rating must follow with the approved drawing",EDCKUL21DPPAH920,equipment,11964145,construction,,,,04/14/2026,04/01/2026,Promatrix DCS,company,68571,,,,,218884,Closed,"6419, Line 13",checklist,714914126,Tarmizi Isa,03/31/2026,2026-10-07T22:41:40.554167+00:00
39282,5212315,CHK-4447-2,"EDCKUL21DSGAF110
Location: Tx deck

Issue: Terminal kit Y phase does not follow spec size",EDCKUL21DSGAF110,equipment,8741940,construction,,,,02/20/2026,04/07/2026,Siemens Malaysia,company,69030,459229,Electrical,,,218884,Closed,"4447, Line 25",checklist,448989256,Alif Aizat,02/06/2026,2026-10-07T22:41:40.554167+00:00
39282,5162454,CHK-4839-3,"EDCKUL21TRNAC100
Location: Tx Deck 2F

Issue: Nameplate cooling fan damaged.",EDCKUL21TRNAC100,equipment,8742330,construction,,611298,Non-Critical,02/06/2026,04/07/2026,Siemens Malaysia,company,69030,459229,Electrical,,,218884,Closed,"4839, Line 22",checklist,449014557,Alif Aizat,01/23/2026,2026-10-07T22:41:40.554167+00:00
39282,5161983,CHK-4839-2,"EDCKUL21TRNAC100
Location: Tx deck 2F

Issue: Temperature winding R phase does not capture have alarm OP (Open circuit)",EDCKUL21TRNAC100,equipment,8742330,construction,,,,02/06/2026,04/07/2026,Siemens Malaysia,company,69030,459229,Electrical,,,218884,Closed,"4839, Line 25",checklist,449014560,Alif Aizat,01/23/2026,2026-10-07T22:41:40.554167+00:00
39282,5161962,CHK-5323-1,"EDCKUL21MBCAH110
Location: AH Elect Room

Issue
Voltmeter is not functioning, after receiving power supply",EDCKUL21MBCAH110,equipment,8742005,construction,,,,02/06/2026,02/23/2026,Powerwell,company,68459,459229,Electrical,,,218884,Closed,"5323, Line 17",checklist,449066056,Tarmizi Isa,01/23/2026,2026-10-07T22:41:40.554167+00:00
39282,5156618,CHK-4512-1,"EDCKULMBCAH110
Location: AH elect Room

Issue
Pending arc flash sticker",EDCKUL21MBCAH110,equipment,8742005,construction,,611298,Non-Critical,02/05/2026,07/27/2026,Powerwell,company,68459,459229,Electrical,,,218884,Closed,"4512, Line 24",checklist,448994534,Tarmizi Isa,01/22/2026,2026-10-07T22:41:40.554167+00:00
39282,5142086,CHK-5777-1,"EDCKUL21OAF03200
Location: 2F Corridor 3

Issue:
Control panel not installed yet",EDCKUL21OAF03200,equipment,9890914,construction,,611299,Critical,02/02/2026,02/16/2026,Promatrix DCS,company,68571,459236,Mechanical,,,218884,Closed,"5777, Line 15",checklist,531423171,Aaron Asir,01/19/2026,2026-10-07T22:41:40.554167+00:00
39282,5142085,CHK-5774-1,"EDCKUL21OAF03100
Location: 2F Corridor 2

Issue:
Control panel not installed yet",EDCKUL21OAF03100,equipment,9890913,construction,,611299,Critical,02/02/2026,02/16/2026,Promatrix DCS,company,68571,459236,Mechanical,,,218884,Closed,"5774, Line 15",checklist,531423028,Aaron Asir,01/19/2026,2026-10-07T22:41:40.554167+00:00
39282,5141160,CHK-4530-1,"EDCJUL21MDPAH910
Location: AZ Elect Room

Issue
Pending arc flash sticker",EDCKUL21MDPAH910,equipment,8742021,construction,,611298,Non-Critical,02/02/2026,07/27/2026,Promatrix DCS,company,68571,459229,Electrical,,,218884,Closed,"4530, Line 24",checklist,448995632,Tarmizi Isa,01/19/2026,2026-10-07T22:41:40.554167+00:00
39282,5141159,CHK-4531-1,"EDCKUL21MDPAHA10
Location:3rd floor, South Corridor

Issue
Pending arc flash sticker",EDCKUL21MDPAHA10,equipment,8742022,construction,,611298,Non-Critical,02/02/2026,07/27/2026,Promatrix DCS,company,68571,459229,Electrical,,,218884,Closed,"4531, Line 24",checklist,448995693,Tarmizi Isa,01/19/2026,2026-10-07T22:41:40.554167+00:00
39282,5141158,CHK-4532-1,"EDCKUL21MDPAHB10
Location : 2rd Floor, Corridor

Issue
Pending arc flash sticker",EDCKUL21MDPAHB10,equipment,8742023,construction,,611298,Non-Critical,02/02/2026,07/27/2026,Promatrix DCS,company,68571,459229,Electrical,,,218884,Closed,"4532, Line 24",checklist,448995754,Tarmizi Isa,01/19/2026,2026-10-07T22:41:40.554167+00:00
39282,5133761,CHK-3741-1,"EDCKUL21OAF00700
Location: Roof

Cannot open panel door",EDCKUL21OAF00700,equipment,8742043,construction,,611298,Non-Critical,01/30/2026,03/17/2026,Promatrix DCS,company,68571,,,,,218884,Closed,"3741, Line 18",checklist,448869774,Tyler Beaver,01/16/2026,2026-10-07T22:41:40.554167+00:00
39282,5133759,CHK-3735-1,"EDCKUL21OAF00100
Location: Roof

Cannot open panel door",EDCKUL21OAF00100,equipment,8742037,construction,,611298,Non-Critical,01/30/2026,03/17/2026,Promatrix DCS,company,68571,,,,,218884,Closed,"3735, Line 18",checklist,448869558,Tyler Beaver,01/16/2026,2026-10-07T22:41:40.554167+00:00
39282,5133757,CHK-3745-1,"EDCKUL21OAF01100
Location: Roof

Fan does not match approved submittal",EDCKUL21OAF01100,equipment,8742047,construction,,611298,Non-Critical,01/30/2026,03/17/2026,Promatrix DCS,company,68571,,,,,218884,Closed,"3745, Line 13",checklist,448869913,Tyler Beaver,01/16/2026,2026-10-07T22:41:40.554167+00:00
39282,5123343,CHK-3764-1,"EDCKUL21OAF04800
Location: 3F Corridor 9

Issue:
Control panel not installed yet",EDCKUL21OAF04800,equipment,8742066,construction,,611299,Critical,01/28/2026,02/16/2026,Promatrix DCS,company,68571,459236,Mechanical,,,218884,Closed,"3764, Line 15",checklist,448870599,Aaron Asir,01/14/2026,2026-10-07T22:41:40.554167+00:00
39282,5123342,CHK-3763-1,"EDCKUL21OAF04700
Location: 3F Corridor 3

Issue:
Control panel not installed yet",EDCKUL21OAF04700,equipment,8742065,construction,,611299,Critical,01/28/2026,02/24/2026,Promatrix DCS,company,68571,459236,Mechanical,,,218884,Closed,"3763, Line 15",checklist,448870563,Aaron Asir,01/14/2026,2026-10-07T22:41:40.554167+00:00
39282,5123341,CHK-3762-1,"EDCKUL21OAF04600
Location: 3F Corridor 5

Issue:
Control panel not installed yet",EDCKUL21OAF04600,equipment,8742064,construction,,611299,Critical,01/28/2026,04/07/2026,Promatrix DCS,company,68571,459236,Mechanical,,,218884,Closed,"3762, Line 15",checklist,448870527,Aaron Asir,01/14/2026,2026-10-07T22:41:40.554167+00:00
39282,5123340,CHK-3761-1,"EDCKUL21OAF04500
Location: 3F Corridor 4

Issue:
Control panel not installed yet",EDCKUL21OAF04500,equipment,8742063,construction,,611299,Critical,01/28/2026,02/16/2026,Promatrix DCS,company,68571,459236,Mechanical,,,218884,Closed,"3761, Line 15",checklist,448870491,Aaron Asir,01/14/2026,2026-10-07T22:41:40.554167+00:00
39282,5123332,CHK-3760-1,"EDCKUL21OAF04400
Location: 3F Corridor 7

Issue:
Control panel not installed yet",EDCKUL21OAF04400,equipment,8742062,construction,,611299,Critical,01/28/2026,02/16/2026,Promatrix DCS,company,68571,459236,Mechanical,,,218884,Closed,"3760, Line 15",checklist,448870455,Aaron Asir,01/14/2026,2026-10-07T22:41:40.554167+00:00
39282,5123329,CHK-3759-1,"EDCKUL21OAF04300
Location: 3F Corridor 8

Issue:
Control panel not installed yet",EDCKUL21OAF04300,equipment,8742061,construction,,611299,Critical,01/28/2026,02/16/2026,Promatrix DCS,company,68571,459236,Mechanical,,,218884,Closed,"3759, Line 15",checklist,448870419,Aaron Asir,01/14/2026,2026-10-07T22:41:40.554167+00:00
39282,5123328,CHK-3758-1,"EDCKUL21OAF04200
Location: 3F Corridor 6

Issue:
Control panel not installed yet",EDCKUL21OAF04200,equipment,8742060,construction,,611299,Critical,01/28/2026,02/16/2026,Promatrix DCS,company,68571,459236,Mechanical,,,218884,Closed,"3758, Line 15",checklist,448870383,Aaron Asir,01/14/2026,2026-10-07T22:41:40.554167+00:00
39282,5123327,CHK-3757-1,"EDCKUL21OAF04100
Location: 3F Corridor 1

Issue:
Control panel not installed yet",EDCKUL21OAF04100,equipment,8742059,construction,,611299,Critical,01/28/2026,02/16/2026,Promatrix DCS,company,68571,459236,Mechanical,,,218884,Closed,"3757, Line 15",checklist,448870347,Aaron Asir,01/14/2026,2026-10-07T22:41:40.554167+00:00
39282,5123325,CHK-3756-1,"EDCKUL21OAF04000
Location: 3F Corridor 2

Issue:
Control panel not installed yet",EDCKUL21OAF04000,equipment,8742058,construction,,611299,Critical,01/28/2026,02/16/2026,Promatrix DCS,company,68571,459236,Mechanical,,,218884,Closed,"3756, Line 15",checklist,448870311,Aaron Asir,01/14/2026,2026-10-07T22:41:40.554167+00:00
39282,5123323,CHK-3755-1,"EDCKUL21OAF03900
Location: 2F Corridor 9

Issue:
Control panel not installed yet",EDCKUL21OAF03900,equipment,8742057,construction,,611299,Critical,01/28/2026,02/16/2026,Promatrix DCS,company,68571,459236,Mechanical,,,218884,Closed,"3755, Line 15",checklist,448870275,Aaron Asir,01/14/2026,2026-10-07T22:41:40.554167+00:00
39282,5123321,CHK-3754-1,"EDCKUL21OAF03800
Location: 2F Corridor 1

Issue:
Control panel not installed yet",EDCKUL21OAF03800,equipment,8742056,construction,,611299,Critical,01/28/2026,02/16/2026,Promatrix DCS,company,68571,459236,Mechanical,,,218884,Closed,"3754, Line 15",checklist,448870239,Aaron Asir,01/14/2026,2026-10-07T22:41:40.554167+00:00
39282,5123312,CHK-3753-1,"EDCKUL21OAF03700
Location: 2F Corridor 5

Issue:
Control panel not installed yet",EDCKUL21OAF03700,equipment,8742055,construction,,611299,Critical,01/28/2026,04/07/2026,Promatrix DCS,company,68571,459236,Mechanical,,,218884,Closed,"3753, Line 15",checklist,448870203,Aaron Asir,01/14/2026,2026-10-07T22:41:40.554167+00:00
39282,5123311,CHK-3752-1,"EDCKUL21OAF03600
Location: 2F Corridor 4

Issue:
Control panel not installed yet",EDCKUL21OAF03600,equipment,8742054,construction,,611299,Critical,01/28/2026,02/16/2026,Promatrix DCS,company,68571,459236,Mechanical,,,218884,Closed,"3752, Line 15",checklist,448870167,Aaron Asir,01/14/2026,2026-10-07T22:41:40.554167+00:00
39282,5123304,CHK-3751-1,"EDCKUL21OAF03500
Location: 2F Corridor 7

Issue:
Control panel not installed yet",EDCKUL21OAF03500,equipment,8742053,construction,,611299,Critical,01/28/2026,02/16/2026,Promatrix DCS,company,68571,459236,Mechanical,,,218884,Closed,"3751, Line 15",checklist,448870131,Aaron Asir,01/14/2026,2026-10-07T22:41:40.554167+00:00
39282,5123288,CHK-3750-1,"EDCKUL21OAF03400
Location: 2F Corridor 8

Issue:
Control panel not installed yet",EDCKUL21OAF03400,equipment,8742052,construction,,611299,Critical,01/28/2026,02/16/2026,Promatrix DCS,company,68571,459236,Mechanical,,,218884,Closed,"3750, Line 15",checklist,448870095,Aaron Asir,01/14/2026,2026-10-07T22:41:40.554167+00:00
39282,5123287,CHK-3749-1,"EDCKUL21OAF03300
Location: 2F Corridor 6

Issue:
Control panel not installed yet",EDCKUL21OAF03300,equipment,8742051,construction,,611299,Critical,01/28/2026,02/16/2026,Promatrix DCS,company,68571,459236,Mechanical,,,218884,Closed,"3749, Line 15",checklist,448870059,Aaron Asir,01/14/2026,2026-10-07T22:41:40.554167+00:00
39282,5123097,CHK-4526-1,"EDCKUL21MDPAH510

Location: AH Elect Room

Issue
pending arc flash sticker",EDCKUL21MDPAH510,equipment,8742017,construction,,611298,Non-Critical,01/28/2026,07/08/2026,Promatrix DCS,company,68571,459229,Electrical,,,218884,Closed,"4526, Line 24",checklist,448995388,Tarmizi Isa,01/14/2026,2026-10-07T22:41:40.554167+00:00
39282,5122925,CHK-4450-1,"EDCKUL21EPPAH210
Location: MMR Room

Issue
Pending arc flash sticker",EDCKUL21EPPAH210,equipment,8741943,construction,,611298,Non-Critical,01/28/2026,07/30/2026,Promatrix DCS,company,68571,459229,Electrical,,,218884,Closed,"4450, Line 24",checklist,448989663,Tarmizi Isa,01/14/2026,2026-10-07T22:41:40.554167+00:00
39282,5122890,CHK-3503-5,"EDCKUL21CHLA0100
EDCKUL21CHLA0200
EDCKUL21CHLA0300
EDCKUL21CHLA0400
EDCKUL21CHLA0500
EDCKUL21CHLA0600
EDCKUL21CHLA0700
EDCKUL21CHLH0100

Location: Roof

Issue: 
Control panel components do not match drawings",EDCKUL21CHLA0100,equipment,8741798,construction,,611299,Critical,01/28/2026,04/14/2026,Smardt,company,70452,459236,Mechanical,,,218884,Closed,"3503, Line 13",checklist,448861060,Aaron Asir,01/14/2026,2026-10-07T22:41:40.554167+00:00
39282,5122879,CHK-3503-4,"EDCKUL21CHLA0100
EDCKUL21CHLA0200
EDCKUL21CHLA0300
EDCKUL21CHLA0400
EDCKUL21CHLA0500
EDCKUL21CHLA0600
EDCKUL21CHLA0700
EDCKUL21CHLH0100

Location: Roof

Issue: 
Internal cable management to be made good",EDCKUL21CHLA0100,equipment,8741798,construction,,611299,Critical,01/28/2026,04/14/2026,Smardt,company,70452,459236,Mechanical,,,218884,Closed,"3503, Line 17",checklist,448861064,Aaron Asir,01/14/2026,2026-10-07T22:41:40.554167+00:00
39282,5122874,CHK-3503-3,"EDCKUL21CHLA0100
EDCKUL21CHLA0200
EDCKUL21CHLA0300
EDCKUL21CHLA0400
EDCKUL21CHLA0500
EDCKUL21CHLA0600
EDCKUL21CHLA0700
EDCKUL21CHLH0100

Location: Roof

Issue: 
1. Cover panel damage
2. Sticker discolouration",EDCKUL21CHLA0100,equipment,8741798,construction,,611298,Non-Critical,01/28/2026,09/21/2026,Smardt,company,70452,459236,Mechanical,,,218884,Closed,"3503, Line 16",checklist,448861063,Aaron Asir,01/14/2026,2026-10-07T22:41:40.554167+00:00
39282,5122865,CHK-3503-2,"EDCKUL21CHLB0100
EDCKUL21CHLB0200
EDCKUL21CHLB0300
EDCKUL21CHLB0400
EDCKUL21CHLB0500
EDCKUL21CHLB0600
EDCKUL21CHLB0700
EDCKUL21CHLH0200

Location: Roof

Issue: 
1. Debris to be cleaned
2. Corroded parts to be replaced/cleaned
3. Dents on compressor to be rectified",EDCKUL21CHLA0100,equipment,8741798,construction,,611299,Critical,01/28/2026,04/14/2026,Smardt,company,70452,459236,Mechanical,,,218884,Closed,"3503, Line 16",checklist,448861063,Aaron Asir,01/14/2026,2026-10-07T22:41:40.554167+00:00
39282,5122850,CHK-4451-1,"EDCKUL21EPPAH310
Location: MMR Room

Issue
Pending arc flash sticker",EDCKUL21EPPAH310,equipment,8741944,construction,,611298,Non-Critical,01/28/2026,07/30/2026,Promatrix DCS,company,68571,459229,Electrical,,,218884,Closed,"4451, Line 24",checklist,448989802,Tarmizi Isa,01/14/2026,2026-10-07T22:41:40.554167+00:00
39282,5122849,CHK-3511-1,"EDCKUL21CHPA0100
EDCKUL21CHPA0200
EDCKUL21CHPA0300
EDCKUL21CHPA0400
EDCKUL21CHPA0500
EDCKUL21CHPA0600
EDCKUL21CHPA0700
EDCKUL21CHPH0100

Location: Roof

Issue: Spring isolator lock not removed",EDCKUL21CHPA0100,equipment,8741806,construction,,611299,Critical,01/28/2026,04/16/2026,Smardt,company,70452,459236,Mechanical,,,218884,Closed,"3511, Line 16",checklist,448861351,Aaron Asir,01/14/2026,2026-10-07T22:41:40.554167+00:00
39282,5122839,CHK-3503-1,"EDCKUL21CHLA0100
EDCKUL21CHLA0200
EDCKUL21CHLA0300
EDCKUL21CHLA0400
EDCKUL21CHLA0500
EDCKUL21CHLA0600
EDCKUL21CHLA0700
EDCKUL21CHLH0100

Location: Roof

Issue: Lifting lugs not removed",EDCKUL21CHLA0100,equipment,8741798,construction,,611299,Critical,01/28/2026,04/14/2026,Smardt,company,70452,459236,Mechanical,,,218884,Closed,"3503, Line 16",checklist,448861063,Aaron Asir,01/14/2026,2026-10-07T22:41:40.554167+00:00
39282,5117892,CHK-4841-1,"EDCKUL21TRNAE100
Location: Tx deck 2F

Issue: Door Tx MV side damaged",EDCKUL21TRNAE100,equipment,8742332,construction,,,,01/27/2026,04/07/2026,Siemens Malaysia,company,69030,459229,Electrical,,,218884,Closed,"4841, Line 34",checklist,449014691,Alif Aizat,01/13/2026,2026-10-07T22:41:40.554167+00:00
39282,5117842,CHK-5335-1,"EDCKUL21MDPAH310
Location: Electrical room BZ

Issue: Voltmeter Y phase damaged",EDCKUL21MDPAH310,equipment,8742015,construction,,,,01/27/2026,02/04/2026,Promatrix DCS,company,68571,459229,Electrical,,,218884,Closed,"5335, Line 17",checklist,449067294,Alif Aizat,01/13/2026,2026-10-07T22:41:40.554167+00:00
39282,5114558,CHK-4545-1,"EDCKUL21MSBAZ110
Location: AZ Elect room

Issue
Pending arc flash sticker",EDCKUL21MSBAZ110,equipment,8742036,construction,,611298,Non-Critical,01/26/2026,07/27/2026,Powerwell,company,68459,459229,Electrical,,,218884,Closed,"4545, Line 24",checklist,448996547,Tarmizi Isa,01/12/2026,2026-10-07T22:41:40.554167+00:00
39282,5114552,CHK-4542-1,"EDCKUL21MSBAH110
Location: AH Elect room

Issue
Pending arc flash sticker",EDCKUL21MSBAH110,equipment,8742033,construction,,611298,Non-Critical,01/26/2026,07/30/2026,Powerwell,company,68459,459229,Electrical,,,218884,Closed,"4542, Line 24",checklist,448996364,Tarmizi Isa,01/12/2026,2026-10-07T22:41:40.554167+00:00
39282,5114548,CHK-4541-1,"EDCKUL21MSBAF110
Location: AF Elect room

Issue
Pending arc flash sticker",EDCKUL21MSBAF110,equipment,8742032,construction,,611298,Non-Critical,01/26/2026,07/30/2026,Powerwell,company,68459,459229,Electrical,,,218884,Closed,"4541, Line 24",checklist,448996303,Tarmizi Isa,01/12/2026,2026-10-07T22:41:40.554167+00:00
39282,5114542,CHK-4540-1,"EDCKUL21MSBAE110
Location: AE Elect room

Issue
Pending arc flash sticker",EDCKUL21MSBAE110,equipment,8742031,construction,,611298,Non-Critical,01/26/2026,07/30/2026,Powerwell,company,68459,459229,Electrical,,,218884,Closed,"4540, Line 24",checklist,448996242,Tarmizi Isa,01/12/2026,2026-10-07T22:41:40.554167+00:00
39282,5114535,CHK-4539-1,"EDCKUL21MSBAD110
Location: AD Elect room

Issue
Pending arc flash sticker",EDCKUL21MSBAD110,equipment,8742030,construction,,611298,Non-Critical,01/26/2026,07/30/2026,Powerwell,company,68459,459229,Electrical,,,218884,Closed,"4539, Line 24",checklist,448996181,Tarmizi Isa,01/12/2026,2026-10-07T22:41:40.554167+00:00
39282,5114527,CHK-4538-1,"EDCKUL21MSBAC110
Location: AC Elect room

Issue
Pending arc flash sticker",EDCKUL21MSBAC110,equipment,8742029,construction,,611298,Non-Critical,01/26/2026,07/30/2026,Powerwell,company,68459,459229,Electrical,,,218884,Closed,"4538, Line 24",checklist,448996120,Tarmizi Isa,01/12/2026,2026-10-07T22:41:40.554167+00:00
39282,5114515,CHK-4537-1,"EDCKUL21MSBAB110
Location: AB Elect room

Issue
Pending arc flash sticker",EDCKUL21MSBAB110,equipment,8742027,construction,,611298,Non-Critical,01/26/2026,07/30/2026,Promatrix DCS,company,68571,459229,Electrical,,,218884,Closed,"4537, Line 24",checklist,448996059,Tarmizi Isa,01/12/2026,2026-10-07T22:41:40.554167+00:00
39282,5114511,CHK-4536-1,"EDCKUL21MSBAA110
Location: AA Elect room

Issue
Pending arc flash sticker",EDCKUL21MSBAA110,equipment,8742028,construction,,611298,Non-Critical,01/26/2026,07/30/2026,Promatrix DCS,company,68571,459229,Electrical,,,218884,Closed,"4536, Line 24",checklist,448995998,Tarmizi Isa,01/12/2026,2026-10-07T22:41:40.554167+00:00
39282,5112624,CHK-4527-1,"EDCKUL21MDPAH610
Location: AH Elec Room

Issue
Pending Arc Flash Sticker",EDCKUL21MDPAH610,equipment,8742018,construction,,611298,Non-Critical,01/26/2026,07/08/2026,Promatrix DCS,company,68571,459229,Electrical,,,218884,Closed,"4527, Line 24",checklist,448995449,Tarmizi Isa,01/12/2026,2026-10-07T22:41:40.554167+00:00
39282,5112620,CHK-4524-1,"EDCKUL21MDPAH310
Location: AH Elec Room

Issue
Pending arc flash Sticker",EDCKUL21MDPAH310,equipment,8742015,construction,,611298,Non-Critical,01/26/2026,07/08/2026,Promatrix DCS,company,68571,459229,Electrical,,,218884,Closed,"4524, Line 24",checklist,448995266,Tarmizi Isa,01/12/2026,2026-10-07T22:41:40.554167+00:00
39282,5112612,CHK-4522-1,"EDCKUL21MDPAH110
Location: BH Elect Room

Issue:
Pending Arc Flash Sticker",EDCKUL21MDPAH110,equipment,8742013,construction,,611298,Non-Critical,01/26/2026,07/27/2026,Promatrix DCS,company,68571,459229,Electrical,,,218884,Closed,"4522, Line 24",checklist,448995144,Tarmizi Isa,01/12/2026,2026-10-07T22:41:40.554167+00:00
39282,5075715,CHK-3386-1,"EDCKUL21ACS01810
Location: Battery Room AD

Issue:
Clashing with electrical trunking support bracket. Future maintenance will be affected",EDCKUL21ACS01810,equipment,8742496,construction,,611298,Non-Critical,01/13/2026,06/25/2026,Promatrix DCS,company,68571,459236,Mechanical,,,218884,Closed,"3386, Line 18",checklist,448856853,Aaron Asir,12/30/2025,2026-10-07T22:41:40.554167+00:00
39282,5075713,CHK-3379-1,"EDCKUL21ACS01730
Location: Battery Room AF

Issue:
Clashing with electrical trunking support bracket. Future maintenance will be affected",EDCKUL21ACS01730,equipment,8742488,construction,,611298,Non-Critical,01/13/2026,06/25/2026,Promatrix DCS,company,68571,459236,Mechanical,,,218884,Closed,"3379, Line 18",checklist,448856601,Aaron Asir,12/30/2025,2026-10-07T22:41:40.554167+00:00
39282,5075712,CHK-3377-1,"EDCKUL21ACS01710
Location: Battery Room AD

Issue:
Clashing with electrical trunking support bracket. Future maintenance will be affected",EDCKUL21ACS01710,equipment,8742486,construction,,611298,Non-Critical,01/13/2026,06/25/2026,Promatrix DCS,company,68571,459236,Mechanical,,,218884,Closed,"3377, Line 18",checklist,448856529,Aaron Asir,12/30/2025,2026-10-07T22:41:40.554167+00:00
39282,5075711,CHK-3353-1,"EDCKUL21ACS01350
Location: ITR/SER

Issue:
Plastering stain below the unit to be cleaned",EDCKUL21ACS01350,equipment,8742457,construction,,611299,Critical,01/13/2026,04/07/2026,Promatrix DCS,company,68571,459236,Mechanical,,,218884,Closed,"3353, Line 16",checklist,448855663,Aaron Asir,12/30/2025,2026-10-07T22:41:40.554167+00:00
39282,5075633,CHK-3351-1,"EDCKUL21ACS01330
Location: Battery Room AC

Issue:
Clashing with electrical trunking support bracket. Future maintenance will be affected",EDCKUL21ACS01330,equipment,8742455,construction,,611298,Non-Critical,01/13/2026,06/25/2026,Promatrix DCS,company,68571,459236,Mechanical,,,218884,Closed,"3351, Line 18",checklist,448855593,Aaron Asir,12/30/2025,2026-10-07T22:41:40.554167+00:00
39282,5075623,CHK-3343-1,"EDCKUL21ACS01220
Location: Battery Room AB

Issue:
Clashing with electrical trunking support bracket. Future maintenance will be affected",EDCKUL21ACS01220,equipment,8742446,construction,,611298,Non-Critical,01/13/2026,06/25/2026,Promatrix DCS,company,68571,459236,Mechanical,,,218884,Closed,"3343, Line 18",checklist,448855305,Aaron Asir,12/30/2025,2026-10-07T22:41:40.554167+00:00
39282,5075618,CHK-3342-1,"EDCKUL21ACS01210
Location: Battery Room AA

Issue:
Clashing with electrical trunking support bracket. Future maintenance will be affected",EDCKUL21ACS01210,equipment,8742445,construction,,611298,Non-Critical,01/13/2026,07/27/2026,Promatrix DCS,company,68571,459236,Mechanical,,,218884,Closed,"3342, Line 18",checklist,448855269,Aaron Asir,12/30/2025,2026-10-07T22:41:40.554167+00:00
39282,5073048,CHK-3694-2,"EDCKUL21LBG00100
Location: Roof
Issue: Asset ID tag and label the power source incorrect",EDCKUL21LBG00100,equipment,8741990,construction,,611298,Non-Critical,01/12/2026,03/04/2026,IAQ Technology,company,68569,459229,Electrical,,,218884,Closed,"3694, Line 13",checklist,448868077,Alif Aizat,12/29/2025,2026-10-07T22:41:40.554167+00:00
39282,5073045,CHK-3694-1,"EDCKUL21LBG00100
Location: Roof

Issue: Loadbank panel scratch needs to touch up",EDCKUL21LBG00100,equipment,8741990,construction,,611298,Non-Critical,01/12/2026,01/19/2026,IAQ Technology,company,68569,459229,Electrical,,,218884,Closed,"3694, Line 16",checklist,448868080,Alif Aizat,12/29/2025,2026-10-07T22:41:40.554167+00:00
39282,5053138,CHK-4447-1,"EDCKUL21DSGAF110
Location: Tx deck

Issue: VT busbar hissing sound",EDCKUL21DSGAF110,equipment,8741940,construction,,,,01/02/2026,04/14/2026,Siemens Malaysia,company,69030,459229,Electrical,,,218884,Closed,"4447, Line 25",checklist,448989256,Alif Aizat,12/19/2025,2026-10-07T22:41:40.554167+00:00
39282,5053105,CHK-4837-1,"EDCKUL21TRNAA100
Location: Tx deck
Issue: Name plate Tx does not install properly",EDCKUL21TRNAA100,equipment,8742328,construction,,611299,Critical,01/02/2026,04/16/2026,Siemens Malaysia,company,69030,459229,Electrical,,,218884,Closed,"4837, Line 21",checklist,449014434,Alif Aizat,12/19/2025,2026-10-07T22:41:40.554167+00:00
39282,5001239,CHK-4839-1,"EDCKUL21TRNAC100
Location: Tx Deck 2F

Issue: Busduct connection at cable box not aligned center position",EDCKUL21TRNAC100,equipment,8742330,construction,,,,12/23/2025,01/23/2026,Promatrix DCS,company,68571,459229,Electrical,,,218884,Closed,"4839, Line 25",checklist,449014560,Alif Aizat,12/09/2025,2026-10-07T22:41:40.554167+00:00
39282,4979802,CHK-5805-1,"EDCKUL21EPPAH610


Location: AH Elec Room


Condition Yellow Tag documentation is missing for the circuit(s) feeding equipment BMP00101, BMP00102, DPPAZ410, and BMP00104, DPPAA410. On hold due to CD19 and CD21.",EDCKUL21EPPAH610,equipment,8741947,construction,,611299,Critical,12/17/2025,07/28/2026,Promatrix DCS,company,68571,459229,Electrical,,,218884,Closed,"5805, Line 8",checklist,600530006,Tarmizi Isa,12/03/2025,2026-10-07T22:41:40.554167+00:00
39282,4979795,CHK-5804-1,"EDCKUL21EPPAH410

Location; AH room

Issue
Condition Yellow Tag documentation is missing for the circuit(s) feeding equipment BMP00101, BMP00102, BMP00103, and BMP00104. On hold due to CD19 and CD21.",EDCKUL21EPPAH410,equipment,8741945,construction,,611299,Critical,12/17/2025,07/28/2026,Promatrix DCS,company,68571,459229,Electrical,,,218884,Closed,"5804, Line 8",checklist,600529946,Tarmizi Isa,12/03/2025,2026-10-07T22:41:40.554167+00:00
39282,4969646,CHK-4448-2,"EDCKUL21DSGAH110
Location: Tx Deck 2F

Issue: Incomer feeder for Disconnector switch cover manual missing",EDCKUL21DSGAH110,equipment,8741941,construction,,611298,Non-Critical,12/15/2025,06/03/2026,Siemens Malaysia,company,69030,459229,Electrical,,,218884,Closed,"4448, Line 25",checklist,448989395,Alif Aizat,12/01/2025,2026-10-07T22:41:40.554167+00:00
39282,4969645,CHK-4448-1,"EDCKUL21DSGAH110
Location: Tx Deck 2F

Issue: Terminal kit covers R phase missing",EDCKUL21DSGAH110,equipment,8741941,construction,,,,12/15/2025,04/09/2026,Siemens Malaysia,company,69030,459229,Electrical,,,218884,Closed,"4448, Line 25",checklist,448989395,Alif Aizat,12/01/2025,2026-10-07T22:41:40.554167+00:00
39282,4969631,CHK-4442-1,"EDCKUL21DSGAA110
EDCKUL21DSGAB110
EDCKUL21DSGAC110
EDCKUL21DSGAD110
EDCKUL21DSGAE110
EDCKUL21DSGAF110
EDCKUL21DSGAH110
EDCKUL21DSGAZ110

Location: Tx Deck Tranche 1

Issue: Missing internal tagging for solenoid closing coil Y10 and Y11 Interlocking earthing switch and Disconnector switch",EDCKUL21DSGAA110,equipment,8741935,construction,,611299,Critical,12/15/2025,05/08/2026,Siemens Malaysia,company,69030,459229,Electrical,,,218884,Closed,"4442, Line 21",checklist,448988560,Alif Aizat,12/01/2025,2026-10-07T22:41:40.554167+00:00
39282,4647185,CHK-4029-3,"EDCKUL21TRNAD100
Location: Tx deck
Issue: Equipment installation not as per drawing. To reflect current installation in updated as built drawing.",EDCKUL21TRNAD100,equipment,8742331,construction,,611299,Critical,09/22/2025,09/30/2025,Siemens Malaysia,company,69030,459229,Electrical,,,218884,Closed,"4029, Line 15",checklist,448880139,Alif Aizat,09/08/2025,2026-10-07T22:41:40.554167+00:00
39282,4538408,CHK-3631-1,"EDCKUL21DSGAA110
Location: Tx Deck

Issue: Cover plate for cubicle missing",EDCKUL21DSGAA110,equipment,8741935,construction,,611298,Non-Critical,08/21/2025,11/03/2025,Siemens Malaysia,company,69030,459229,Electrical,,,218884,Closed,"3631, Line 15",checklist,448865670,Alif Aizat,08/07/2025,2026-10-07T22:41:40.554167+00:00
39282,4538404,CHK-3633-2,"EDCKUL21DSGAC110
Location: 3F Tx Deck

Issue: The panel need to touch up paint same color.",EDCKUL21DSGAC110,equipment,8741937,construction,,611299,Critical,08/21/2025,05/22/2026,Siemens Malaysia,company,69030,459229,Electrical,,,218884,Closed,"3633, Line 15",checklist,448865742,Alif Aizat,08/07/2025,2026-10-07T22:41:40.554167+00:00
39282,4538374,CHK-3633-1,"EDCKUL21DSGAC110
Location: Tx Deck

Issue: Cover plate for cubicle missing",EDCKUL21DSGAC110,equipment,8741937,construction,,611298,Non-Critical,08/21/2025,11/03/2025,Siemens Malaysia,company,69030,459229,Electrical,,,218884,Closed,"3633, Line 15",checklist,448865742,Alif Aizat,08/07/2025,2026-10-07T22:41:40.554167+00:00
39282,4538309,CHK-3634-1,"EDCKUL21DSGAD110
Location: 3F Tx Deck

Issue: Cover plate for cubicle missing",EDCKUL21DSGAD110,equipment,8741938,construction,,611298,Non-Critical,08/21/2025,11/03/2025,Siemens Malaysia,company,69030,459229,Electrical,,,218884,Closed,"3634, Line 15",checklist,448865778,Alif Aizat,08/07/2025,2026-10-07T22:41:40.554167+00:00
39282,4538288,CHK-3635-1,"EDCKUL21DSGAE110
Location: 3F Tx Deck

Issue: Cover plate for cubicle missing",EDCKUL21DSGAE110,equipment,8741939,construction,,611298,Non-Critical,08/21/2025,11/03/2025,Siemens Malaysia,company,69030,459229,Electrical,,,218884,Closed,"3635, Line 15",checklist,448865814,Alif Aizat,08/07/2025,2026-10-07T22:41:40.554167+00:00
39282,4538240,CHK-3636-1,"EDCKUL21DSGAF110
Location: 3F Tx Deck

Issue: Cover plate for cubicle missing",EDCKUL21DSGAF110,equipment,8741940,construction,,611298,Non-Critical,08/21/2025,11/03/2025,Siemens Malaysia,company,69030,459229,Electrical,,,218884,Closed,"3636, Line 15",checklist,448865850,Alif Aizat,08/07/2025,2026-10-07T22:41:40.554167+00:00
39282,4538235,CHK-3637-1,"EDCKUL21DSGAH110
Location: 3F Tx Deck

Issue: Cover plate for cubicle missing",EDCKUL21DSGAH110,equipment,8741941,construction,,611298,Non-Critical,08/21/2025,11/03/2025,Siemens Malaysia,company,69030,459229,Electrical,,,218884,Closed,"3637, Line 16",checklist,448865887,Alif Aizat,08/07/2025,2026-10-07T22:41:40.554167+00:00
39282,4538220,CHK-4026-2,"EDCKUL21TRNAA100
Location: Tx Deck

Issue: The panel need to touch up paint same color.",EDCKUL21TRNAA100,equipment,8742328,construction,,611299,Critical,08/21/2025,06/03/2026,Siemens Malaysia,company,69030,459229,Electrical,,,218884,Closed,"4026, Line 16",checklist,448880032,Alif Aizat,08/07/2025,2026-10-07T22:41:40.554167+00:00
39282,4538210,CHK-4026-1,"EDCKUL21TRNAA100
Location: Tx Deck

Issue:
1.Cable for temperature control sensor does not install properly
2. Cable cooling fan does not install properly need to use flexible conduit.",EDCKUL21TRNAA100,equipment,8742328,construction,,611298,Non-Critical,08/21/2025,11/03/2025,Siemens Malaysia,company,69030,459229,Electrical,,,218884,Closed,"4026, Line 17",checklist,448880033,Alif Aizat,08/07/2025,2026-10-07T22:41:40.554167+00:00
39282,4538201,CHK-4027-1,"EDCKUL21TRNAB100
Location: Tx Deck

Issue:
1.Cable for temperature control sensor does not install properly
2. Cable cooling fan does not install properly need to use flexible conduit.",EDCKUL21TRNAB100,equipment,8742329,construction,,611298,Non-Critical,08/21/2025,11/03/2025,Siemens Malaysia,company,69030,459229,Electrical,,,218884,Closed,"4027, Line 17",checklist,448880069,Alif Aizat,08/07/2025,2026-10-07T22:41:40.554167+00:00
39282,4538195,CHK-4028-1,"EDCKUL21TRNAC100
Location: Tx Deck

Issue:
1.Cable for temperature control sensor does not install properly
2. Cable cooling fan does not install properly need to use flexible conduit.",EDCKUL21TRNAC100,equipment,8742330,construction,,611298,Non-Critical,08/21/2025,11/03/2025,Siemens Malaysia,company,69030,459229,Electrical,,,218884,Closed,"4028, Line 17",checklist,448880105,Alif Aizat,08/07/2025,2026-10-07T22:41:40.554167+00:00
39282,4538186,CHK-4032-1,"EDCKUL21TRNAH100
Location: Tx Deck

Issue:
1.Cable for temperature control sensor does not install properly
2. Cable cooling fan does not install properly need to use flexible conduit.",EDCKUL21TRNAH100,equipment,8742334,construction,,611298,Non-Critical,08/21/2025,11/03/2025,Siemens Malaysia,company,69030,459229,Electrical,,,218884,Closed,"4032, Line 17",checklist,448880249,Alif Aizat,08/07/2025,2026-10-07T22:41:40.554167+00:00
39282,4533654,CHK-3638-1,"EDCKUL21DSGAZ110
Location: 3F Tx Deck

Issue: Cover plate for cubicle missing",EDCKUL21DSGAZ110,equipment,8741942,construction,,611298,Non-Critical,08/20/2025,11/03/2025,Siemens Malaysia,company,69030,459229,Electrical,,,218884,Closed,"3638, Line 16",checklist,448865943,Alif Aizat,08/06/2025,2026-10-07T22:41:40.554167+00:00
39282,4530652,CHK-4029-2,"EDCKUL21TRNAD100
Location: 3F RMU Room

Issue:
1.Cable for temperature control sensor does not install properly
2. Cable cooling fan does not install properly need to use flexible conduit.",EDCKUL21TRNAD100,equipment,8742331,construction,,611298,Non-Critical,08/19/2025,11/03/2025,Siemens Malaysia,company,69030,459229,Electrical,,,218884,Closed,"4029, Line 17",checklist,448880141,Alif Aizat,08/05/2025,2026-10-07T22:41:40.554167+00:00
39282,4530603,CHK-4029-1,"EDCKUL21TRNAD100
Location: 3F RMU Room

Issue: Support for Tx does not torque mark",EDCKUL21TRNAD100,equipment,8742331,construction,,611299,Critical,08/19/2025,10/21/2025,Siemens Malaysia,company,69030,459229,Electrical,,,218884,Closed,"4029, Line 15",checklist,448880139,Alif Aizat,08/05/2025,2026-10-07T22:41:40.554167+00:00
39282,4530573,CHK-4030-3,"EDCKUL21TRNAE100
Location: Tx Deck

Issue:
1.The panel need to touch up the paint same color.
2. Door lock MV side damage needs to change new",EDCKUL21TRNAE100,equipment,8742332,construction,,611299,Critical,08/19/2025,04/07/2026,Siemens Malaysia,company,69030,459229,Electrical,,,218884,Closed,"4030, Line 15",checklist,448880175,Alif Aizat,08/05/2025,2026-10-07T22:41:40.554167+00:00
39282,4530516,CHK-4030-2,"EDCKUL21TRNAE100
Location: Tx Deck

Issue:
1.Cable for temperature control sensor does not install properly
2. Cable cooling fan does not install properly need to use flexible conduit.",EDCKUL21TRNAE100,equipment,8742332,construction,,611298,Non-Critical,08/19/2025,11/03/2025,Siemens Malaysia,company,69030,459229,Electrical,,,218884,Closed,"4030, Line 17",checklist,448880177,Alif Aizat,08/05/2025,2026-10-07T22:41:40.554167+00:00
39282,4530496,CHK-4030-1,"EDCKUL21TRNAE100
Location: 3F Tx Deck

Issue: Support for Tx does not torque mark",EDCKUL21TRNAE100,equipment,8742332,construction,,611299,Critical,08/19/2025,10/21/2025,Siemens Malaysia,company,69030,459229,Electrical,,,218884,Closed,"4030, Line 15",checklist,448880175,Alif Aizat,08/05/2025,2026-10-07T22:41:40.554167+00:00
39282,4530477,CHK-4031-2,"EDCKUL21TRNAF100
Location: 3F RMU Room

Issue:
1.Cable for temperature control sensor does not install properly
2. Cable cooling fan does not install properly need to use flexible conduit.",EDCKUL21TRNAF100,equipment,8742333,construction,,611298,Non-Critical,08/19/2025,11/03/2025,Siemens Malaysia,company,69030,459229,Electrical,,,218884,Closed,"4031, Line 17",checklist,448880213,Alif Aizat,08/05/2025,2026-10-07T22:41:40.554167+00:00
39282,4530461,CHK-4031-1,"EDCKUL21TRNAF100
Location: 3F RMU Room

Issue: Support for Tx does not torque mark",EDCKUL21TRNAF100,equipment,8742333,construction,,611299,Critical,08/19/2025,10/21/2025,Siemens Malaysia,company,69030,459229,Electrical,,,218884,Closed,"4031, Line 15",checklist,448880211,Alif Aizat,08/05/2025,2026-10-07T22:41:40.554167+00:00
39282,4530438,CHK-4033-2,"EDCKUL21TRNAZ100
Location: 3F RMU Room

Issue: 
1.Cable for temperature control sensor does not install properly
2. Cable cooling fan does not install properly need to use flexible conduit.",EDCKUL21TRNAZ100,equipment,8742335,construction,,611298,Non-Critical,08/19/2025,11/03/2025,Siemens Malaysia,company,69030,459229,Electrical,,,218884,Closed,"4033, Line 17",checklist,448880285,Alif Aizat,08/05/2025,2026-10-07T22:41:40.554167+00:00
39282,4530379,CHK-4033-1,"EDCKUL21TRNAZ100
Location: 3F RMU Room

Issue:
1. Panel scratch needs to touch up
2. Support for Tx does not torque mark",EDCKUL21TRNAZ100,equipment,8742335,construction,,611299,Critical,08/19/2025,10/21/2025,Siemens Malaysia,company,69030,459229,Electrical,,,218884,Closed,"4033, Line 15",checklist,448880283,Alif Aizat,08/05/2025,2026-10-07T22:41:40.554167+00:00
39282,4468318,CHK-3690-1,"EDCKUL21GSBAE110
Location: Generator room AF

Issue: Panel scratch needs to touch up",EDCKUL21GSBAE110,equipment,8741995,construction,,611299,Critical,08/01/2025,05/06/2026,Sime Darby Industrial,company,68570,459229,Electrical,,,218884,Closed,"3690, Line 15",checklist,448867935,Alif Aizat,07/18/2025,2026-10-07T22:41:40.554167+00:00
39282,4468315,CHK-3691-1,"EDCKUL21GSBAF110
Location: Generator room AF

Issue: Panel scratch needs to touch up",EDCKUL21GSBAF110,equipment,8741996,construction,,611299,Critical,08/01/2025,06/09/2026,Sime Darby Industrial,company,68570,459229,Electrical,,,218884,Closed,"3691, Line 15",checklist,448867971,Alif Aizat,07/18/2025,2026-10-07T22:41:40.554167+00:00
39282,4407247,CHK-4073-1,"EDCKUL21UPSAA110

Location: Electrical room AA

Issue: Scratches on the panel need to touch the paint.",EDCKUL21UPSAA110,equipment,8742375,construction,,611299,Critical,07/15/2025,,Eaton ,company,41688,459229,Electrical,,,218881,Open,"4073, Line 15",checklist,448881723,Alif Aizat,07/01/2025,2026-10-07T22:41:40.554167+00:00
39282,4376880,CHK-3570-1,"EDCKUL21CRAH1200
Location: Elec Room AB
Issue: Door dented",EDCKUL21CRAA2400,equipment,8741874,construction,,611299,Critical,07/07/2025,,Stulz,company,68568,459236,Mechanical,,,218881,Open,"3570, Line 16",checklist,448863475,Aaron Asir,06/23/2025,2026-10-07T22:41:40.554167+00:00
39282,4355414,CHK-3731-1,"EDCKUL21MSBAH110
Location: AH Room

Issue
Missing breaker knob handling",EDCKUL21MSBAH110,equipment,8742033,construction,,611298,Non-Critical,07/01/2025,07/18/2025,Powerwell,company,68459,459229,Electrical,,,218884,Closed,"3731, Line 16",checklist,448869412,Tarmizi Isa,06/17/2025,2026-10-07T22:41:40.554167+00:00
39282,4351412,CHK-4044-2,"EDCKUL21UDPAC320
Location: Electrical Room AC

Issue: Need to close properly wall plug at floor.",,equipment,8742346,construction,,611299,Critical,06/30/2025,07/25/2025,Powerwell,company,68459,459229,Electrical,,,218884,Closed,"4044, Line 15",checklist,448880679,Alif Aizat,06/16/2025,2026-10-07T22:41:40.554167+00:00
39282,4351408,CHK-4018-2,"EDCKUL21SWGAC110
Location: Electrical Room AC

Issue: Need to close properly wall plug at floor.",,equipment,8742320,construction,,611299,Critical,06/30/2025,07/25/2025,Powerwell,company,68459,459229,Electrical,,,218884,Closed,"4018, Line 15",checklist,448879743,Alif Aizat,06/16/2025,2026-10-07T22:41:40.554167+00:00
39282,4351391,CHK-4018-1,"EDCKUL21SWGAC110
Location: Electrical Room AC

Issue: Equipment installation not as per drawing. To reflect current installation in updated as built drawing.",,equipment,8742320,construction,,611299,Critical,06/30/2025,03/31/2026,Powerwell,company,68459,459229,Electrical,,,218884,Closed,"4018, Line 15",checklist,448879743,Alif Aizat,06/16/2025,2026-10-07T22:41:40.554167+00:00
39282,4351390,CHK-4044-1,"EDCKUL21UDPAC320
Location: Electrical room AC

Issue: equipment installation not as per drawing. To reflect current installation in updated as built drawing.",,equipment,8742346,construction,,611299,Critical,06/30/2025,03/31/2026,Powerwell,company,68459,459229,Electrical,,,218884,Closed,"4044, Line 15",checklist,448880679,Alif Aizat,06/16/2025,2026-10-07T22:41:40.554167+00:00
39282,3977854,CR-6-6,"FWT - RPP

To add branch CT labelling for easy references",,,,construction,,611299,Critical,03/06/2025,03/20/2025,Powerwell,company,68459,459229,Electrical,,,218884,Closed,6,constructionreview,112721,Nadhirah Mazlan,02/20/2025,2026-10-07T22:41:40.554167+00:00
39282,3977853,CR-6-5,"FWT - RPP

To ensure all cable bending obey cable manufacturer bending radius standard.",,,,construction,,611298,Non-Critical,03/06/2025,03/20/2025,Powerwell,company,68459,459229,Electrical,,,218884,Closed,6,constructionreview,112721,Nadhirah Mazlan,02/20/2025,2026-10-07T22:41:40.554167+00:00
39282,3977850,CR-6-4,"FWT - RPP

Surge Arrestor end cap cable, change to smaller size.",,,,construction,,611299,Critical,03/06/2025,03/20/2025,Powerwell,company,68459,459229,Electrical,,,218884,Closed,6,constructionreview,112721,Nadhirah Mazlan,02/20/2025,2026-10-07T22:41:40.554167+00:00
39282,3977847,CR-6-3,"FWT - RPP

To add phase indication sticker at rear busbar incoming termination cable.",,,,construction,,611299,Critical,03/06/2025,03/20/2025,Powerwell,company,68459,459229,Electrical,,,218884,Closed,6,constructionreview,112721,Nadhirah Mazlan,02/20/2025,2026-10-07T22:41:40.554167+00:00
39282,3977846,CR-6-2,"FWT - RPP

To update dimension panel from 690mm to 670mm.",,,,construction,,611299,Critical,03/06/2025,03/20/2025,Powerwell,company,68459,459229,Electrical,,,218884,Closed,6,constructionreview,112721,Nadhirah Mazlan,02/20/2025,2026-10-07T22:41:40.554167+00:00
39282,3977845,CR-6-1,"FWT - RPP

Earth Bar to rotate from Vertical to Horizontal",,,,construction,,611298,Non-Critical,03/06/2025,06/17/2025,Powerwell,company,68459,459229,Electrical,,,218884,Closed,6,constructionreview,112721,Nadhirah Mazlan,02/20/2025,2026-10-07T22:41:40.554167+00:00
39282,3891308,DR-2-6,"1. Kindly confirm if the Equipment List is final or not.
Some switchboard & DB details do not match with LV One Line Diagrams. 
Example1 : EPPH1110, EPPH1210, EPPH1310, EPPH1410, EPPH1510 are shown in the document EL-P2-20J1, but not found in any of the LV One Line Diagram. 
Example2: EDCKUL21-EPPBH410 switchboard is shown in drawing EL-P2-01S23, but it is not available in EL-P2-20J1 or any other drawing.",EDCKUL21,building,36382,design,EL-P2-20J1.pdf,611299,Critical,02/02/2025,01/28/2025,BCEI CxM,role,594492,459229,Electrical,,,218884,Closed,2,designreview,110154,Muhammad Hanif Abu Kasim,01/20/2025,2026-10-07T22:41:40.554167+00:00
39282,3891307,DR-2-5,"1. Primary source is not mentioned for STS EDCKUL21STSAA110. Same observation is applicable for all the other STS.
2. Kindly confirm if the RPP are installed as N+N configuration. If the entire EDCKUL21MBCAA110 switchboard fails, then both the ATS of Switchboard EDCKUL21UDPAA210 & EDCKUL21UDPAA410 will transfer towards catcher bus supply after some time delay. During that time, EDCKUL21UDPAA110 & EDCKUL21UDPAA320 can support the load as they have STS. It will serve the purpose only if the RPP is installed in N+N redundancy configuration. 
3. Few switchboards tagging is not mentioned in one line diagram (sample snap attached). Kindly provide tagging to all equipment.",EDCKUL21,building,36382,design,EL-P2-01S3.pdf,611298,Non-Critical,02/02/2025,01/28/2025,BCEI CxM,role,594492,459229,Electrical,,,218884,Closed,2,designreview,110154,Muhammad Hanif Abu Kasim,01/20/2025,2026-10-07T22:41:40.554167+00:00
39282,3891300,DR-2-4,"1. As per the drawing EL-P2-01S6, the control power for breakers need to be 48VDC, however as per the EL-P2-01S23, it is showing 230VAC. Kindly reconfirm which one we have to follow. Same observation is applicable for below drawings also.
EL-P2-01S24
EL-P2-01S25
EL-P2-01S26
2. As per the drawing EL-P2-01S6, the control power for ATS need to be 48VDC, however as per the EL-P2-01S23, it is showing 24VDC. Kindly reconfirm which one we have to follow. Same observation is applicable for below drawings also.
EL-P2-01S24
EL-P2-01S25
EL-P2-01S26
3. As per the drawing ""EL-P2-01S23"" we understand that the Rack STS are configured as N+N & Control Supply for STS is 230VAC. Kindly re-confirm the same.
4. During the failure of entire grid incoming supply, the control power to STS will momentarily fail until the DG supply comes in. Kindly reconfirm if the design intent is same.
5. Kindly reconfirm if the  switchboard nomenclature EDCKUL21-EPPBH410 is correct or not. 
EDCKUL21-EPPBH410 is not shown in the document EL-P2-20J1 or any other One Line Diagram.",EDCKUL21,building,36382,design,EL-P2-01S23.pdf,,,02/02/2025,02/25/2025,BCEI CxM,role,594492,459229,Electrical,,,218884,Closed,2,designreview,110154,Muhammad Hanif Abu Kasim,01/20/2025,2026-10-07T22:41:40.554167+00:00
39282,3891298,DR-2-3,"1. Kindly check & confirm the transformer & DG rating. (TRF rating is 2.5MVA while DG rating 3.5 MVA).
Same observation is applicable for drawing EL-P2-01S22 also.",EDCKUL21,building,36382,design,EL-P2-01S21.pdf,611299,Critical,02/02/2025,02/25/2025,BCEI CxM,role,594492,459229,Electrical,,,218884,Closed,2,designreview,110154,Muhammad Hanif Abu Kasim,01/20/2025,2026-10-07T22:41:40.554167+00:00
39282,3891297,DR-2-2,1. DPPAA110 board's incoming supply is fed from EDCKUL21MSBBA110 board. It is supposed to be fed from EDCKUL21MSBAA110. Same comment is applicable for DPPAE110 & other DB also. Kindly re-confirm if the nomenclature shown in the drawing EL-P2-01S17 is correct.,EDCKUL21,building,36382,design,EL-P2-01S17.pdf,611299,Critical,02/02/2025,01/28/2025,BCEI CxM,role,594492,459229,Electrical,,,218884,Closed,2,designreview,110154,Muhammad Hanif Abu Kasim,01/20/2025,2026-10-07T22:41:40.554167+00:00
39282,3891296,DR-2-1,"1. Symbols, notes and abbreviations for below equipment (not limited to) are not mentioned in legend as well as these are not mentioned in the GENERAL NOTES & LEGEND drawing ""EL-P2-00N1""
- Breakers, Isolators, earth switches
- Kindly provide the same.
2. Busbar & Incomer Breaker (J01) of EDCKUL21SSGA0110 are rated for 630A do we need to upgrade it to 1250A, kindly confirm the rating  
Since In case of the failure of entire EDCKUL21SSGA0120 switchboard, all 16 no. of transformers (14x3.15 MVA + 2x2.5MVA) will be feed by EDCKUL21SSGA0110, the bus-bar & J01 breaker will be insufficient to handle the total load current which will be more than 800A.
Same observation is applicable for the EDCKUL21SSGA0120 switchboard also.
3. Redundancy auxiliary control power details for all the HV/MV switchboards is not provided.",EDCKUL21,building,36382,design,EL-P2-01S1.pdf,611298,Non-Critical,02/02/2025,01/28/2025,BCEI CxM,role,594492,459229,Electrical,,,218884,Closed,2,designreview,110154,Muhammad Hanif Abu Kasim,01/20/2025,2026-10-07T22:41:40.554167+00:00
39282,3891295,DR-1-8,"1. Single fed fuel line from bulk tank to day tank - in the event of fill actuator failing, unable to refill tanks leaving minimal run time on GEN.",EDCKUL21,building,36382,design,FO-P2-01S1.pdf,611298,Non-Critical,02/02/2025,02/25/2025,,,,459236,Mechanical,,,218884,Closed,1,designreview,110155,Muhammad Hanif Abu Kasim,01/20/2025,2026-10-07T22:41:40.554167+00:00
39282,3891294,DR-1-7,1. CRA units have dual hydraulic supplies off the same ring. Confirm this is the design intent.,,,,design,AC-P2-0210.pdf,611298,Non-Critical,02/02/2025,02/25/2025,,,,459236,Mechanical,,,218884,Closed,1,designreview,110155,Muhammad Hanif Abu Kasim,01/20/2025,2026-10-07T22:41:40.554167+00:00
39282,3891293,DR-1-6,1. Elec Room CRA redundancy to be confirmed as 4N capacity per floor does not align with Chiller capacity,EDCKUL21,building,36382,design,AC-P2-01S4.pdf,,,02/02/2025,02/25/2025,,,,459236,Mechanical,,,218884,Closed,1,designreview,110155,Muhammad Hanif Abu Kasim,01/20/2025,2026-10-07T22:41:40.554167+00:00
39282,3891292,DR-1-5,"1. Valve & bypass arrangement for flushing pipework not shown.
2. Flow control valves on CRA units are not shown in legend.
3. Recommend binder points on either side of the strainer.
4. There is no isolation valve on chilled water loop pressure gauges to support replacement.
5. There are no drainage points at the bottom of each riser or dead leg of chilled water loop.
6. There is no pressure relief valve shown.
7. There is no indication of make-up water pressure regulation or back flow prevention valve. Could not be confirmed on Plumbing drawings either.
8. Elec Room CRA redundancy to be confirmed as 4N capacity per floor does not align with Chiller capacity.",,,,design,AC-P2-01S3.pdf,,,02/02/2025,02/25/2025,,,,459236,Mechanical,,,218884,Closed,1,designreview,110155,Muhammad Hanif Abu Kasim,01/20/2025,2026-10-07T22:41:40.554167+00:00
39282,3891291,DR-1-4,1. CRA nominal voltage (415v) differ from other listed equipment (400v). Nominal voltage will have an effect on protection relay and cause nuisance tripping. Nominal voltage should be consistent across all equipment.,EDCKUL21,building,36382,design,AC-P2-00J3.pdf,611299,Critical,02/02/2025,02/25/2025,,,,459236,Mechanical,,,218884,Closed,1,designreview,110155,Muhammad Hanif Abu Kasim,01/20/2025,2026-10-07T22:41:40.554167+00:00
39282,3891290,DR-1-3,1. Unit capacities shown in BTU. All other equipment capacities shown in Kw. Consistency recommended.,EDCKUL21,building,36382,design,AC-P2-00J2.pdf,611299,Critical,02/02/2025,02/25/2025,,,,459236,Mechanical,,,218884,Closed,1,designreview,110155,Muhammad Hanif Abu Kasim,01/20/2025,2026-10-07T22:41:40.554167+00:00
39282,3891289,DR-1-2,"1. CRA Redundancy not shown.
2. Fresh Air Redundancy not shown.",EDCKUL21,building,36382,design,AC-P2-00J1.pdf,611299,Critical,02/02/2025,02/25/2025,,,,459236,Mechanical,,,218884,Closed,1,designreview,110155,Muhammad Hanif Abu Kasim,01/20/2025,2026-10-07T22:41:40.554167+00:00
39282,3891288,DR-1-1,"1. CRA nominal voltage (415v) differ from other listed equipment (400v). Nominal voltage will have an effect on protection relay and cause nuisance tripping. Nominal voltage should be consistent across all equipment.
2. Single CRA unit only listed in schedule for Electrical Rooms AH/BH.
3. Airflow rates shown in imperial measurement. Recommend all technical data be shown in metric for consistency.
4. CRA Net Sensible differs slightly (1.6kw & 2.6kw) to that shown on Chiller Schematics.",EDCKUL21,building,36382,design,AC-P2-0001.pdf,611298,Non-Critical,02/02/2025,02/25/2025,,,,459236,Mechanical,,,218884,Closed,1,designreview,110155,Muhammad Hanif Abu Kasim,01/20/2025,2026-10-07T22:41:40.554167+00:00
39282,3878944,CR-5-2,"FWT - STS

To have indication on each breaker name at the HMI.",,,,construction,,611298,Non-Critical,01/28/2025,04/07/2025,Vertiv,company,22557,459229,Electrical,,,218884,Closed,5,constructionreview,111385,Nadhirah Mazlan,01/15/2025,2026-10-07T22:41:40.554167+00:00
39282,3878943,CR-5-1,"FWT - STS

To fix the phase labels from L1, L2, L3 to R, Y, B.",,,,construction,,611299,Critical,01/28/2025,04/07/2025,Vertiv,company,22557,459229,Electrical,,,218884,Closed,5,constructionreview,111385,Nadhirah Mazlan,01/15/2025,2026-10-07T22:41:40.554167+00:00
39282,3878942,CR-4-16,"FWT - Generator

Engine Emergency Stop to trip Circuit Breaker for 3500kVA Genset Unit.",,,,construction,,,,01/28/2025,09/03/2026,Sime Darby Industrial,company,68570,459229,Electrical,,,218884,Closed,4,constructionreview,111384,Nadhirah Mazlan,01/15/2025,2026-10-07T22:41:40.554167+00:00
39282,3878941,CR-4-15,"FWT - Generator

To label Primary & Secondary Engine Starter.",,,,construction,,611299,Critical,01/28/2025,02/18/2025,Sime Darby Industrial,company,68570,459229,Electrical,,,218884,Closed,4,constructionreview,111384,Nadhirah Mazlan,01/15/2025,2026-10-07T22:41:40.554167+00:00
39282,3878939,CR-4-14,"FWT - Generator

To repaint Y-Piece with high temperature paint.",,,,construction,,611298,Non-Critical,01/28/2025,02/18/2025,Sime Darby Industrial,company,68570,459229,Electrical,,,218884,Closed,4,constructionreview,111384,Nadhirah Mazlan,01/15/2025,2026-10-07T22:41:40.554167+00:00
39282,3878938,CR-4-13,"FWT - Generator

To add sticker labelling for breasing greasing point",,,,construction,,611299,Critical,01/28/2025,02/18/2025,Sime Darby Industrial,company,68570,459229,Electrical,,,218884,Closed,4,constructionreview,111384,Nadhirah Mazlan,01/15/2025,2026-10-07T22:41:40.554167+00:00
39282,3878937,CR-4-12,"FWT - Generator

To add sticker labelling at EMCP / Emergency Stop and Alarm Indicator",,,,construction,,611299,Critical,01/28/2025,02/18/2025,Sime Darby Industrial,company,68570,459229,Electrical,,,218884,Closed,4,constructionreview,111384,Nadhirah Mazlan,01/15/2025,2026-10-07T22:41:40.554167+00:00
39282,3878936,CR-4-11,"FWT - Generator

To add sticker RYBN at busbar",,,,construction,,611299,Critical,01/28/2025,02/18/2025,Sime Darby Industrial,company,68570,459229,Electrical,,,218884,Closed,4,constructionreview,111384,Nadhirah Mazlan,01/15/2025,2026-10-07T22:41:40.554167+00:00
39282,3878932,CR-4-10,"FWT - Generator

To add sticker / marking for earthing cable body at the genset skid.",,,,construction,,611299,Critical,01/28/2025,02/18/2025,Sime Darby Industrial,company,68570,459229,Electrical,,,218884,Closed,4,constructionreview,111384,Nadhirah Mazlan,01/15/2025,2026-10-07T22:41:40.554167+00:00
39282,3878928,CR-4-9,"FWT - Generator

To make good and to apply anti-seize compound at the exhaust manifold from rusty.",,,,construction,,611298,Non-Critical,01/28/2025,06/15/2026,Sime Darby Industrial,company,68570,459229,Electrical,,,218884,Closed,4,constructionreview,111384,Nadhirah Mazlan,01/15/2025,2026-10-07T22:41:40.554167+00:00
39282,3878926,CR-4-8,"FWT - Generator

To relocate fuel supply line to proper rigid location complete with support.",,,,construction,,611298,Non-Critical,01/28/2025,03/27/2025,Sime Darby Industrial,company,68570,459229,Electrical,,,218884,Closed,4,constructionreview,111384,Nadhirah Mazlan,01/15/2025,2026-10-07T22:41:40.554167+00:00
39282,3878924,CR-4-7,"FWT - Generator

Coolant level indicator missing for the 3000kVA genset.",,,,construction,,611299,Critical,01/28/2025,03/27/2025,Sime Darby Industrial,company,68570,459229,Electrical,,,218884,Closed,4,constructionreview,111384,Nadhirah Mazlan,01/15/2025,2026-10-07T22:41:40.554167+00:00
39282,3878921,CR-4-6,"FWT - Generator

Rusty Genset Skid and Shaft between radiator and atlernator - To make good.",,,,construction,,611298,Non-Critical,01/28/2025,02/26/2025,Sime Darby Industrial,company,68570,459229,Electrical,,,218884,Closed,4,constructionreview,111384,Nadhirah Mazlan,01/15/2025,2026-10-07T22:41:40.554167+00:00
39282,3878919,CR-4-5,"FWT - Generator

To add sticker / marking for fuel supply IN / OUT.",,,,construction,,611299,Critical,01/28/2025,02/18/2025,Sime Darby Industrial,company,68570,459229,Electrical,,,218884,Closed,4,constructionreview,111384,Nadhirah Mazlan,01/15/2025,2026-10-07T22:41:40.554167+00:00
39282,3878918,CR-4-4,"FWT - Generator

Painting on the Extension Cable Box as per Caterpillar standard color.",,,,construction,,611299,Critical,01/28/2025,03/03/2025,Sime Darby Industrial,company,68570,459229,Electrical,,,218884,Closed,4,constructionreview,111384,Nadhirah Mazlan,01/15/2025,2026-10-07T22:41:40.554167+00:00
39282,3878917,CR-4-3,"FWT - Generator

To provide SIRIM certification for Torque Mark Wrench.",,,,construction,,611299,Critical,01/28/2025,02/26/2025,Sime Darby Industrial,company,68570,459229,Electrical,,,218884,Closed,4,constructionreview,111384,Nadhirah Mazlan,01/15/2025,2026-10-07T22:41:40.554167+00:00
39282,3878915,CR-4-2,"FWT - Generator

To provide SIRIM sticker on Infrared Thermographic Camera.",,,,construction,,611299,Critical,01/28/2025,02/26/2025,Sime Darby Industrial,company,68570,459229,Electrical,,,218884,Closed,4,constructionreview,111384,Nadhirah Mazlan,01/15/2025,2026-10-07T22:41:40.554167+00:00
39282,3878914,CR-4-1,"FWT - Generator

To provide SIRIM certification for insulation test KEW3021A",,,,construction,,611299,Critical,01/28/2025,02/26/2025,Sime Darby Industrial,company,68570,459229,Electrical,,,218884,Closed,4,constructionreview,111384,Nadhirah Mazlan,01/15/2025,2026-10-07T22:41:40.554167+00:00
39282,3878909,CR-3-11,"FWT - UPS

Discharge cut-off alarm is shown as ""Low Battery Shutdown"" alarm instead.

Please update inside the test report to reflect the actual alarm description.",,,,construction,,611298,Non-Critical,01/28/2025,03/14/2025,Eaton ,company,41688,459229,Electrical,,,218881,Open,3,constructionreview,111331,Nadhirah Mazlan,01/15/2025,2026-10-07T22:41:40.554167+00:00
39282,3878906,CR-3-10,"FWT - UPS
Over temperature warning and shutdown values are not stated.

Please indicate the default values inside the test report.",,,,construction,,611298,Non-Critical,01/28/2025,03/14/2025,Eaton ,company,41688,459229,Electrical,,,218881,Open,3,constructionreview,111331,Nadhirah Mazlan,01/15/2025,2026-10-07T22:41:40.554167+00:00
39282,3878905,CR-3-9,"FWT - UPS

Over voltage and under voltage values are not stated.

Please show how the values are derived and indicate inside the test report.",,,,construction,,611298,Non-Critical,01/28/2025,03/14/2025,Eaton ,company,41688,459229,Electrical,,,218881,Open,3,constructionreview,111331,Nadhirah Mazlan,01/15/2025,2026-10-07T22:41:40.554167+00:00
39282,3874516,CR-3-8,"FWT - UPS

UPS HMI ""Home"" Page flow diagram shows maintenance bypass.

Please amend the HMI display to remove the maintenance bypass on the flow diagram.",,,,construction,,611298,Non-Critical,01/28/2025,03/14/2025,Eaton ,company,41688,459229,Electrical,,,218881,Open,3,constructionreview,111331,Nadhirah Mazlan,01/14/2025,2026-10-07T22:41:40.554167+00:00
39282,3874506,CR-3-7,"FWT - UPS

UPS HMI ""Home"" Page flow diagram to be updated to single feed input

Please amend the HMI display to single feed as per design intent",,,,construction,,611298,Non-Critical,01/28/2025,03/14/2025,Nadhirah Mazlan,person,246408,459229,Electrical,,,218881,Open,3,constructionreview,111331,Nadhirah Mazlan,01/14/2025,2026-10-07T22:41:40.554167+00:00
39282,3874505,CR-3-6,"FWT - UPS

UPS HMI screen phase annotations shown for 'L1, L2 and L3' are 'R, S, T' instead.

Please amend the HMI display to show 'L1, L2 and L3' as per the local country requirements.",,,,construction,,611298,Non-Critical,01/28/2025,03/14/2025,Nadhirah Mazlan,person,246408,459229,Electrical,,,218881,Open,3,constructionreview,111331,Nadhirah Mazlan,01/14/2025,2026-10-07T22:41:40.554167+00:00
39282,3874504,CR-3-5,"FWT - UPS

The calibration certificates for the instrument/tester used during this FWT have not been presented onsite.",,,,construction,,611298,Non-Critical,01/28/2025,04/07/2025,Eaton ,company,41688,459229,Electrical,,,218884,Closed,3,constructionreview,111331,Nadhirah Mazlan,01/14/2025,2026-10-07T22:41:40.554167+00:00
39282,3874503,CR-3-4,"FWT - UPS

Missing sticker/label for phase indication on busbar -R,Y,B",,,,construction,,611299,Critical,01/28/2025,,Eaton ,company,41688,459229,Electrical,,,218881,Open,3,constructionreview,111331,Nadhirah Mazlan,01/14/2025,2026-10-07T22:41:40.554167+00:00
39282,3874502,CR-3-3,"FWT - UPS

UPS bypass input is not coupled to the Rectifier input as per design 

Please rectify and provide the coupler as per design intent.",,,,construction,,,,01/28/2025,09/29/2026,Eaton ,company,41688,459229,Electrical,,,218884,Closed,3,constructionreview,111331,Nadhirah Mazlan,01/14/2025,2026-10-07T22:41:40.554167+00:00
39282,3874501,CR-3-2,"FWT - UPS

Components of the UPS are not labelled

Recommended to provide labels for ease of component identification.",,,,construction,,611299,Critical,01/28/2025,,Eaton ,company,41688,459229,Electrical,,,218881,Open,3,constructionreview,111331,Nadhirah Mazlan,01/14/2025,2026-10-07T22:41:40.554167+00:00
39282,3874500,CR-3-1,"FWT - UPS

Incoming cables after terminated are blocking the view of the phase and neutral annotation labels.

Recommended to either relocate the annotation labels or provide additional annotation labels.",,,,construction,,611298,Non-Critical,01/28/2025,,Eaton ,company,41688,459229,Electrical,,,218881,Open,3,constructionreview,111331,Nadhirah Mazlan,01/14/2025,2026-10-07T22:41:40.554167+00:00
39282,3874481,CR-2-15,"FWT - 33 kV Tx

Earthing wire
Earth wire on enclosure was not connected.",,,,construction,,611298,Non-Critical,01/28/2025,04/24/2025,Siemens Malaysia,company,69030,459229,Electrical,,,218884,Closed,2,constructionreview,111330,Nadhirah Mazlan,01/14/2025,2026-10-07T22:41:40.554167+00:00
39282,3874479,CR-2-14,"FWT - 33 kV Tx

LV busduct interface
LV busduct interface on E24037702 not installed.",,,,construction,,611298,Non-Critical,01/28/2025,04/24/2025,Siemens Malaysia,company,69030,459229,Electrical,,,218884,Closed,2,constructionreview,111330,Nadhirah Mazlan,01/14/2025,2026-10-07T22:41:40.554167+00:00
39282,3874478,CR-2-13,"FWT - 33 kV Tx

Painting film thickness.
Tested value is approx. 30-40 microns on E24037702 instead of minimum 60 microns.",,,,construction,,611298,Non-Critical,01/28/2025,04/24/2025,Siemens Malaysia,company,69030,459229,Electrical,,,218884,Closed,2,constructionreview,111330,Nadhirah Mazlan,01/14/2025,2026-10-07T22:41:40.554167+00:00
39282,3874477,CR-2-12,"FWT - 33 kV Tx

LV winding insulation.
The type of insulation used for the LV windings to be clarified for the transformers in this contract.",,,,construction,,611298,Non-Critical,01/28/2025,04/24/2025,Siemens Malaysia,company,69030,459229,Electrical,,,218884,Closed,2,constructionreview,111330,Nadhirah Mazlan,01/14/2025,2026-10-07T22:41:40.554167+00:00
39282,3874476,CR-2-11,"FWT - 33 kV Tx

The impedance of the transformer as per SLD is 8% while the measured value on the nameplate is 7.66%

Justification to be provided within the technical standard that the measured value is within the tolerance levels defined in the relevant technical standard.",,,,construction,,,,01/28/2025,04/24/2025,Siemens Malaysia,company,69030,459229,Electrical,,,218884,Closed,2,constructionreview,111330,Nadhirah Mazlan,01/14/2025,2026-10-07T22:41:40.554167+00:00
39282,3874475,CR-2-10,"FWT - 33 kV Tx

Transformer enclosure IP rating is IP 23.

All openings on the transformer enclosure such as the cable box, lifting lugs and cable penetration plates to be properly sealed to ensure compliance to IP23 as stated.",,,,construction,,611298,Non-Critical,01/28/2025,03/24/2026,Siemens Malaysia,company,69030,459229,Electrical,,,218884,Closed,2,constructionreview,111330,Nadhirah Mazlan,01/14/2025,2026-10-07T22:41:40.554167+00:00
39282,3874473,CR-2-9,"FWT - 33 kV Tx

Neutral Earthing Cable Entry from external.

External earth cable for neutral (2x300sq) (ie 29mm diameter with 50mm gland) needs to be terminated to the neutral).",,,,construction,,611298,Non-Critical,01/28/2025,04/24/2025,Siemens Malaysia,company,69030,459229,Electrical,,,218884,Closed,2,constructionreview,111330,Nadhirah Mazlan,01/14/2025,2026-10-07T22:41:40.554167+00:00
39282,3874471,CR-2-8,"FWT - 33 kV Tx

Some electrical cables entering the temperature control box were not secured with insulating bushing.

It is recommended to install the cable bushing or cable gland.",,,,construction,,611298,Non-Critical,01/28/2025,04/24/2025,Siemens Malaysia,company,69030,459229,Electrical,,,218884,Closed,2,constructionreview,111330,Nadhirah Mazlan,01/14/2025,2026-10-07T22:41:40.554167+00:00
39282,3874470,CR-2-7,"FWT - 33 kV Tx

All the color of the busbar identification is monochromatic (white). This equipment will be used in Malaysia, and it should follow the Malaysian Wire Color Code for Electrical Wiring.

It is recommended to replace with the busbar identification which complies with the Malaysian Wire Color Code for Electrical Wiring.",,,,construction,,611298,Non-Critical,01/28/2025,04/24/2025,Siemens Malaysia,company,69030,459229,Electrical,,,218884,Closed,2,constructionreview,111330,Nadhirah Mazlan,01/14/2025,2026-10-07T22:41:40.554167+00:00
39282,3874467,CR-2-6,"FWT - 33 kV Tx

The top of the transformer (type A with SN: E24037709) is not clean, e.g. busbar.

Please clean the equipment prior to shipment.",,,,construction,,611298,Non-Critical,01/28/2025,04/24/2025,Siemens Malaysia,company,69030,459229,Electrical,,,218884,Closed,2,constructionreview,111330,Nadhirah Mazlan,01/14/2025,2026-10-07T22:41:40.554167+00:00
39282,3874454,CR-2-5,"FWT - 33 kV Tx

Incorrect info on the calibration tag used for the sound level meter. The overdue date on the tag was 29th Nov 2024, but it was Nov 2025 on the calibration certificate.

Please replace the incorrect tag with a new one.",,,,construction,,611299,Critical,01/28/2025,04/24/2025,Siemens Malaysia,company,69030,459229,Electrical,,,218884,Closed,2,constructionreview,111330,Nadhirah Mazlan,01/14/2025,2026-10-07T22:41:40.554167+00:00
39282,3874448,CR-2-4,"FWT - 33 kV Tx

Please clarify the software version of the ratio tester.",,,,construction,,611299,Critical,01/28/2025,04/24/2025,Siemens Malaysia,company,69030,459229,Electrical,,,218884,Closed,2,constructionreview,111330,Nadhirah Mazlan,01/14/2025,2026-10-07T22:41:40.554167+00:00
39282,3874445,CR-2-3,"FWT - 33 kV Tx

Please clarify the type of transformer cooling (AN/AF), and also clarify whether this transformer is designed with the exhaust fan, NO fan inside the enclosure at this moment.

It is recommended to double check with the design team and the CDE if possbile. Provide response to this point.",,,,construction,,,,01/28/2025,03/24/2026,Siemens Malaysia,company,69030,459229,Electrical,,,218884,Closed,2,constructionreview,111330,Nadhirah Mazlan,01/14/2025,2026-10-07T22:41:40.554167+00:00
39282,3874442,CR-2-2,"FWT - 33 kV Tx

The transformer is designed with two nameplates, and both nameplates have not been installed.  

It is recommended to install the nameplate prior to the end of FWT.",,,,construction,,611299,Critical,01/28/2025,11/04/2025,Siemens Malaysia,company,69030,459229,Electrical,,,218884,Closed,2,constructionreview,111330,Nadhirah Mazlan,01/14/2025,2026-10-07T22:41:40.554167+00:00
39282,3874438,CR-2-1,"FWT - 33 kV Tx

The calibration certificates for the instrument/tester used during this FWT have not been presented onsite.
Please provide the calibration certificates ASAP, and ensure it is available in the SIEMENS’s test report.",,,,construction,,611298,Non-Critical,01/28/2025,04/24/2025,Siemens Malaysia,company,69030,459229,Electrical,,,218884,Closed,2,constructionreview,111330,Nadhirah Mazlan,01/14/2025,2026-10-07T22:41:40.554167+00:00
39282,3874414,CR-1-7,"FWT - 33 kV GIS

Gap observed at the front of the switchgear incomer panel bottom.",,,,construction,,611299,Critical,01/28/2025,10/24/2025,Siemens Malaysia,company,69030,459229,Electrical,,,218884,Closed,1,constructionreview,111329,Nadhirah Mazlan,01/14/2025,2026-10-07T22:41:40.554167+00:00
39282,3874410,CR-1-6,"FWT - 33 kV GIS

Cable termination does not have phase labelling at the panel which leads to potentially incorrect phase termination by cable installer.",,,,construction,,611299,Critical,01/28/2025,06/17/2025,Siemens Malaysia,company,69030,459229,Electrical,,,218884,Closed,1,constructionreview,111329,Nadhirah Mazlan,01/14/2025,2026-10-07T22:41:40.554167+00:00
39282,3874403,CR-1-5,"FWT - 33 kV GIS

Phase labelling used on the panel is not consistent as some have color and some do not.",,,,construction,,611299,Critical,01/28/2025,08/14/2026,Siemens Malaysia,company,69030,459229,Electrical,,,218884,Closed,1,constructionreview,111329,Nadhirah Mazlan,01/14/2025,2026-10-07T22:41:40.554167+00:00
39282,3874402,CR-1-4,"FWT - 33 kV GIS

Missing element in the SLD compare to the actual panel, the SLD omits the voltage indicator that is present on the front of the panel.",,,,construction,,611298,Non-Critical,01/28/2025,06/17/2025,Siemens Malaysia,company,69030,459229,Electrical,,,218884,Closed,1,constructionreview,111329,Nadhirah Mazlan,01/14/2025,2026-10-07T22:41:40.554167+00:00
39282,3874401,CR-1-3,"FWT - 33 kV GIS

Panel does not have ELI Code labelling",,,,construction,,611299,Critical,01/28/2025,11/04/2025,Siemens Malaysia,company,69030,459229,Electrical,,,218884,Closed,1,constructionreview,111329,Nadhirah Mazlan,01/14/2025,2026-10-07T22:41:40.554167+00:00
39282,3874399,CR-1-2,"FWT - 33 kV GIS

Front panel components are not labelled, have to rely on SLD to manually trace the components",,,,construction,,611299,Critical,01/28/2025,04/07/2026,Siemens Malaysia,company,69030,459229,Electrical,,,218884,Closed,1,constructionreview,111329,Nadhirah Mazlan,01/14/2025,2026-10-07T22:41:40.554167+00:00
40875,6508951,CHK-7909-1,"EDCKUL21GENBF100

Issue:
1. MIssing Charger 1/2 Main Fails Alarm
2. MIssing Charger 1/2 DC High/Low Alarm
3. Missing point 4,5,6 for noise measurement test

Attachment Required.",EDCKUL21GENBF100,equipment,8742796,construction,,617565,Critical,10/21/2026,,Sime Darby Industrial,company,68570,477939,Electrical,19067,Commissioning,228267,Open,7909,checklist,29068140,Adli Hamdawi,10/07/2026,2026-10-07T22:41:40.554167+00:00
40875,6508692,TST-12-1,"EDCKUL21GENBB100

Issue:
BMS High Fuel Level alarm intermittently showing up during test, but no alarm at gen controller.

Datasite to check.",EDCKUL21GENBB100,equipment,8742792,construction,,617565,Critical,10/21/2026,,Najwa Athirah Fauzi,person,241888,477939,Electrical,19067,Commissioning,228267,Open,12,test,5629012,Najwa Athirah Fauzi,10/07/2026,2026-10-07T22:41:40.554167+00:00
40875,6508686,TST-2-3,"EDCKUL21MSBBB110

Observation:
Mechanical interlock for NFB1 & GFB1 not available, both breakers can be closed during selector switch in Manual mode.

Operation-wise, breaker push buttons dont have any preventive measures to control human access to close the breakers.

Powerwell to implement preventive measure for this such as installing lock at breaker.",EDCKUL21MSBBB110,equipment,8742838,construction,,617565,Critical,10/21/2026,,Powerwell,company,68459,477939,Electrical,19067,Commissioning,228267,Open,2,test,5629002,Najwa Athirah Fauzi,10/07/2026,2026-10-07T22:41:40.554167+00:00
40875,6508636,TST-2-2,"EDCKUL21MSBBB110

Issue:
BMS alarm ""S1 not available"" intermittently showing up even during normal condition.

Datasite to rectify.",EDCKUL21MSBBB110,equipment,8742838,construction,,617565,Critical,10/21/2026,,Najwa Athirah Fauzi,person,241888,477939,Electrical,19067,Commissioning,228267,Open,2,test,5629002,Najwa Athirah Fauzi,10/07/2026,2026-10-07T22:41:40.554167+00:00
40875,6508627,TST-2-1,"EDCKUL21MSBBB110

Issue:
During GFB-1 failed to close scenario, gen call signal terminated after the transfer failed. 

Gen call should be latching during this scenario.

Powerwell to recheck ATS logic.",EDCKUL21MSBBB110,equipment,8742838,construction,,617567,Non-Critical,10/21/2026,,Powerwell,company,68459,477939,Electrical,19067,Commissioning,228267,Open,"2, Attempt 1, Line 201",test,535514458,Najwa Athirah Fauzi,10/07/2026,2026-10-07T22:41:40.554167+00:00
40875,6508505,CHK-5760-1,"EDCKUL21FOT00500
Location: FT5

Issue
Pending equipment tagging",EDCKUL21FOT00500,equipment,9299288,construction,,617567,Non-Critical,10/21/2026,,Promatrix DCS,company,68571,477939,Electrical,19068,Construction,228267,Open,5760,checklist,17684933,Azrul Firdaus Ramli,10/07/2026,2026-10-07T22:41:40.554167+00:00
40875,6508501,CHK-5757-1,"EDCKUL21FOT00400
Location: FT5

Issue
Pending equipment tagging",EDCKUL21FOT00400,equipment,9299287,construction,,617567,Non-Critical,10/21/2026,,Promatrix DCS,company,68571,477939,Electrical,19068,Construction,228267,Open,5757,checklist,17684930,Azrul Firdaus Ramli,10/07/2026,2026-10-07T22:41:40.554167+00:00
40875,6508500,CHK-5754-1,"EDCKUL21FOT00300
Location: FT5

Issue
Pending equipment tagging",EDCKUL21FOT00300,equipment,9299286,construction,,617567,Non-Critical,10/21/2026,,Promatrix DCS,company,68571,477939,Electrical,19068,Construction,228267,Open,5754,checklist,17684927,Azrul Firdaus Ramli,10/07/2026,2026-10-07T22:41:40.554167+00:00
40875,6508498,CHK-5751-1,"EDCKUL21FOT00200
Location: FT5

Issue
Pending equipment tagging",EDCKUL21FOT00200,equipment,9299285,construction,,617567,Non-Critical,10/21/2026,,Promatrix DCS,company,68571,477939,Electrical,19068,Construction,228267,Open,5751,checklist,17684924,Azrul Firdaus Ramli,10/07/2026,2026-10-07T22:41:40.554167+00:00
40875,6508493,CHK-5748-1,"EDCKUL21FOT00100
Location: FT5

Issue
Pending equipment tagging",EDCKUL21FOT00100,equipment,9299284,construction,,617567,Non-Critical,10/21/2026,,Promatrix DCS,company,68571,477939,Electrical,19068,Construction,228267,Open,5748,checklist,17684921,Azrul Firdaus Ramli,10/07/2026,2026-10-07T22:41:40.554167+00:00
40875,6500465,CHK-7902-1,"EDCKUL21GDTBH100

Issue: 
Missing tank details",EDCKUL21GDTBH100,equipment,8742789,construction,,617567,Non-Critical,10/20/2026,,Sime Darby Industrial,company,68570,477939,Electrical,19068,Construction,228267,Open,7902,checklist,29068133,Azrul Firdaus Ramli,10/06/2026,2026-10-07T22:41:40.554167+00:00
40875,6499818,CHK-4387-1,"EDCKUL21DPPBH630
Location: BZ elec room

Issue
Pending fireman switch cable termination",EDCKUL21DPPBH630,equipment,8742730,construction,,617565,Critical,10/20/2026,,Promatrix DCS,company,68571,477939,Electrical,19068,Construction,228267,Open,"4387, Line 25",checklist,448939560,Tarmizi Isa,10/06/2026,2026-10-07T22:41:40.554167+00:00
40875,6497470,CHK-4827-3,"EDCKUL21UPBBC110
issue: Still pending uploaded AFI documents",EDCKUL21UPBBC110,equipment,8743162,construction,,617565,Critical,10/20/2026,,Eaton ,company,41688,477939,Electrical,19071,Documentation,228267,Open,"4827, Line 12",checklist,448981331,Alif Aizat,10/05/2026,2026-10-07T22:41:40.554167+00:00
40875,6497447,CHK-7496-2,"EDCKUL21UPBBZ310
issue: Still pending test reports impedance test and CR test",EDCKUL21UPBBZ310,equipment,11768915,construction,,617565,Critical,10/20/2026,,Eaton ,company,41688,477939,Electrical,19071,Documentation,228267,Open,"7496, Line 12",checklist,887882620,Alif Aizat,10/05/2026,2026-10-07T22:41:40.554167+00:00
40875,6497446,CHK-4837-2,"EDCKUL21UPBBZ210
issue: Still pending test reports impedance test and CR test",EDCKUL21UPBBZ210,equipment,8743172,construction,,617565,Critical,10/20/2026,,Eaton ,company,41688,477939,Electrical,19071,Documentation,228267,Open,"4837, Line 12",checklist,448982439,Alif Aizat,10/05/2026,2026-10-07T22:41:40.554167+00:00
40875,6497438,CHK-4836-2,"EDCKUL21UPBBZ110
issue: Still pending test reports impedance test and CR test",EDCKUL21UPBBZ110,equipment,8743171,construction,,617565,Critical,10/20/2026,,Eaton ,company,41688,477939,Electrical,19071,Documentation,228267,Open,"4836, Line 12",checklist,448982321,Alif Aizat,10/05/2026,2026-10-07T22:41:40.554167+00:00
40875,6497422,CHK-7487-2,"EDCKUL21UPBBD310
issue: Still pending test reports impedance test and CR test",EDCKUL21UPBBD310,equipment,11768910,construction,,617565,Critical,10/20/2026,,Eaton ,company,41688,477939,Electrical,19071,Documentation,228267,Open,"7487, Line 12",checklist,887882209,Alif Aizat,10/05/2026,2026-10-07T22:41:40.554167+00:00
40875,6497409,CHK-4830-3,"EDCKUL21UPBBD210
issue: Still pending test reports impedance test and CR test",EDCKUL21UPBBD210,equipment,8743165,construction,,617565,Critical,10/20/2026,,Eaton ,company,41688,477939,Electrical,19071,Documentation,228267,Open,"4830, Line 12",checklist,448981655,Alif Aizat,10/05/2026,2026-10-07T22:41:40.554167+00:00
40875,6497398,CHK-4829-3,"EDCKUL21UPBBD110
issue: Still pending test reports impedance test and CR test",EDCKUL21UPBBD110,equipment,8743164,construction,,617565,Critical,10/20/2026,,Eaton ,company,41688,477939,Electrical,19071,Documentation,228267,Open,"4829, Line 12",checklist,448981546,Alif Aizat,10/05/2026,2026-10-07T22:41:40.554167+00:00
40875,6497393,CHK-7490-2,"EDCKUL21UPBBE310
issue: Still pending test reports impedance test and CR test",EDCKUL21UPBBE310,equipment,11768911,construction,,617565,Critical,10/20/2026,,Eaton ,company,41688,477939,Electrical,19071,Documentation,228267,Open,"7490, Line 12",checklist,887882346,Alif Aizat,10/05/2026,2026-10-07T22:41:40.554167+00:00
40875,6497377,CHK-4832-2,"EDCKUL21UPBBE210
issue: Still pending test reports impedance test and CR test",EDCKUL21UPBBE210,equipment,8743167,construction,,617565,Critical,10/20/2026,,Eaton ,company,41688,477939,Electrical,19071,Documentation,228267,Open,"4832, Line 12",checklist,448981884,Alif Aizat,10/05/2026,2026-10-07T22:41:40.554167+00:00
40875,6497369,CHK-4831-3,"EDCKUL21UPBBE110
issue: Still pending test reports impedance test and CR test",EDCKUL21UPBBE110,equipment,8743166,construction,,617565,Critical,10/20/2026,,Eaton ,company,41688,477939,Electrical,19071,Documentation,228267,Open,"4831, Line 12",checklist,448981772,Alif Aizat,10/05/2026,2026-10-07T22:41:40.554167+00:00
40875,6497333,CHK-7493-2,"EDCKUL21UPBBF310
issue: Still pending test reports impedance test and CR test",EDCKUL21UPBBF310,equipment,11768914,construction,,617565,Critical,10/20/2026,,Eaton ,company,41688,477939,Electrical,19071,Documentation,228267,Open,"7493, Line 12",checklist,887882483,Alif Aizat,10/05/2026,2026-10-07T22:41:40.554167+00:00
40875,6497317,CHK-4834-2,"EDCKUL21UPBBF210
issue: Still pending test reports impedance test and CR test",EDCKUL21UPBBF210,equipment,8743169,construction,,617565,Critical,10/20/2026,,Eaton ,company,41688,477939,Electrical,19071,Documentation,228267,Open,"4834, Line 12",checklist,448982101,Alif Aizat,10/05/2026,2026-10-07T22:41:40.554167+00:00
40875,6497303,CHK-4833-2,"EDCKUL21UPBBF110
issue: Still pending test reports impedance test and CR test",EDCKUL21UPBBF110,equipment,8743168,construction,,617565,Critical,10/20/2026,,Eaton ,company,41688,477939,Electrical,19071,Documentation,228267,Open,"4833, Line 12",checklist,448981993,Alif Aizat,10/05/2026,2026-10-07T22:41:40.554167+00:00
40875,6497291,CHK-7484-2,"EDCKUL21UPBBC310
issue: Still pending test reports impedance test and CR test",EDCKUL21UPBBC310,equipment,11768909,construction,,617565,Critical,10/20/2026,,Eaton ,company,41688,477939,Electrical,19071,Documentation,228267,Open,"7484, Line 12",checklist,887882072,Alif Aizat,10/05/2026,2026-10-07T22:41:40.554167+00:00
40875,6497273,CHK-4828-2,"EDCKUL21UPBBC210
issue: Still pending test reports impedance test and CR test",EDCKUL21UPBBC210,equipment,8743163,construction,,617565,Critical,10/20/2026,,Eaton ,company,41688,477939,Electrical,19071,Documentation,228267,Open,"4828, Line 12",checklist,448981438,Alif Aizat,10/05/2026,2026-10-07T22:41:40.554167+00:00
40875,6497263,CHK-4827-2,"EDCKUL21UPBBC110
issue: Still pending test reports impedance test and CR test",EDCKUL21UPBBC110,equipment,8743162,construction,,617565,Critical,10/20/2026,,Eaton ,company,41688,477939,Electrical,19071,Documentation,228267,Open,"4827, Line 12",checklist,448981331,Alif Aizat,10/05/2026,2026-10-07T22:41:40.554167+00:00
40875,6497234,CHK-7481-2,"EDCKUL21UPBBB310
issue: Still pending test reports impedance test and CR test",EDCKUL21UPBBB310,equipment,11768908,construction,,617565,Critical,10/20/2026,,Eaton ,company,41688,477939,Electrical,19071,Documentation,228267,Open,"7481, Line 12",checklist,887881935,Alif Aizat,10/05/2026,2026-10-07T22:41:40.554167+00:00
40875,6497225,CHK-4826-2,"EDCKUL21UPBBB210
issue: Still pending test reports impedance test and CR test",EDCKUL21UPBBB210,equipment,8743161,construction,,617565,Critical,10/20/2026,,Eaton ,company,41688,477939,Electrical,19071,Documentation,228267,Open,"4826, Line 12",checklist,448981223,Alif Aizat,10/05/2026,2026-10-07T22:41:40.554167+00:00
40875,6497224,CHK-4825-2,"EDCKUL21UPBBB110
issue: Still pending test reports impedance test and CR test",EDCKUL21UPBBB110,equipment,8743160,construction,,617565,Critical,10/20/2026,,Eaton ,company,41688,477939,Electrical,19071,Documentation,228267,Open,"4825, Line 12",checklist,448981101,Alif Aizat,10/05/2026,2026-10-07T22:41:40.554167+00:00
40875,6497213,CHK-7478-3,"EDCKUL21UPBBA310
issue: Still pending test reports impedance test and CR test",EDCKUL21UPBBA310,equipment,11768907,construction,,617565,Critical,10/20/2026,,Eaton ,company,41688,477939,Electrical,19071,Documentation,228267,Open,"7478, Line 12",checklist,887881798,Alif Aizat,10/05/2026,2026-10-07T22:41:40.554167+00:00
40875,6497202,CHK-4824-4,"EDCKUL21UPBBA210
issue: Still pending test reports impedance test and CR test",EDCKUL21UPBBA210,equipment,8743159,construction,,617565,Critical,10/20/2026,,Eaton ,company,41688,477939,Electrical,19071,Documentation,228267,Open,"4824, Line 12",checklist,448980993,Alif Aizat,10/05/2026,2026-10-07T22:41:40.554167+00:00
40875,6497192,CHK-4823-5,"EDCKUL21UPBBA110
issue: Still pending test reports impedance test and CR test",EDCKUL21UPBBA110,equipment,8743158,construction,,617565,Critical,10/20/2026,,Eaton ,company,41688,477939,Electrical,19071,Documentation,228267,Open,"4823, Line 12",checklist,448980887,Alif Aizat,10/05/2026,2026-10-07T22:41:40.554167+00:00
40875,6496655,CHK-4774-2,"EDCKUL21STSBE110
Issue: Earthing door missing cable sleeve",EDCKUL21STSBE110,equipment,8743109,construction,,617567,Non-Critical,10/20/2026,,Vertiv,company,22557,477939,Electrical,19068,Construction,228267,Open,"4774, Line 25",checklist,448975511,Alif Aizat,10/05/2026,2026-10-07T22:41:40.554167+00:00
40875,6496645,CHK-4774-1,"EDCKUL21STSBE110
Issue: Missing grommets rubber",EDCKUL21STSBE110,equipment,8743109,construction,,617565,Critical,10/20/2026,10/07/2026,Promatrix DCS,company,68571,477939,Electrical,19068,Construction,228270,Closed,"4774, Line 25",checklist,448975511,Alif Aizat,10/05/2026,2026-10-07T22:41:40.554167+00:00
40875,6496623,CHK-4775-2,"EDCKUL21STSBE310
Issue: Missing grommets rubber",EDCKUL21STSBE210,equipment,8743110,construction,,617565,Critical,10/20/2026,10/07/2026,Promatrix DCS,company,68571,477939,Electrical,19068,Construction,228270,Closed,"4775, Line 25",checklist,448975625,Alif Aizat,10/05/2026,2026-10-07T22:41:40.554167+00:00
40875,6496610,CHK-4775-1,"EDCKUL21STSBE210
Issue: Earthing door damaged and missing cable sleeve",EDCKUL21STSBE210,equipment,8743110,construction,,617565,Critical,10/20/2026,,Vertiv,company,22557,477939,Electrical,19068,Construction,228267,Open,"4775, Line 25",checklist,448975625,Alif Aizat,10/05/2026,2026-10-07T22:41:40.554167+00:00
40875,6496592,CHK-6339-4,"EDCKUL21STSBE310
Issue: Patch cord cable does not install properly",EDCKUL21STSBE310,equipment,11768985,construction,,617565,Critical,10/20/2026,,Alur Tenaga,company,80235,478560,ELV,19068,Construction,228267,Open,"6339, Line 25",checklist,711788912,Alif Aizat,10/05/2026,2026-10-07T22:41:40.554167+00:00
40875,6496459,CHK-6339-3,"EDCKUL21STSBE310
Issue: Copper bush does not install properly",EDCKUL21STSBE310,equipment,11768985,construction,,617565,Critical,10/20/2026,,Alif Aizat,person,253801,477939,Electrical,19068,Construction,228267,Open,"6339, Line 25",checklist,711788912,Alif Aizat,10/05/2026,2026-10-07T22:41:40.554167+00:00
40875,6496420,CHK-6339-2,"EDCKUL21STSBE310
Issue: Copper bush does not install properly",EDCKUL21STSBE310,equipment,11768985,construction,,617565,Critical,10/20/2026,,Alur Tenaga,company,80235,477939,Electrical,19068,Construction,228267,Open,"6339, Line 25",checklist,711788912,Alif Aizat,10/05/2026,2026-10-07T22:41:40.554167+00:00
40875,6496397,CHK-6339-1,"EDCKUL21STSBE310
Issue: Missing grommets rubber",EDCKUL21STSBE310,equipment,11768985,construction,,617565,Critical,10/20/2026,10/07/2026,Promatrix DCS,company,68571,477939,Electrical,19068,Construction,228270,Closed,"6339, Line 25",checklist,711788912,Alif Aizat,10/05/2026,2026-10-07T22:41:40.554167+00:00
40875,6496373,CHK-6342-2,"EDCKUL21STSBE310
Issue: Earthing door missing cable sleeve",EDCKUL21STSBE410,equipment,11768986,construction,,617567,Non-Critical,10/19/2026,,Vertiv,company,22557,477939,Electrical,19068,Construction,228267,Open,"6342, Line 25",checklist,711789055,Alif Aizat,10/05/2026,2026-10-07T22:41:40.554167+00:00
40875,6494979,CHK-6342-1,"EDCKUL21STSBE410
Issue: Missing grommet rubber",EDCKUL21STSBE410,equipment,11768986,construction,,617565,Critical,10/19/2026,10/07/2026,Promatrix DCS,company,68571,477939,Electrical,19068,Construction,228270,Closed,"6342, Line 25",checklist,711789055,Alif Aizat,10/05/2026,2026-10-07T22:41:40.554167+00:00
40875,6493528,CHK-6990-1,"EDCKUL21MDPBHL10
Location: BH Elec room

Issue
Pending BMS low level cable termination",EDCKUL21MDPBHL10,equipment,12089399,construction,,617565,Critical,10/19/2026,,Promatrix DCS,company,68571,478560,ELV,19068,Construction,228267,Open,"6990, Line 25",checklist,780944478,Tarmizi Isa,10/05/2026,2026-10-07T22:41:40.554167+00:00
40875,6493518,CHK-6987-1,"EDCKUL21MDPBHK10
Location: AH Elec room

Issue
Pending BMS low level cable termination",EDCKUL21MDPBHK10,equipment,12089398,construction,,617565,Critical,10/19/2026,,Promatrix DCS,company,68571,478560,ELV,19068,Construction,228267,Open,"6987, Line 25",checklist,780944341,Tarmizi Isa,10/05/2026,2026-10-07T22:41:40.554167+00:00
40875,6492721,CHK-4771-1,"EDCKUL21STSBC210

Issue:
1. Pending asset ID tagging
2. Pending danger sign
3. Pending Arc flash sticker",EDCKUL21STSBC210,equipment,8743106,construction,,617567,Non-Critical,10/19/2026,,Vertiv,company,22557,477939,Electrical,19068,Construction,228267,Open,"4771, Line 21",checklist,448975184,Alif Aizat,10/05/2026,2026-10-07T22:41:40.554167+00:00
40875,6492718,CHK-4770-1,"EDCKUL21STSBC110

Issue:
1. Pending asset ID tagging
2. Pending danger sign
3. Pending Arc flash sticker",EDCKUL21STSBC110,equipment,8743105,construction,,617567,Non-Critical,10/19/2026,,Vertiv,company,22557,477939,Electrical,19068,Construction,228267,Open,"4770, Line 21",checklist,448975072,Alif Aizat,10/05/2026,2026-10-07T22:41:40.554167+00:00
40875,6492709,CHK-6324-1,"EDCKUL21STSBB410

Issue:
1. Pending asset ID tagging
2. Pending danger sign
3. Pending Arc flash sticker",EDCKUL21STSBB410,equipment,11768980,construction,,617567,Non-Critical,10/19/2026,,Vertiv,company,22557,477939,Electrical,19068,Construction,228267,Open,"6324, Line 21",checklist,711788193,Alif Aizat,10/05/2026,2026-10-07T22:41:40.554167+00:00
40875,6492706,CHK-6321-1,"EDCKUL21STSBB310

Issue:
1. Pending asset ID tagging
2. Pending danger sign
3. Pending Arc flash sticker",EDCKUL21STSBB310,equipment,11768979,construction,,617567,Non-Critical,10/19/2026,,Vertiv,company,22557,477939,Electrical,19068,Construction,228267,Open,"6321, Line 21",checklist,711788050,Alif Aizat,10/05/2026,2026-10-07T22:41:40.554167+00:00
40875,6492696,CHK-4769-3,"EDCKUL21STSBB210

Issue:
1. Pending asset ID tagging
2. Pending danger sign
3. Pending Arc flash sticker",EDCKUL21STSBB210,equipment,8743104,construction,,617567,Non-Critical,10/19/2026,,Vertiv,company,22557,477939,Electrical,19068,Construction,228267,Open,"4769, Line 21",checklist,448974955,Alif Aizat,10/05/2026,2026-10-07T22:41:40.554167+00:00
40875,6492683,CHK-4768-3,"EDCKUL21STSBB110

Issue:
1. Pending asset ID tagging
2. Pending danger sign
3. Pending Arc flash sticker",EDCKUL21STSBB110,equipment,8743103,construction,,617567,Non-Critical,10/19/2026,,Vertiv,company,22557,477939,Electrical,19068,Construction,228267,Open,"4768, Line 21",checklist,448974849,Alif Aizat,10/05/2026,2026-10-07T22:41:40.554167+00:00
40875,6492671,CHK-6318-1,"EDCKUL21STSBA410

Issue:
1. Pending asset ID tagging
2. Pending danger sign
3. Pending Arc flash sticker",EDCKUL21STSBA410,equipment,11768978,construction,,617567,Non-Critical,10/19/2026,,Vertiv,company,22557,477939,Electrical,19068,Construction,228267,Open,"6318, Line 21",checklist,711787907,Alif Aizat,10/05/2026,2026-10-07T22:41:40.554167+00:00
40875,6492665,CHK-6315-1,"EDCKUL21STSBA310

Issue:
1. Pending asset ID tagging
2. Pending danger sign
3. Pending Arc flash sticker",EDCKUL21STSBA310,equipment,11768977,construction,,617567,Non-Critical,10/19/2026,,Vertiv,company,22557,477939,Electrical,19068,Construction,228267,Open,"6315, Line 21",checklist,711787764,Alif Aizat,10/05/2026,2026-10-07T22:41:40.554167+00:00
40875,6492659,CHK-4767-4,"EDCKUL21STSBA210

Issue:
1. Pending asset ID tagging
2. Pending danger sign
3. Pending Arc flash sticker",EDCKUL21STSBA210,equipment,8743102,construction,,617567,Non-Critical,10/19/2026,,Vertiv,company,22557,477939,Electrical,19068,Construction,228267,Open,"4767, Line 21",checklist,448974742,Alif Aizat,10/05/2026,2026-10-07T22:41:40.554167+00:00
40875,6492641,CHK-4766-4,"EDCKUL21STSBA110

Issue:
1. Pending asset ID tagging
2. Pending danger sign
3. Pending Arc flash sticker",EDCKUL21STSBA110,equipment,8743101,construction,,617567,Non-Critical,10/19/2026,,Vertiv,company,22557,477939,Electrical,19068,Construction,228267,Open,"4766, Line 21",checklist,448974635,Alif Aizat,10/05/2026,2026-10-07T22:41:40.554167+00:00
40875,6492505,CHK-4125-2,"All ACS/VRF
Issue: Comm cable to gateway not installed yet.",EDCKUL21ACS00110,equipment,8743246,construction,,617565,Critical,10/19/2026,,Promatrix DCS,company,68571,477946,Mechanical,19068,Construction,228267,Open,"4125, Line 29",checklist,448923582,Nadhirah Mazlan,10/05/2026,2026-10-07T22:41:40.554167+00:00
40875,6492407,CHK-7364-1,"EDCKUL21VES00900
Location: STS Room BC

Issue:
1. Pending asset ID tagging",EDCKUL21VES00900,equipment,11768818,construction,,617567,Non-Critical,10/19/2026,,Azrul Firdaus Ramli,person,363960,477948,Fire,19068,Construction,228267,Open,7364,checklist,27985494,Azrul Firdaus Ramli,10/05/2026,2026-10-07T22:41:40.554167+00:00
40875,6492406,CHK-7409-1,"EDCKUL21VES01400
Location: STS Room BF

Issue:
1. Pending asset ID tagging",EDCKUL21VES01400,equipment,11768823,construction,,617567,Non-Critical,10/19/2026,,Promatrix DCS,company,68571,477948,Fire,19068,Construction,228267,Open,7409,checklist,27985539,Azrul Firdaus Ramli,10/05/2026,2026-10-07T22:41:40.554167+00:00
40875,6492404,CHK-7418-1,"EDCKUL21VES01500
Location: STS Room BE

Issue:
1. Pending asset ID tagging",EDCKUL21VES01500,equipment,11768824,construction,,617567,Non-Critical,10/19/2026,,Promatrix DCS,company,68571,477948,Fire,19068,Construction,228267,Open,7418,checklist,27985548,Azrul Firdaus Ramli,10/05/2026,2026-10-07T22:41:40.554167+00:00
40875,6492351,CHK-7508-1,"EDCKUL21VES09400
Location: LAC Room

Issue:
1. Pending asset ID tagging",EDCKUL21VES09400,equipment,13522232,construction,,617567,Non-Critical,10/19/2026,,Promatrix DCS,company,68571,477948,Fire,19068,Construction,228267,Open,7508,checklist,28552068,Azrul Firdaus Ramli,10/05/2026,2026-10-07T22:41:40.554167+00:00
40875,6492348,CHK-7505-1,"EDCKUL21VES09300
Location: HeadEnd Room

Issue:
1. Pending asset ID tagging",EDCKUL21VES09300,equipment,13522231,construction,,617567,Non-Critical,10/19/2026,,Promatrix DCS,company,68571,477948,Fire,19068,Construction,228267,Open,7505,checklist,28552065,Azrul Firdaus Ramli,10/05/2026,2026-10-07T22:41:40.554167+00:00
40875,6492347,CHK-7421-1,"EDCKUL21VES01600
Location: STS Room BD

Issue:
1. Pending asset ID tagging",EDCKUL21VES01600,equipment,11768825,construction,,617567,Non-Critical,10/19/2026,,Promatrix DCS,company,68571,477948,Fire,19068,Construction,228267,Open,7421,checklist,27985551,Azrul Firdaus Ramli,10/05/2026,2026-10-07T22:41:40.554167+00:00
40875,6492346,CHK-7355-1,"EDCKUL21VES00800
Location: STS Room BB

Issue:
1. Pending asset ID tagging",EDCKUL21VES00800,equipment,11768817,construction,,617567,Non-Critical,10/19/2026,,Azrul Firdaus Ramli,person,363960,477948,Fire,19068,Construction,228267,Open,7355,checklist,27985485,Azrul Firdaus Ramli,10/05/2026,2026-10-07T22:41:40.554167+00:00
40875,6492345,CHK-7346-1,"EDCKUL21VES00700
Location: STS Room BA

Issue:
1. Pending asset ID tagging",EDCKUL21VES00700,equipment,11768816,construction,,617567,Non-Critical,10/19/2026,,Azrul Firdaus Ramli,person,363960,477948,Fire,19068,Construction,228267,Open,7346,checklist,27985476,Azrul Firdaus Ramli,10/05/2026,2026-10-07T22:41:40.554167+00:00
40875,6491967,CHK-6348-2,"EDCKUL21STSBF410

Issue:
1. Pending asset ID tagging
2. Pending danger sign
3. Pending Arc flash sticker",EDCKUL21STSBF410,equipment,11768988,construction,,617567,Non-Critical,10/19/2026,,Vertiv,company,22557,477939,Electrical,19068,Construction,228267,Open,"6348, Line 21",checklist,711789337,Alif Aizat,10/04/2026,2026-10-07T22:41:40.554167+00:00
40875,6491966,CHK-6345-2,"EDCKUL21STSBF310

Issue:
1. Pending asset ID tagging
2. Pending danger sign
3. Pending Arc flash sticker",EDCKUL21STSBF310,equipment,11768987,construction,,617567,Non-Critical,10/19/2026,,Vertiv,company,22557,477939,Electrical,19068,Construction,228267,Open,"6345, Line 21",checklist,711789194,Alif Aizat,10/04/2026,2026-10-07T22:41:40.554167+00:00
40875,6491962,CHK-4777-2,"EDCKUL21STSBF210

Issue:
1. Pending asset ID tagging
2. Pending danger sign
3. Pending Arc flash sticker",EDCKUL21STSBF210,equipment,8743112,construction,,617567,Non-Critical,10/19/2026,,Vertiv,company,22557,477939,Electrical,19068,Construction,228267,Open,"4777, Line 21",checklist,448975839,Alif Aizat,10/04/2026,2026-10-07T22:41:40.554167+00:00
40875,6491959,CHK-4776-2,"EDCKUL21STSBF110

Issue:
1. Pending asset ID tagging
2. Pending danger sign
3. Pending Arc flash sticker",EDCKUL21STSBF110,equipment,8743111,construction,,617567,Non-Critical,10/19/2026,,Vertiv,company,22557,477939,Electrical,19068,Construction,228267,Open,"4776, Line 21",checklist,448975732,Alif Aizat,10/04/2026,2026-10-07T22:41:40.554167+00:00
40875,6491956,CHK-6336-1,"EDCKUL21STSBD410

Issue:
1. Pending asset ID tagging
2. Pending danger sign
3. Pending Arc flash sticker",EDCKUL21STSBD410,equipment,11768984,construction,,617567,Non-Critical,10/19/2026,,Vertiv,company,22557,477939,Electrical,19068,Construction,228267,Open,"6336, Line 21",checklist,711788765,Alif Aizat,10/04/2026,2026-10-07T22:41:40.554167+00:00
40875,6491954,CHK-6333-2,"EDCKUL21STSBD310

Issue:
1. Pending asset ID tagging
2. Pending danger sign
3. Pending Arc flash sticker",EDCKUL21STSBD310,equipment,11768983,construction,,617567,Non-Critical,10/19/2026,,Vertiv,company,22557,477939,Electrical,19068,Construction,228267,Open,"6333, Line 21",checklist,711788622,Alif Aizat,10/04/2026,2026-10-07T22:41:40.554167+00:00
40875,6491952,CHK-4773-3,"EDCKUL21STSBD210

Issue:
1. Pending asset ID tagging
2. Pending danger sign
3. Pending Arc flash sticker",EDCKUL21STSBD210,equipment,8743108,construction,,617567,Non-Critical,10/19/2026,,Vertiv,company,22557,477939,Electrical,19068,Construction,228267,Open,"4773, Line 21",checklist,448975398,Alif Aizat,10/04/2026,2026-10-07T22:41:40.554167+00:00
40875,6491950,CHK-4772-1,"EDCKUL21STSBD110

Issue:
1. Pending asset ID tagging
2. Pending danger sign
3. Pending Arc flash sticker",EDCKUL21STSBD110,equipment,8743107,construction,,617567,Non-Critical,10/19/2026,,Vertiv,company,22557,477939,Electrical,19068,Construction,228267,Open,"4772, Line 21",checklist,448975291,Alif Aizat,10/04/2026,2026-10-07T22:41:40.554167+00:00
40875,6474910,CHK-7331-1,"EDCKUL21VES00200
Location: GF MV RoomB1

Issue:
1. Pending asset ID tagging",EDCKUL21VES00200,equipment,11768811,construction,,617567,Non-Critical,10/16/2026,,Azrul Firdaus Ramli,person,363960,477948,Fire,19068,Construction,228267,Open,7331,checklist,27985461,Azrul Firdaus Ramli,10/02/2026,2026-10-07T22:41:40.554167+00:00
40875,6474903,CHK-7328-1,"EDCKUL21VES00100
Location: GF MV Room A1

Issue:
1. Pending asset ID tagging",EDCKUL21VES00100,equipment,11768810,construction,,617567,Non-Critical,10/16/2026,,Azrul Firdaus Ramli,person,363960,477948,Fire,19068,Construction,228267,Open,7328,checklist,27985458,Azrul Firdaus Ramli,10/02/2026,2026-10-07T22:41:40.554167+00:00
40875,6474343,FO-13-1,Damaged leak sensor,EDCKUL21FOP00100,equipment,9298800,construction,,617567,Non-Critical,10/16/2026,,Promatrix DCS,company,68571,477939,Electrical,19068,Construction,228267,Open,13,fieldobservation,320655,Azrul Firdaus Ramli,10/02/2026,2026-10-07T22:41:40.554167+00:00
40875,6474340,FO-12-1,End cap,EDCKUL21FOP00100,equipment,9298800,construction,,617567,Non-Critical,10/16/2026,,Promatrix DCS,company,68571,477939,Electrical,19068,Construction,228267,Open,12,fieldobservation,320654,Azrul Firdaus Ramli,10/02/2026,2026-10-07T22:41:40.554167+00:00
40875,6474331,FO-11-1,To confirm installation compliance,EDCKUL21FOF00100,equipment,9299281,construction,,617567,Non-Critical,10/16/2026,,Promatrix DCS,company,68571,477939,Electrical,19068,Construction,228267,Open,11,fieldobservation,320653,Azrul Firdaus Ramli,10/02/2026,2026-10-07T22:41:40.554167+00:00
40875,6474322,FO-10-1,Incomplete installation,EDCKUL21FOF00100,equipment,9299281,construction,,617567,Non-Critical,10/16/2026,,Promatrix DCS,company,68571,477939,Electrical,19068,Construction,228267,Open,10,fieldobservation,320652,Azrul Firdaus Ramli,10/02/2026,2026-10-07T22:41:40.554167+00:00
40875,6474315,FO-9-1,Make good flexible hose,EDCKUL21FOF00100,equipment,9299281,construction,,617567,Non-Critical,10/16/2026,,Promatrix DCS,company,68571,477939,Electrical,19068,Construction,228267,Open,9,fieldobservation,320651,Azrul Firdaus Ramli,10/02/2026,2026-10-07T22:41:40.554167+00:00
40875,6474290,FO-8-1,Plug off,EDCKUL21FOF00100,equipment,9299281,construction,,617567,Non-Critical,10/16/2026,,Promatrix DCS,company,68571,477939,Electrical,19068,Construction,228267,Open,8,fieldobservation,320650,Azrul Firdaus Ramli,10/02/2026,2026-10-07T22:41:40.554167+00:00
40875,6466213,CHK-4773-2,"EDCKUL21STSBD210
Issue: Patch cord does not install properly",EDCKUL21STSBD210,equipment,8743108,construction,,617565,Critical,10/15/2026,,Alur Tenaga,company,80235,478560,ELV,19068,Construction,228267,Open,"4773, Line 25",checklist,448975405,Alif Aizat,10/01/2026,2026-10-07T22:41:40.554167+00:00
40875,6466203,CHK-4773-1,"EDCKUL21STSBD210
Issue: Missing sleeve cable and torque mark
Earthing labels",EDCKUL21STSBD210,equipment,8743108,construction,,617567,Non-Critical,10/15/2026,,Vertiv,company,22557,477939,Electrical,19068,Construction,228267,Open,"4773, Line 25",checklist,448975405,Alif Aizat,10/01/2026,2026-10-07T22:41:40.554167+00:00
40875,6466188,CHK-6333-1,"EDCKUL21STSBD310
Issue: Missing sleeve cable and torque mark
Earthing labels",EDCKUL21STSBD310,equipment,11768983,construction,,617567,Non-Critical,10/15/2026,,Vertiv,company,22557,477939,Electrical,19068,Construction,228267,Open,"6333, Line 25",checklist,711788626,Alif Aizat,10/01/2026,2026-10-07T22:41:40.554167+00:00
40875,6466181,CHK-4777-1,"EDCKUL21STSBF210
Issue: Missing sleeve cable and torque mark
Earthing labels",EDCKUL21STSBF210,equipment,8743112,construction,,617567,Non-Critical,10/15/2026,,Vertiv,company,22557,477939,Electrical,19068,Construction,228267,Open,"4777, Line 25",checklist,448975847,Alif Aizat,10/01/2026,2026-10-07T22:41:40.554167+00:00
40875,6466143,CHK-6348-1,"EDCKUL21STSBF410
Issue: Missing sleeve cable and torque mark
Earthing labels ",EDCKUL21STSBF410,equipment,11768988,construction,,617567,Non-Critical,10/15/2026,,Vertiv,company,22557,477939,Electrical,19068,Construction,228267,Open,"6348, Line 25",checklist,711789341,Alif Aizat,10/01/2026,2026-10-07T22:41:40.554167+00:00
40875,6466135,CHK-4776-1,"EDCKUL21STSBF110
Issue: Missing sleeve cable and torque mark
Earthing labels",EDCKUL21STSBF110,equipment,8743111,construction,,617567,Non-Critical,10/15/2026,,Vertiv,company,22557,477939,Electrical,19068,Construction,228267,Open,"4776, Line 25",checklist,448975740,Alif Aizat,10/01/2026,2026-10-07T22:41:40.554167+00:00
40875,6466121,CHK-6345-1,"EDCKUL21STSBF310
Issue: Missing sleeve cable and torque mark",EDCKUL21STSBF310,equipment,11768987,construction,,617567,Non-Critical,10/15/2026,,Vertiv,company,22557,477939,Electrical,19068,Construction,228267,Open,"6345, Line 25",checklist,711789198,Alif Aizat,10/01/2026,2026-10-07T22:41:40.554167+00:00
40875,6465489,CHK-6072-3,"All CRA Units

Issue:
Need to install teamwork cabling",EDCKUL21CRAA0104,equipment,11768860,construction,,617565,Critical,10/15/2026,,Illayakantthan Rajogoval,person,255229,477946,Mechanical,19067,Commissioning,228267,Open,"6072, Line 29",checklist,711771404,Tyler Beaver,10/01/2026,2026-10-07T22:41:40.554167+00:00
40875,6465484,CHK-6072-2,"ALL CRA Units

Issue:
Need to install water leak detection rope",EDCKUL21CRAA0104,equipment,11768860,construction,,617565,Critical,10/15/2026,,Illayakantthan Rajogoval,person,255229,477946,Mechanical,19067,Commissioning,228267,Open,"6072, Line 35",checklist,711771410,Tyler Beaver,10/01/2026,2026-10-07T22:41:40.554167+00:00
40875,6457366,CHK-6132-1,"EDCKUL21CRAA1404

Issues:
1 - Elec panel needs housekeeping
2 - Unterminated ground cable
3 - Terminate comm cables
4 - Replace and reposition cable glands
5 - 2 screw covers missing
6 - Fix door seal
7 - Clean scuffs and debris from main fan section
8 - Remove any remaining tape from unit",EDCKUL21CRAA1404,equipment,11768873,construction,,617565,Critical,10/14/2026,,Illayakantthan Rajogoval,person,255229,477946,Mechanical,19067,Commissioning,228267,Open,"6132, Line 33",checklist,711774268,Tyler Beaver,09/30/2026,2026-10-07T22:41:40.554167+00:00
40875,6457360,CHK-6123-1,"EDCKUL21CRAA1104

Issues:
1 - Elec panel needs housekeeping
2 - Terminate comm cables
3 - Replace and reposition cable glands
4 - Clean debris in main fan section
5 - DPT doesn’t match rest of units
6 - Door handle on fan section doesn’t open all the way",EDCKUL21CRAA1104,equipment,11768870,construction,,617565,Critical,10/14/2026,,Illayakantthan Rajogoval,person,255229,477946,Mechanical,19067,Commissioning,228267,Open,"6123, Line 33",checklist,711773839,Tyler Beaver,09/30/2026,2026-10-07T22:41:40.554167+00:00
40875,6457355,CHK-6120-1,"EDCKUL21CRAA1004

Issues:
1 - Terminate comm cables
2 - Reinstall and reposition cable glands
3 - Secure dirty filer tube
4 - Fix door seal
5 - Clean scuffs and debris from main fan section",EDCKUL21CRAA1004,equipment,11768869,construction,,617565,Critical,10/14/2026,,Illayakantthan Rajogoval,person,255229,477946,Mechanical,19067,Commissioning,228267,Open,"6120, Line 33",checklist,711773696,Tyler Beaver,09/30/2026,2026-10-07T22:41:40.554167+00:00
40875,6457351,CHK-6117-1,"EDCKUL21CRAA0904

Issues:
1 - Missing screw cover in elec panel
2 - Terminate comm cables
3 - Clean scuffs and debris from main fan section
4 - Re-insulate drain pipe internal to unit",EDCKUL21CRAA0904,equipment,11768868,construction,,617565,Critical,10/14/2026,,Illayakantthan Rajogoval,person,255229,477946,Mechanical,19067,Commissioning,228267,Open,"6117, Line 33",checklist,711773553,Tyler Beaver,09/30/2026,2026-10-07T22:41:40.554167+00:00
40875,6457304,CHK-6114-1,"EDCKUL21CRAA0804

Issues:
1 - Clean drain pipe insulation 
2 - Clean front of fan door
3 - Replace and reposition cable glands
4 - Terminate comm cables
5 - Vacuum debris in elec panel
6 - Clean behind fan damper
7 - Clean scuffs and dust from main fan section
8 - Secure construction filter",EDCKUL21CRAA0804,equipment,11768867,construction,,617565,Critical,10/14/2026,,Illayakantthan Rajogoval,person,255229,477946,Mechanical,19067,Commissioning,228267,Open,"6114, Line 33",checklist,711773410,Tyler Beaver,09/30/2026,2026-10-07T22:41:40.554167+00:00
40875,6457284,CHK-6108-1,"EDCKUL21CRAA0704

Issues:
1 - Clean dust in elec panel
2 - Clean scuffs and debris from main fan section
3 - Replace all missing cable glands
4 - Reposition offset cable glands
5 - Run and terminate comm cables
6 - Need to remove remaining tape on unit",EDCKUL21CRAA0704,equipment,11768866,construction,,617565,Critical,10/14/2026,,Illayakantthan Rajogoval,person,255229,477946,Mechanical,19067,Commissioning,228267,Open,"6108, Line 33",checklist,711773124,Tyler Beaver,09/30/2026,2026-10-07T22:41:40.554167+00:00
40875,6457273,CHK-6102-1,"EDCKUL21CRAA0604

Issues:
1 - 2 unterminated cables in elec panel
2 - Reposition far right cable gland
3 - Run and terminate comm cables
4 - Loose bolt on coil side",EDCKUL21CRAA0604,equipment,11768865,construction,,617565,Critical,10/14/2026,,Illayakantthan Rajogoval,person,255229,477946,Mechanical,19067,Commissioning,228267,Open,"6102, Line 33",checklist,711772838,Tyler Beaver,09/30/2026,2026-10-07T22:41:40.554167+00:00
40875,6457253,CHK-6096-1,"EDCKUL21CRAA0504

Issues:
1 - Replace and reposition cable glands
2 - Run and terminate comm cables",EDCKUL21CRAA0504,equipment,11768864,construction,,617565,Critical,10/14/2026,,Illayakantthan Rajogoval,person,255229,477946,Mechanical,19067,Commissioning,228267,Open,"6096, Line 33",checklist,711772552,Tyler Beaver,09/30/2026,2026-10-07T22:41:40.554167+00:00
40875,6457242,CHK-6090-1,"EDCKUL21CRAA040

Issues:
1 - Reposition ground cable gland
2 - Replace missing cable gland
3 - Clean rust inside main fan section near return piping
4 - Terminate comm cables",EDCKUL21CRAA0404,equipment,11768863,construction,,617565,Critical,10/14/2026,,Illayakantthan Rajogoval,person,255229,477946,Mechanical,19067,Commissioning,228267,Open,"6090, Line 33",checklist,711772266,Tyler Beaver,09/30/2026,2026-10-07T22:41:40.554167+00:00
40875,6457230,CHK-6084-1,"EDCKUL21CRAA0304

Issues:
1 - Replace and reposition cable glands
2 - 2 grounding wires not terminated in elec panel
3 - Fix door seal
4 - Terminate comm cables
5 - Housekeeping and clean scuffs in main fan section",EDCKUL21CRAA0304,equipment,11768862,construction,,617565,Critical,10/14/2026,,Illayakantthan Rajogoval,person,255229,477946,Mechanical,19067,Commissioning,228267,Open,"6084, Line 33",checklist,711771980,Tyler Beaver,09/30/2026,2026-10-07T22:41:40.554167+00:00
40875,6457169,CHK-6078-1,"EDCKUL21CRAA0204

Issues:
1 - Terminate comm cables
2 - Clean scuffs in main fan section
3 - Housekeeping needed in main fan section",EDCKUL21CRAA0204,equipment,11768861,construction,,617565,Critical,10/14/2026,,Illayakantthan Rajogoval,person,255229,477946,Mechanical,19067,Commissioning,228267,Open,"6078, Line 33",checklist,711771694,Tyler Beaver,09/30/2026,2026-10-07T22:41:40.554167+00:00
40875,6457133,CHK-6072-1,"EDCKUL21CRAA0104

Issues:
1 - Dust on components in the elec panel
2 - Comm cables to be terminated
3 - Missing bracket and bolts between top and bottom section of unit
4 - Replace and reposition cable glands",EDCKUL21CRAA0104,equipment,11768860,construction,,617565,Critical,10/14/2026,,Illayakantthan Rajogoval,person,255229,477946,Mechanical,19067,Commissioning,228267,Open,"6072, Line 33",checklist,711771408,Tyler Beaver,09/30/2026,2026-10-07T22:41:40.554167+00:00
40875,6446166,CHK-3374-1,"EDCKUL21ACS00820
Location: Corridor

Issue:
Hanger rod too short, only 3 thread count.",EDCKUL21ACS00820,equipment,8743310,construction,,617567,Non-Critical,10/13/2026,10/07/2026,Promatrix DCS,company,68571,477946,Mechanical,19068,Construction,228270,Closed,"3374, Line 15",checklist,448890751,Nadhirah Mazlan,09/29/2026,2026-10-07T22:41:40.554167+00:00
40875,6437305,CHK-4384-1,"EDCKUL21DPPBH520
Location: BH elect room

Issue
manufacturer’s termination installation not acceptable from a safety and workmanship perspective",EDCKUL21DPPBH520,equipment,8742727,construction,,617565,Critical,10/12/2026,,Promatrix DCS,company,68571,477939,Electrical,19068,Construction,228267,Open,"4384, Line 26",checklist,448939378,Tarmizi Isa,09/28/2026,2026-10-07T22:41:40.554167+00:00
40875,6437119,CHK-3347-1,"EDCKUL21ACS00420
Location: GF - EU Corridor (South)

Issue:
To slightly move the ACS unit so it's not touching the sharing Unistrut (Refer photo attached)",EDCKUL21ACS00420,equipment,8743276,construction,,617567,Non-Critical,10/12/2026,10/06/2026,Promatrix DCS,company,68571,477946,Mechanical,19068,Construction,228270,Closed,"3347, Line 15",checklist,448889779,Nadhirah Mazlan,09/28/2026,2026-10-07T22:41:40.554167+00:00
40875,6436916,CHK-7906-1,"EDCKUL21BSW00100
Location: Roof Top

Issue:
Observed there is significant delta T (<10degC) at loadbank flexible busduct. Issue observed during Cx3 Generators Burn-in.

As per NETA, repair shall be made as time permits.",EDCKUL21GENBC100,equipment,8742793,construction,,617567,Non-Critical,10/12/2026,,Promatrix DCS,company,68571,477939,Electrical,19067,Commissioning,228267,Open,7906,checklist,29068137,Adli Hamdawi,09/28/2026,2026-10-07T22:41:40.554167+00:00
40875,6436800,CHK-7905-1,"EDCKUL21GENBB100
Location: GF

Issue:
Observed there is missing block load PQA trending in Cx3-SAT Test Report. 

To attach required PQA report for block load.",EDCKUL21GENBB100,equipment,8742792,construction,,617565,Critical,10/12/2026,,Sime Darby Industrial,company,68570,477939,Electrical,19067,Commissioning,228267,Open,7905,checklist,29068136,Adli Hamdawi,09/28/2026,2026-10-07T22:41:40.554167+00:00
40875,6436661,CHK-7361-1,"EDCKUL21VES00804
Location: 1F MECH 42 Corridor 

Issue:
1. Pending asset ID tagging",EDCKUL21VES00804,equipment,11768803,construction,,617567,Non-Critical,10/12/2026,10/07/2026,Azrul Firdaus Ramli,person,363960,477948,Fire,19068,Construction,228270,Closed,7361,checklist,27985491,Azrul Firdaus Ramli,09/28/2026,2026-10-07T22:41:40.554167+00:00
40875,6436610,CHK-7397-1,"EDCKUL21VES01204
Location: 1F MECH 42 Corridor 

Issue:
1. Pending asset ID tagging",EDCKUL21VES01204,equipment,11768807,construction,,617567,Non-Critical,10/12/2026,10/07/2026,Azrul Firdaus Ramli,person,363960,477948,Fire,19068,Construction,228270,Closed,7397,checklist,27985527,Azrul Firdaus Ramli,09/28/2026,2026-10-07T22:41:40.554167+00:00
40875,6436608,CHK-7388-1,"EDCKUL21VES01104
Location: 1F MECH 42 Corridor 

Issue:
1. Pending asset ID tagging",EDCKUL21VES01104,equipment,11768806,construction,,617567,Non-Critical,10/12/2026,10/07/2026,Azrul Firdaus Ramli,person,363960,477948,Fire,19068,Construction,228270,Closed,7388,checklist,27985518,Azrul Firdaus Ramli,09/28/2026,2026-10-07T22:41:40.554167+00:00
40875,6436602,CHK-7379-1,"EDCKUL21VES01004
Location: 1F MECH 42 Corridor 

Issue:
1. Pending asset ID tagging",EDCKUL21VES01004,equipment,11768805,construction,,617567,Non-Critical,10/12/2026,10/07/2026,Promatrix DCS,company,68571,477948,Fire,19068,Construction,228270,Closed,7379,checklist,27985509,Azrul Firdaus Ramli,09/28/2026,2026-10-07T22:41:40.554167+00:00
40875,6436595,CHK-7370-1,"EDCKUL21VES00904
Location: 1F MECH 42 Corridor 

Issue:
1. Pending asset ID tagging",EDCKUL21VES00904,equipment,11768804,construction,,617567,Non-Critical,10/12/2026,10/07/2026,Promatrix DCS,company,68571,477948,Fire,19068,Construction,228270,Closed,7370,checklist,27985500,Azrul Firdaus Ramli,09/28/2026,2026-10-07T22:41:40.554167+00:00
40875,6436587,CHK-7352-1,"EDCKUL21VES00104
Location: 1F MECH 42 Corridor 

Issue:
1. Pending asset ID tagging",EDCKUL21VES00704,equipment,11768802,construction,,617567,Non-Critical,10/12/2026,10/07/2026,Promatrix DCS,company,68571,477948,Fire,19068,Construction,228270,Closed,7352,checklist,27985482,Azrul Firdaus Ramli,09/28/2026,2026-10-07T22:41:40.554167+00:00
40875,6436567,CHK-7325-1,"EDCKUL21VES00604
Location: 1F MECH 41 Corridor 

Issue:
1. Pending asset ID tagging",EDCKUL21VES00604,equipment,11768801,construction,,617567,Non-Critical,10/12/2026,10/07/2026,Promatrix DCS,company,68571,477948,Fire,19068,Construction,228270,Closed,7325,checklist,27985455,Azrul Firdaus Ramli,09/28/2026,2026-10-07T22:41:40.554167+00:00
40875,6436565,CHK-7319-1,"EDCKUL21VES00504
Location: 1F MECH 41 Corridor 

Issue:
1. Pending asset ID tagging",EDCKUL21VES00504,equipment,11768800,construction,,617567,Non-Critical,10/12/2026,10/07/2026,Promatrix DCS,company,68571,477948,Fire,19068,Construction,228270,Closed,7319,checklist,27985449,Azrul Firdaus Ramli,09/28/2026,2026-10-07T22:41:40.554167+00:00
40875,6436531,CHK-7313-1,"EDCKUL21VES00404
Location: 1F MECH 41 Corridor 

Issue:
1. Pending asset ID tagging",EDCKUL21VES00404,equipment,11768799,construction,,617567,Non-Critical,10/12/2026,10/07/2026,Promatrix DCS,company,68571,477948,Fire,19068,Construction,228270,Closed,7313,checklist,27985443,Azrul Firdaus Ramli,09/28/2026,2026-10-07T22:41:40.554167+00:00
40875,6436529,CHK-7307-1,"EDCKUL21VES00304
Location: 1F MECH 41 Corridor 

Issue:
1. Pending asset ID tagging",EDCKUL21VES00304,equipment,11768798,construction,,617567,Non-Critical,10/12/2026,10/07/2026,Promatrix DCS,company,68571,477948,Fire,19068,Construction,228270,Closed,7307,checklist,27985437,Azrul Firdaus Ramli,09/28/2026,2026-10-07T22:41:40.554167+00:00
40875,6436526,CHK-7301-1,"EDCKUL21VES00204
Location: 1F MECH 41 Corridor 

Issue:
1. Pending asset ID tagging",EDCKUL21VES00204,equipment,11768797,construction,,617567,Non-Critical,10/12/2026,10/07/2026,Promatrix DCS,company,68571,477948,Fire,19068,Construction,228270,Closed,7301,checklist,27985431,Azrul Firdaus Ramli,09/28/2026,2026-10-07T22:41:40.554167+00:00
40875,6436525,CHK-7295-1,"EDCKUL21VES00104
Location: 1F MECH 41 Corridor 

Issue:
1. Pending asset ID tagging",EDCKUL21VES00104,equipment,11768796,construction,,617567,Non-Critical,10/12/2026,10/07/2026,Promatrix DCS,company,68571,477948,Fire,19068,Construction,228270,Closed,7295,checklist,27985425,Azrul Firdaus Ramli,09/28/2026,2026-10-07T22:41:40.554167+00:00
40875,6425407,CHK-7124-1,"EDCKUL21GDS00100
Location: Day 1 Area

Issue:
SMI indicates proposed location for Day 2 while panels are being installed at Day 1. Require a submittal confirmation that the MAR is also applicable for Day 1 as well.",EDCKUL21GDS00100,equipment,12549367,construction,,617567,Non-Critical,10/09/2026,,Nadhirah Mazlan,person,246408,477946,Mechanical,19071,Documentation,228267,Open,"7124, Line 8",checklist,780974186,Nadhirah Mazlan,09/25/2026,2026-10-07T22:41:40.554167+00:00
40875,6418255,CHK-4509-9,"EDCKUL21MSBBZ110
Location:BZ Elect room

Issue
Pending BMS low-level cabling for the breaker feed to the UPS",EDCKUL21MSBBZ110,equipment,8742846,construction,,617565,Critical,10/08/2026,,Promatrix DCS,company,68571,478560,ELV,19068,Construction,228267,Open,"4509, Line 25",checklist,448947002,Tarmizi Isa,09/24/2026,2026-10-07T22:41:40.554167+00:00
40875,6418251,CHK-4505-9,"EDCKUL21MSBBF110
Location:BF Elect room

Issue
Pending BMS low-level cabling for the breaker feed to the UPS",EDCKUL21MSBBF110,equipment,8742842,construction,,617565,Critical,10/08/2026,,Promatrix DCS,company,68571,478560,ELV,19068,Construction,228267,Open,"4505, Line 25",checklist,448946758,Tarmizi Isa,09/24/2026,2026-10-07T22:41:40.554167+00:00
40875,6418246,CHK-4504-9,"EDCKUL21MSBBA110
Location:BA Elect room

Issue
Pending BMS low-level cabling for the breaker feed to the UPS",EDCKUL21MSBBE110,equipment,8742841,construction,,617565,Critical,10/08/2026,,Promatrix DCS,company,68571,478560,ELV,19068,Construction,228267,Open,"4504, Line 25",checklist,448946697,Tarmizi Isa,09/24/2026,2026-10-07T22:41:40.554167+00:00
40875,6418238,CHK-4503-9,"EDCKUL21MSBBD110
Location:BD Elect room

Issue
Pending BMS low-level cabling for the breaker feed to the UPS",EDCKUL21MSBBD110,equipment,8742840,construction,,617565,Critical,10/08/2026,,Promatrix DCS,company,68571,478560,ELV,19068,Construction,228267,Open,"4503, Line 25",checklist,448946636,Tarmizi Isa,09/24/2026,2026-10-07T22:41:40.554167+00:00
40875,6418237,CHK-4502-13,"EDCKUL21MSBBC110
Location:BC Elect room

Issue
Pending BMS low-level cabling for the breaker feed to the UPS",EDCKUL21MSBBC110,equipment,8742839,construction,,617565,Critical,10/08/2026,,Promatrix DCS,company,68571,478560,ELV,19068,Construction,228267,Open,"4502, Line 25",checklist,448946575,Tarmizi Isa,09/24/2026,2026-10-07T22:41:40.554167+00:00
40875,6418234,CHK-4501-12,"EDCKUL21MSBBB110
Location:BB Elect room

Issue
Pending BMS low-level cabling for the breaker feed to the UPS",EDCKUL21MSBBB110,equipment,8742838,construction,,617565,Critical,10/08/2026,,Promatrix DCS,company,68571,478560,ELV,19068,Construction,228267,Open,"4501, Line 25",checklist,448946514,Tarmizi Isa,09/24/2026,2026-10-07T22:41:40.554167+00:00
40875,6418230,CHK-4500-13,"EDCKUL21MSBBA110
Location:BA Elect room

Issue
Pending BMS low-level cabling for the breaker feed to the UPS",EDCKUL21MSBBA110,equipment,8742837,construction,,617565,Critical,10/08/2026,,Promatrix DCS,company,68571,477939,Electrical,19068,Construction,228267,Open,"4500, Line 25",checklist,448946453,Tarmizi Isa,09/24/2026,2026-10-07T22:41:40.554167+00:00
40875,6418033,CHK-7496-1,"EDCKUL21UPBBZ310
Location: BZ

Issue:
1. Pending asset ID tagging
2. Pending danger sign
3. Pending Arc flash sticker",EDCKUL21UPBBZ310,equipment,11768915,construction,,617567,Non-Critical,10/08/2026,,Eaton ,company,41688,477939,Electrical,19067,Commissioning,228267,Open,"7496, Line 16",checklist,887882625,Alif Aizat,09/24/2026,2026-10-07T22:41:40.554167+00:00
40875,6418026,CHK-4837-1,"EDCKUL21UPBBZ210
Location: BZ

Issue:
1. Pending asset ID tagging
2. Pending danger sign
3. Pending Arc flash sticker",EDCKUL21UPBBZ210,equipment,8743172,construction,,617567,Non-Critical,10/08/2026,,Eaton ,company,41688,477939,Electrical,19067,Commissioning,228267,Open,"4837, Line 21",checklist,448982453,Alif Aizat,09/24/2026,2026-10-07T22:41:40.554167+00:00
40875,6418015,CHK-4836-1,"EDCKUL21UPBBZ110
Location: BZ room

Issue:
1. Pending asset ID tagging
2. Pending danger sign
3. Pending Arc flash sticker",EDCKUL21UPBBZ110,equipment,8743171,construction,,617567,Non-Critical,10/08/2026,,Eaton ,company,41688,477939,Electrical,19067,Commissioning,228267,Open,"4836, Line 21",checklist,448982336,Alif Aizat,09/24/2026,2026-10-07T22:41:40.554167+00:00
40875,6418010,CHK-7493-1,"EDCKUL21UPBBF310
Location: BF

Issue:
1. Pending asset ID tagging
2. Pending danger sign
3. Pending Arc flash sticker",EDCKUL21UPBBF310,equipment,11768914,construction,,617567,Non-Critical,10/08/2026,,Eaton ,company,41688,477939,Electrical,19067,Commissioning,228267,Open,"7493, Line 16",checklist,887882488,Alif Aizat,09/24/2026,2026-10-07T22:41:40.554167+00:00
40875,6418002,CHK-4834-1,"EDCKUL21UPBBF210
Location: BF

Issue:
1. Pending asset ID tagging
2. Pending danger sign
3. Pending Arc flash sticker",EDCKUL21UPBBF210,equipment,8743169,construction,,617567,Non-Critical,10/08/2026,,Eaton ,company,41688,477939,Electrical,19067,Commissioning,228267,Open,"4834, Line 21",checklist,448982120,Alif Aizat,09/24/2026,2026-10-07T22:41:40.554167+00:00
40875,6418001,CHK-4833-1,"EDCKUL21UPBBF110
Location: BF

Issue:
1. Pending asset ID tagging
2. Pending danger sign
3. Pending Arc flash sticker",EDCKUL21UPBBF110,equipment,8743168,construction,,617567,Non-Critical,10/08/2026,,Eaton ,company,41688,477939,Electrical,19067,Commissioning,228267,Open,"4833, Line 21",checklist,448982011,Alif Aizat,09/24/2026,2026-10-07T22:41:40.554167+00:00
40875,6417953,CHK-7490-1,"EDCKUL21UPBBE310
Location: BE room

Issue:
1. Pending asset ID tagging
2. Pending danger sign
3. Pending Arc flash sticker",EDCKUL21UPBBE310,equipment,11768911,construction,,617567,Non-Critical,10/08/2026,,Eaton ,company,41688,477939,Electrical,19067,Commissioning,228267,Open,"7490, Line 16",checklist,887882351,Alif Aizat,09/24/2026,2026-10-07T22:41:40.554167+00:00
40875,6417943,CHK-4832-1,"EDCKUL21UPBBE210
Location: BE room

Issue:
1. Pending asset ID tagging
2. Pending danger sign
3. Pending Arc flash sticker",EDCKUL21UPBBE210,equipment,8743167,construction,,617567,Non-Critical,10/08/2026,,Eaton ,company,41688,477939,Electrical,19067,Commissioning,228267,Open,"4832, Line 21",checklist,448981903,Alif Aizat,09/24/2026,2026-10-07T22:41:40.554167+00:00
40875,6417936,CHK-4831-2,"EDCKUL21UPBBE110
Location: BE room

Issue:
1. Pending asset ID tagging
2. Pending danger sign
3. Pending Arc flash sticker",EDCKUL21UPBBE110,equipment,8743166,construction,,617567,Non-Critical,10/08/2026,,Eaton ,company,41688,477939,Electrical,19067,Commissioning,228267,Open,"4831, Line 21",checklist,448981782,Alif Aizat,09/24/2026,2026-10-07T22:41:40.554167+00:00
40875,6417919,CHK-7487-1,"EDCKUL21UPBBD310
Location: BD room

Issue:
1. Pending asset ID tagging
2. Pending danger sign
3. Pending Arc flash sticker",EDCKUL21UPBBD310,equipment,11768910,construction,,617567,Non-Critical,10/08/2026,,Eaton ,company,41688,477939,Electrical,19067,Commissioning,228267,Open,"7487, Line 16",checklist,887882214,Alif Aizat,09/24/2026,2026-10-07T22:41:40.554167+00:00
40875,6417899,CHK-7962-6,"EDCKUL21MSBBB110
Location: GF BB ROOM

Issue: 
Abnormal vibration/noise was observed at the MSB during the maintenance Bypass Line 100% burn in test while the load was supplied from the generator.

Powerwell to inspect the MSB for mechanical looseness, busbar/support/cover/panel vibration.",EDCKUL21MSBBB110,equipment,8742838,construction,,617565,Critical,10/08/2026,,Shao Ming Yap,person,364364,477939,Electrical,19067,Commissioning,228267,Open,"7962, Line 14",checklist,907863919,Shao Ming Yap,09/24/2026,2026-10-07T22:41:40.554167+00:00
40875,6417896,CHK-7962-5,"EDCKUL21UPSBB210
Location: GF BB ROOM

Issue: 
During the UPS 100% load burn in test with two CRAH units operating, UPSBB210 generated an “UPM Ambient Over Temperature Alarm” after 10 minutes",EDCKUL21MSBBB110,equipment,8742838,construction,,617565,Critical,10/08/2026,,Design Team,role,618778,477939,Electrical,19067,Commissioning,228267,Open,"7962, Line 14",checklist,907863919,Shao Ming Yap,09/24/2026,2026-10-07T22:41:40.554167+00:00
40875,6417894,CHK-4830-2,"EDCKUL21UPBBD210
Location: BD room

Issue:
1. Pending asset ID tagging
2. Pending danger sign
3. Pending Arc flash sticker",EDCKUL21UPBBD210,equipment,8743165,construction,,617567,Non-Critical,10/08/2026,,Eaton ,company,41688,477939,Electrical,19067,Commissioning,228267,Open,"4830, Line 21",checklist,448981673,Alif Aizat,09/24/2026,2026-10-07T22:41:40.554167+00:00
40875,6417891,CHK-7962-4,"EDCKUL21MSBBB110
Location: GF BB ROOM

Issue: 
Genset did not received start signal during simulating utility failure with the ATS controller in Auto mode.

Powerwell to verify the ATS to genset start command, control wiring and ATS control logic.",EDCKUL21MSBBB110,equipment,8742838,construction,,617565,Critical,10/08/2026,,Powerwell,company,68459,477939,Electrical,19067,Commissioning,228267,Open,"7962, Line 16",checklist,907863921,Shao Ming Yap,09/24/2026,2026-10-07T22:41:40.554167+00:00
40875,6417887,CHK-7962-3,"EDCKUL21MSBBB110
Location: GF BB ROOM

Issue: 
TRNBB100 breaker (NFB-1) unexpectedly opened during MSB selector was switch from “Manual” to “Auto” mode. 

Powerwell to verify the control logic and associated control wiring.",EDCKUL21MSBBB110,equipment,8742838,construction,,617565,Critical,10/08/2026,,Powerwell,company,68459,477939,Electrical,19067,Commissioning,228267,Open,"7962, Line 16",checklist,907863921,Shao Ming Yap,09/24/2026,2026-10-07T22:41:40.554167+00:00
40875,6417882,CHK-7962-2,"EDCKUL21MSBBB110
Location: GF BB ROOM

Issue: 
The MSB ATS controller S1 & S2 timer could not be adjusted to the value specified in the approved SOO.

Powerwell to verify the ATS controller firmware, configuration parameters, and manufacturer-defined timer limitations against the approved SOO.",EDCKUL21MSBBB110,equipment,8742838,construction,,617565,Critical,10/08/2026,,Powerwell,company,68459,477939,Electrical,19067,Commissioning,228267,Open,"7962, Line 16",checklist,907863921,Shao Ming Yap,09/24/2026,2026-10-07T22:41:40.554167+00:00
40875,6417875,CHK-7962-1,"EDCKUL21UPSBB110 (Apply to all)
Location: GF BB ROOM

Issue: 
BMS currently displays the power factor (PF) value in percentage format instead of decimal format.

Datasite to revise the BMS display configuration to present PF in decimal format (e.g. 0.95 instead of 95%).",EDCKUL21MSBBB110,equipment,8742838,construction,,617567,Non-Critical,10/08/2026,,DataSite,company,20829,477939,Electrical,19067,Commissioning,228267,Open,"7962, Line 19",checklist,907863925,Shao Ming Yap,09/24/2026,2026-10-07T22:41:40.554167+00:00
40875,6417864,CHK-4829-2,"EDCKUL21UPBBD110
Location: BB room

Issue:
1. Pending asset ID tagging
2. Pending danger sign
3. Pending Arc flash sticker",EDCKUL21UPBBD110,equipment,8743164,construction,,617567,Non-Critical,10/08/2026,,Eaton ,company,41688,477939,Electrical,19067,Commissioning,228267,Open,"4829, Line 21",checklist,448981565,Alif Aizat,09/24/2026,2026-10-07T22:41:40.554167+00:00
40875,6417708,CHK-7343-1,"EDCKUL21VES00600
Location: GF - ELECT.ROOM BH
Issue:
1- Equipment tagging not install",EDCKUL21VES00600,equipment,11768815,construction,,617567,Non-Critical,10/08/2026,10/07/2026,Promatrix DCS,company,68571,477948,Fire,19068,Construction,228270,Closed,7343,checklist,27985473,Azrul Firdaus Ramli,09/24/2026,2026-10-07T22:41:40.554167+00:00
40875,6417705,CHK-7340-1,"EDCKUL21VES00500
Location: GF - ELECT.ROOM BC
Issue:
1- Equipment tagging not install",EDCKUL21VES00500,equipment,11768814,construction,,617567,Non-Critical,10/08/2026,10/07/2026,Promatrix DCS,company,68571,477948,Fire,19068,Construction,228270,Closed,7340,checklist,27985470,Azrul Firdaus Ramli,09/24/2026,2026-10-07T22:41:40.554167+00:00
40875,6417703,CHK-7337-1,"EDCKUL21VES00400
Location: GF - ELECT.ROOM BB
Issue:
1- Equipment tagging not install",EDCKUL21VES00400,equipment,11768813,construction,,617567,Non-Critical,10/08/2026,10/07/2026,Promatrix DCS,company,68571,477948,Fire,19068,Construction,228270,Closed,7337,checklist,27985467,Azrul Firdaus Ramli,09/24/2026,2026-10-07T22:41:40.554167+00:00
40875,6417699,CHK-7334-1,"EDCKUL21VES00300
Location: GF - ELECT.ROOM BA
Issue:
1- Equipment tagging not install",EDCKUL21VES00300,equipment,11768812,construction,,617567,Non-Critical,10/08/2026,10/07/2026,Promatrix DCS,company,68571,477948,Fire,19068,Construction,228270,Closed,7334,checklist,27985464,Azrul Firdaus Ramli,09/24/2026,2026-10-07T22:41:40.554167+00:00
40875,6416970,CHK-3383-1,"EDCKUL21ACS00950
Location: 1F - ECX Training Room
Issue:
1- Equipment tagging not install",EDCKUL21ACS00950,equipment,8743320,construction,,617567,Non-Critical,10/08/2026,,Promatrix DCS,company,68571,477946,Mechanical,19068,Construction,228267,Open,3383,checklist,16944070,Azrul Firdaus Ramli,09/24/2026,2026-10-07T22:41:40.554167+00:00
40875,6416960,CHK-3382-1,"EDCKUL21ACS00940
Location: 1F - ECX Meeting Room
Issue:
1- Equipment tagging not install",EDCKUL21ACS00940,equipment,8743319,construction,,617567,Non-Critical,10/08/2026,,Promatrix DCS,company,68571,477946,Mechanical,19068,Construction,228267,Open,3382,checklist,16944069,Azrul Firdaus Ramli,09/24/2026,2026-10-07T22:41:40.554167+00:00
40875,6416884,CHK-3381-1,"EDCKUL21ACS00930
Location: 1F - ECX Storage
Issue:
1- Equipment tagging not install",EDCKUL21ACS00930,equipment,8743318,construction,,617567,Non-Critical,10/08/2026,,Promatrix DCS,company,68571,477946,Mechanical,19068,Construction,228267,Open,3381,checklist,16944068,Azrul Firdaus Ramli,09/24/2026,2026-10-07T22:41:40.554167+00:00
40875,6416734,CHK-7412-1,"EDCKUL21VES01401
Location: GF MECH 12 corridor
Issue:
1- Equipment tagging not install",EDCKUL21VES01401,equipment,11768795,construction,,617567,Non-Critical,10/08/2026,10/07/2026,Promatrix DCS,company,68571,477948,Fire,19068,Construction,228270,Closed,7412,checklist,27985542,Azrul Firdaus Ramli,09/24/2026,2026-10-07T22:41:40.554167+00:00
40875,6416692,CHK-7403-1,"EDCKUL21VES01301
Location: GF MECH 12 corridor
Issue:
1- Equipment tagging not install",EDCKUL21VES01301,equipment,11768794,construction,,617567,Non-Critical,10/08/2026,10/07/2026,Promatrix DCS,company,68571,477948,Fire,19068,Construction,228270,Closed,7403,checklist,27985533,Azrul Firdaus Ramli,09/24/2026,2026-10-07T22:41:40.554167+00:00
40875,6416658,CHK-7394-1,"EDCKUL21VES01201
Location: GF MECH 12 corridor
Issue:
1- Equipment tagging not install",EDCKUL21VES01201,equipment,11768793,construction,,617567,Non-Critical,10/08/2026,10/07/2026,Promatrix DCS,company,68571,477948,Fire,19068,Construction,228270,Closed,7394,checklist,27985524,Azrul Firdaus Ramli,09/24/2026,2026-10-07T22:41:40.554167+00:00
40875,6416648,CHK-7367-1,"EDCKUL21VES00901
Location: GF MECH 12 corridor
Issue:
1- Equipment tagging not install",EDCKUL21VES00901,equipment,11768790,construction,,617567,Non-Critical,10/08/2026,10/07/2026,Promatrix DCS,company,68571,477948,Fire,19068,Construction,228270,Closed,7367,checklist,27985497,Azrul Firdaus Ramli,09/24/2026,2026-10-07T22:41:40.554167+00:00
40875,6416632,CHK-7358-1,"EDCKUL21VES00801
Location: GF MECH 12 corridor 
Issue:
1- Equipment tagging not install",EDCKUL21VES00801,equipment,11768789,construction,,617567,Non-Critical,10/08/2026,10/07/2026,Promatrix DCS,company,68571,477948,Fire,19068,Construction,228270,Closed,7358,checklist,27985488,Azrul Firdaus Ramli,09/24/2026,2026-10-07T22:41:40.554167+00:00
40875,6400844,CHK-5842-1,"EDCKUL21MSBBB110
Location: Electrical room BB
Issue: 
1. Screw missing back cover plate
2. Screw loosen not proper tighten",EDCKUL21MSBBB110,equipment,8742838,construction,,617567,Non-Critical,10/07/2026,10/02/2026,Powerwell,company,68459,477939,Electrical,19068,Construction,228270,Closed,"5842, Line 28",checklist,585871347,Alif Aizat,09/23/2026,2026-10-07T22:41:40.554167+00:00
40875,6399390,CHK-8262-1,"EDCKUL21BSWBZ400
Location: BZ
Issue: Screw rusty",EDCKUL21BSWBZ400,equipment,14289831,construction,,617567,Non-Critical,10/07/2026,10/07/2026,Promatrix DCS,company,68571,477939,Electrical,19068,Construction,228270,Closed,"8262, Line 16",checklist,981533418,Alif Aizat,09/23/2026,2026-10-07T22:41:40.554167+00:00
40875,6399011,CHK-4374-1,"EDCKUL21DPPBF410
Location: BF Elect room

Issue
Pending ID tagging installation",EDCKUL21DPPBF410,equipment,8742717,construction,,617567,Non-Critical,10/07/2026,,Eaton ,company,41688,477939,Electrical,19068,Construction,228267,Open,"4374, Line 20",checklist,448938762,Tarmizi Isa,09/23/2026,2026-10-07T22:41:40.554167+00:00
40875,6399009,CHK-4373-1,"EDCKUL21DPPBF310
Location: BF Elect room

Issue
Pending ID tagging installation",EDCKUL21DPPBF310,equipment,8742716,construction,,617567,Non-Critical,10/07/2026,,Eaton ,company,41688,477939,Electrical,19068,Construction,228267,Open,"4373, Line 20",checklist,448938701,Tarmizi Isa,09/23/2026,2026-10-07T22:41:40.554167+00:00
40875,6399003,CHK-7268-1,"EDCKUL21DPPBE510
Location: BE Elect room

Issue
Pending ID tagging installation",EDCKUL21DPPBE510,equipment,13193587,construction,,617567,Non-Critical,10/07/2026,,Eaton ,company,41688,477939,Electrical,19068,Construction,228267,Open,"7268, Line 15",checklist,850970297,Tarmizi Isa,09/23/2026,2026-10-07T22:41:40.554167+00:00
40875,6398993,CHK-4370-1,"EDCKUL21DPPBE410
Location: BE Elect room

Issue
Pending ID tagging installation",EDCKUL21DPPBE410,equipment,8742713,construction,,617567,Non-Critical,10/07/2026,,Eaton ,company,41688,477939,Electrical,,,228267,Open,"4370, Line 20",checklist,448938518,Tarmizi Isa,09/23/2026,2026-10-07T22:41:40.554167+00:00
40875,6398991,CHK-4369-1,"EDCKUL21DPPBE310
Location: BE Elect room

Issue
Pending ID tagging installation",EDCKUL21DPPBE310,equipment,8742712,construction,,617567,Non-Critical,10/07/2026,,Eaton ,company,41688,477939,Electrical,19068,Construction,228267,Open,"4369, Line 20",checklist,448938457,Tarmizi Isa,09/23/2026,2026-10-07T22:41:40.554167+00:00
40875,6398988,CHK-7265-1,"EDCKUL21DPPBD510
Location: BD Elect room

Issue
Pending ID tagging installation",EDCKUL21DPPBD510,equipment,13193586,construction,,617567,Non-Critical,10/07/2026,,Eaton ,company,41688,477939,Electrical,19068,Construction,228267,Open,"7265, Line 15",checklist,850970160,Tarmizi Isa,09/23/2026,2026-10-07T22:41:40.554167+00:00
40875,6398986,CHK-4366-1,"EDCKUL21DPPBD410
Location: BD Elect room

Issue
Pending ID tagging installation",EDCKUL21DPPBD410,equipment,8742709,construction,,617567,Non-Critical,10/07/2026,,Eaton ,company,41688,477939,Electrical,19068,Construction,228267,Open,"4366, Line 20",checklist,448938274,Tarmizi Isa,09/23/2026,2026-10-07T22:41:40.554167+00:00
40875,6398980,CHK-4365-1,"EDCKUL21DPPBD310
Location: BD Elect room

Issue
Pending ID tagging installation",EDCKUL21DPPBD310,equipment,8742708,construction,,617567,Non-Critical,10/07/2026,,Eaton ,company,41688,477939,Electrical,19068,Construction,228267,Open,"4365, Line 20",checklist,448938213,Tarmizi Isa,09/23/2026,2026-10-07T22:41:40.554167+00:00
40875,6398971,CHK-7262-1,"EDCKUL21DPPBC510
Location: BC Elect room

Issue
Pending ID tagging installation",EDCKUL21DPPBC510,equipment,13193585,construction,,617567,Non-Critical,10/07/2026,,Eaton ,company,41688,477939,Electrical,19068,Construction,228267,Open,"7262, Line 15",checklist,850970023,Tarmizi Isa,09/23/2026,2026-10-07T22:41:40.554167+00:00
40875,6398964,CHK-4362-1,"EDCKUL21DPPBC410
Location: BC Elect room

Issue
Pending ID tagging installation",EDCKUL21DPPBC410,equipment,8742705,construction,,617567,Non-Critical,10/07/2026,,Eaton ,company,41688,477939,Electrical,19068,Construction,228267,Open,"4362, Line 20",checklist,448938030,Tarmizi Isa,09/23/2026,2026-10-07T22:41:40.554167+00:00
40875,6398957,CHK-4361-1,"EDCKUL21DPPBC310
Location: BC Elect room

Issue
Pending ID tagging installation",EDCKUL21DPPBC310,equipment,8742704,construction,,617567,Non-Critical,10/07/2026,,Eaton ,company,41688,477939,Electrical,19068,Construction,228267,Open,"4361, Line 20",checklist,448937969,Tarmizi Isa,09/23/2026,2026-10-07T22:41:40.554167+00:00
40875,6398955,CHK-7259-1,"EDCKUL21DPPBB510
Location: BB Elect room

Issue
Pending ID tagging installation",EDCKUL21DPPBB510,equipment,13193584,construction,,617567,Non-Critical,10/07/2026,,Eaton ,company,41688,477939,Electrical,19068,Construction,228267,Open,"7259, Line 15",checklist,850969886,Tarmizi Isa,09/23/2026,2026-10-07T22:41:40.554167+00:00
40875,6398950,CHK-4358-1,"EDCKUL21DPPBB410
Location: BB Elect room

Issue
Pending ID tagging installation",EDCKUL21DPPBB410,equipment,8742701,construction,,617567,Non-Critical,10/07/2026,,Eaton ,company,41688,477939,Electrical,19068,Construction,228267,Open,"4358, Line 20",checklist,448937786,Tarmizi Isa,09/23/2026,2026-10-07T22:41:40.554167+00:00
40875,6398945,CHK-4357-1,"EDCKUL21DPPBB310
Location: BB Elect room

Issue
Pending ID tagging installation",EDCKUL21DPPBB310,equipment,8742700,construction,,617567,Non-Critical,10/07/2026,,Eaton ,company,41688,477939,Electrical,19069,Controls,228267,Open,"4357, Line 20",checklist,448937725,Tarmizi Isa,09/23/2026,2026-10-07T22:41:40.554167+00:00
40875,6398942,CHK-4353-1,"EDCKUL21DPPBA310
Location: BA Elect room

Issue
Pending ID tagging installation",EDCKUL21DPPBA310,equipment,8742696,construction,,617567,Non-Critical,10/07/2026,,Eaton ,company,41688,477939,Electrical,19069,Controls,228267,Open,"4353, Line 20",checklist,448937481,Tarmizi Isa,09/23/2026,2026-10-07T22:41:40.554167+00:00
40875,6389560,CHK-4829-1,"EDCKUL21UPBBD110
Location: Battery room BD
Issue: 
1. Missing torque mark
2. Missing cover terminal",EDCKUL21UPBBD110,equipment,8743164,construction,,617565,Critical,10/06/2026,,Eaton ,company,41688,477939,Electrical,19068,Construction,228267,Open,"4829, Line 26",checklist,448981574,Alif Aizat,09/22/2026,2026-10-07T22:41:40.554167+00:00
40875,6389551,CHK-4830-1,"EDCKUL21UPBBD210
Location: Battery room BD
Issue: Missing torque mark",EDCKUL21UPBBD210,equipment,8743165,construction,,617565,Critical,10/06/2026,,Eaton ,company,41688,477939,Electrical,19068,Construction,228267,Open,"4830, Line 26",checklist,448981683,Alif Aizat,09/22/2026,2026-10-07T22:41:40.554167+00:00
40875,6383144,CHK-4831-1,"EDCKUL21UPBBE210
Location: Electrical room BE
Issue: Missing torque marks",EDCKUL21UPBBE110,equipment,8743166,construction,,617565,Critical,10/05/2026,,Eaton ,company,41688,477939,Electrical,19068,Construction,228267,Open,"4831, Line 26",checklist,448981790,Alif Aizat,09/21/2026,2026-10-07T22:41:40.554167+00:00
40875,6382908,CHK-4848-2,"EDCKUL21UPSBE110
Location: Electrical room BE
Issue: Missing bolts and nuts Earthing bar",EDCKUL21UPSBE110,equipment,8743183,construction,,617565,Critical,10/05/2026,10/07/2026,Eaton ,company,41688,477939,Electrical,19068,Construction,228270,Closed,"4848, Line 26",checklist,448983678,Alif Aizat,09/21/2026,2026-10-07T22:41:40.554167+00:00
40875,6382887,CHK-4849-1,"EDCKUL21UPSBE210
Location: Electrical room BE
Issue: Missing bolts and nuts Earthing bar",EDCKUL21UPSBE210,equipment,8743184,construction,,617565,Critical,10/05/2026,10/07/2026,Eaton ,company,41688,477939,Electrical,19068,Construction,228270,Closed,"4849, Line 26",checklist,448983786,Alif Aizat,09/21/2026,2026-10-07T22:41:40.554167+00:00
40875,6382862,CHK-4851-1,"EDCKUL21UPSBF210
Location: Electrical room BF
Issue:
 1. N box GI conduits damaged 
2. N box cover missing",EDCKUL21UPSBF210,equipment,8743186,construction,,617565,Critical,10/05/2026,,Promatrix DCS,company,68571,477939,Electrical,19068,Construction,228267,Open,"4851, Line 27",checklist,448984006,Alif Aizat,09/21/2026,2026-10-07T22:41:40.554167+00:00
40875,6382132,CHK-4853-1,"EDCKUL21UPSBZ110
EDCKUL21UPSBZ210
EDCKUL21UPSBZ310
Location: BZ room

Issue:
1. Pending asset ID tagging
2. Pending danger sign
3. Pending Arc flash sticker",EDCKUL21UPSBZ110,equipment,8743188,construction,,617567,Non-Critical,10/05/2026,,Eaton ,company,41688,477939,Electrical,19067,Commissioning,228267,Open,"4853, Line 21",checklist,448984222,Alif Aizat,09/21/2026,2026-10-07T22:41:40.554167+00:00
40875,6382129,CHK-4850-1,"EDCKUL21UPSBF110
EDCKUL21UPSBF210
EDCKUL21UPSBF310
Location: BF room

Issue:
1. Pending asset ID tagging
2. Pending danger sign
3. Pending Arc flash sticker",EDCKUL21UPSBF110,equipment,8743185,construction,,617567,Non-Critical,10/05/2026,,Eaton ,company,41688,477939,Electrical,19067,Commissioning,228267,Open,"4850, Line 21",checklist,448983886,Alif Aizat,09/21/2026,2026-10-07T22:41:40.554167+00:00
40875,6382123,CHK-4848-1,"EDCKUL21UPSBE110
EDCKUL21UPSBE210
EDCKUL21UPSBE310
Location: BE room

Issue:
1. Pending asset ID tagging
2. Pending danger sign
3. Pending Arc flash sticker",EDCKUL21UPSBE110,equipment,8743183,construction,,617567,Non-Critical,10/05/2026,,Eaton ,company,41688,477939,Electrical,19067,Commissioning,228267,Open,"4848, Line 21",checklist,448983670,Alif Aizat,09/21/2026,2026-10-07T22:41:40.554167+00:00
40875,6382119,CHK-4846-1,"EDCKUL21UPSBD110
EDCKUL21UPSBD210
EDCKUL21UPSBD310
Location: BD room

Issue:
1. Pending asset ID tagging
2. Pending danger sign
3. Pending Arc flash sticker",EDCKUL21UPSBD110,equipment,8743181,construction,,617567,Non-Critical,10/05/2026,,Eaton ,company,41688,477939,Electrical,19067,Commissioning,228267,Open,"4846, Line 21",checklist,448983439,Alif Aizat,09/21/2026,2026-10-07T22:41:40.554167+00:00
40875,6309962,CHK-7484-1,"EDCKUL21UPBBC310
Location: BC room

Issue:
1. Pending asset ID tagging
2. Pending danger sign
3. Pending Arc flash sticker",EDCKUL21UPBBC310,equipment,11768909,construction,,617567,Non-Critical,09/28/2026,,Eaton ,company,41688,477939,Electrical,,,228267,Open,"7484, Line 16",checklist,887882077,Alif Aizat,09/14/2026,2026-10-07T22:41:40.554167+00:00
40875,6309954,CHK-4828-1,"EDCKUL21UPBBC210
Location: BC room

Issue:
1. Pending asset ID tagging
2. Pending danger sign
3. Pending Arc flash sticker",EDCKUL21UPBBC210,equipment,8743163,construction,,617567,Non-Critical,09/28/2026,,Eaton ,company,41688,477939,Electrical,19067,Commissioning,228267,Open,"4828, Line 21",checklist,448981457,Alif Aizat,09/14/2026,2026-10-07T22:41:40.554167+00:00
40875,6309947,CHK-4827-1,"EDCKUL21UPBBC110
Location: BC room

Issue:
1. Pending asset ID tagging
2. Pending danger sign
3. Pending Arc flash sticker",EDCKUL21UPBBC110,equipment,8743162,construction,,617567,Non-Critical,09/28/2026,,Eaton ,company,41688,477939,Electrical,,,228267,Open,"4827, Line 21",checklist,448981349,Alif Aizat,09/14/2026,2026-10-07T22:41:40.554167+00:00
40875,6309906,CHK-4460-3,"EDCKUL21GSBBE100
Location: Gen BE
Issue: GSB ACB inbalance current L3 blue phase",EDCKUL21GSBBE110,equipment,8742803,construction,,617565,Critical,09/28/2026,,Sime Darby Industrial,company,68570,477939,Electrical,19067,Commissioning,228267,Open,"4460, Line 31",checklist,448944019,Alif Aizat,09/14/2026,2026-10-07T22:41:40.554167+00:00
40875,6307179,CHK-6010-1,"EDCKUL21CDUA0101
ALL CDUs

Issue:
Upload FATs to line 8",EDCKUL21CDUA0101,equipment,11768832,construction,,617567,Non-Critical,09/28/2026,,Tyler Beaver,person,113464,477946,Mechanical,,,228267,Open,"6010, Line 8",checklist,711768434,Tyler Beaver,09/14/2026,2026-10-07T22:41:40.554167+00:00
40875,6306344,CHK-7235-1,"EDCKUL21UPSBC310
Location: BB room

Issue:
1. Pending asset ID tagging
2. Pending danger sign
3. Pending Arc flash sticker",EDCKUL21UPSBC310,equipment,11768918,construction,,617567,Non-Critical,09/28/2026,,Eaton ,company,41688,477939,Electrical,19067,Commissioning,228267,Open,"7235, Line 16",checklist,847860210,Alif Aizat,09/13/2026,2026-10-07T22:41:40.554167+00:00
40875,6306342,CHK-4845-1,"EDCKUL21UPSBC210
Location: BB room

Issue:
1. Pending asset ID tagging
2. Pending danger sign
3. Pending Arc flash sticker",EDCKUL21UPSBC210,equipment,8743180,construction,,617567,Non-Critical,09/28/2026,,Eaton ,company,41688,477939,Electrical,19067,Commissioning,228267,Open,"4845, Line 21",checklist,448983331,Alif Aizat,09/13/2026,2026-10-07T22:41:40.554167+00:00
40875,6306338,CHK-4844-1,"EDCKUL21UPSBC110
Location: BB room

Issue:
1. Pending asset ID tagging
2. Pending danger sign
3. Pending Arc flash sticker",EDCKUL21UPSBC110,equipment,8743179,construction,,617567,Non-Critical,09/28/2026,,Eaton ,company,41688,477939,Electrical,19067,Commissioning,228267,Open,"4844, Line 21",checklist,448983223,Alif Aizat,09/13/2026,2026-10-07T22:41:40.554167+00:00
40875,6306336,CHK-7232-1,"EDCKUL21UPSBB310
Location: BB room

Issue:
1. Pending asset ID tagging
2. Pending danger sign
3. Pending Arc flash sticker",EDCKUL21UPSBB310,equipment,11768917,construction,,617567,Non-Critical,09/28/2026,,Eaton ,company,41688,477939,Electrical,19067,Commissioning,228267,Open,"7232, Line 16",checklist,847860065,Alif Aizat,09/13/2026,2026-10-07T22:41:40.554167+00:00
40875,6306335,CHK-4843-1,"EDCKUL21UPSBB210
Location: BB room

Issue:
1. Pending asset ID tagging
2. Pending danger sign
3. Pending Arc flash sticker",EDCKUL21UPSBB210,equipment,8743178,construction,,617567,Non-Critical,09/28/2026,,Eaton ,company,41688,477939,Electrical,19067,Commissioning,228267,Open,"4843, Line 21",checklist,448983115,Alif Aizat,09/13/2026,2026-10-07T22:41:40.554167+00:00
40875,6306333,CHK-4842-1,"EDCKUL21UPSBB110
Location: BB room

Issue:
1. Pending asset ID tagging
2. Pending danger sign
3. Pending Arc flash sticker",EDCKUL21UPSBB110,equipment,8743177,construction,,617567,Non-Critical,09/28/2026,,Eaton ,company,41688,477939,Electrical,19067,Commissioning,228267,Open,"4842, Line 21",checklist,448983002,Alif Aizat,09/13/2026,2026-10-07T22:41:40.554167+00:00
40875,6306306,CHK-7481-1,"EDCKUL21UPBBB310
Location: BB room

Issue:
1. Pending asset ID tagging
2. Pending danger sign
3. Pending Arc flash sticker",EDCKUL21UPBBB310,equipment,11768908,construction,,617567,Non-Critical,09/28/2026,,Eaton ,company,41688,477939,Electrical,19067,Commissioning,228267,Open,"7481, Line 16",checklist,887881940,Alif Aizat,09/13/2026,2026-10-07T22:41:40.554167+00:00
40875,6306304,CHK-4826-1,"EDCKUL21UPBBB210
Location: BB room

Issue:
1. Pending asset ID tagging
2. Pending danger sign
3. Pending Arc flash sticker",EDCKUL21UPBBB210,equipment,8743161,construction,,617567,Non-Critical,09/28/2026,,Eaton ,company,41688,477939,Electrical,19067,Commissioning,228267,Open,"4826, Line 21",checklist,448981233,Alif Aizat,09/13/2026,2026-10-07T22:41:40.554167+00:00
40875,6305536,CHK-4825-1,"EDCKUL21UPBBB110
Location: BB room

Issue:
1. Pending asset ID tagging
2. Pending danger sign
3. Pending Arc flash sticker",EDCKUL21UPBBB110,equipment,8743160,construction,,617567,Non-Critical,09/27/2026,,Eaton ,company,41688,477939,Electrical,19067,Commissioning,228267,Open,"4825, Line 21",checklist,448981120,Alif Aizat,09/12/2026,2026-10-07T22:41:40.554167+00:00
40875,6298556,CHK-4823-4,"EDCKUL21UPBBA110
Location: BA room

Issue: BMS cable does not dress properly",EDCKUL21UPBBA110,equipment,8743158,construction,,617565,Critical,09/25/2026,09/21/2026,Promatrix DCS,company,68571,477939,Electrical,19068,Construction,228270,Closed,"4823, Line 25",checklist,448980913,Alif Aizat,09/11/2026,2026-10-07T22:41:40.554167+00:00
40875,6298130,CHK-7229-4,"EDCKUL21UPSBA310
Location: Electrical room BA
Issue: Spiral cable does not install properly",EDCKUL21UPSBA310,equipment,11768916,construction,,617565,Critical,09/25/2026,09/21/2026,Promatrix DCS,company,68571,477939,Electrical,19068,Construction,228270,Closed,"7229, Line 20",checklist,847859923,Alif Aizat,09/11/2026,2026-10-07T22:41:40.554167+00:00
40875,6281235,CHK-7095-1,"EDCKUL21BSWBZ100
EDCKUL21BSWBZ200
EDCKUL21BSWBZ300
Location: Electrical room BZ
Issue: Pending asset ID tagging",EDCKUL21BSWBZ100,equipment,12549411,construction,,617567,Non-Critical,09/23/2026,,Promatrix DCS,company,68571,477939,Electrical,19067,Commissioning,228267,Open,"7095, Line 16",checklist,780972866,Alif Aizat,09/09/2026,2026-10-07T22:41:40.554167+00:00
40875,6281227,CHK-7526-1,"EDCKUL21BSWBH100
EDCKUL21BSWBH200

Location: Electrical room BH
Issue: Pending asset ID tagging",EDCKUL21BSWBH100,equipment,13594070,construction,,617567,Non-Critical,09/23/2026,,Promatrix DCS,company,68571,477939,Electrical,,,228267,Open,"7526, Line 16",checklist,899705509,Alif Aizat,09/09/2026,2026-10-07T22:41:40.554167+00:00
40875,6281222,CHK-7086-1,"EDCKUL21BSWBF100
EDCKUL21BSWBF200
EDCKUL21BSWBF300
Location: Electrical room BF
Issue: Pending asset ID tagging",EDCKUL21BSWBF100,equipment,12549408,construction,,617567,Non-Critical,09/23/2026,,Promatrix DCS,company,68571,477939,Electrical,,,228267,Open,"7086, Line 16",checklist,780972455,Alif Aizat,09/09/2026,2026-10-07T22:41:40.554167+00:00
40875,6281217,CHK-7077-1,"EDCKUL21BSWBE100
EDCKUL21BSWBE200
EDCKUL21BSWBE300
Location: Electrical room BE
Issue: Pending asset ID tagging",EDCKUL21BSWBE100,equipment,12549405,construction,,617567,Non-Critical,09/23/2026,,Promatrix DCS,company,68571,477939,Electrical,,,228267,Open,"7077, Line 16",checklist,780972044,Alif Aizat,09/09/2026,2026-10-07T22:41:40.554167+00:00
40875,6281205,CHK-7068-1,"EDCKUL21BSWBD100
EDCKUL21BSWBD200
EDCKUL21BSWBD300
Location: Electrical room BD
Issue: Pending asset ID tagging",EDCKUL21BSWBD100,equipment,12549402,construction,,617567,Non-Critical,09/23/2026,,Promatrix DCS,company,68571,477939,Electrical,,,228267,Open,"7068, Line 16",checklist,780971633,Alif Aizat,09/09/2026,2026-10-07T22:41:40.554167+00:00
40875,6281189,CHK-7044-1,"EDCKUL21BSWBC100
EDCKUL21BSWBC200
EDCKUL21BSWBC300
Location: Electrical room BC
Issue: Pending asset ID tagging",EDCKUL21BSWBC100,equipment,12549399,construction,,617567,Non-Critical,09/23/2026,,Promatrix DCS,company,68571,477939,Electrical,,,228267,Open,"7044, Line 16",checklist,780970537,Alif Aizat,09/09/2026,2026-10-07T22:41:40.554167+00:00
40875,6281185,CHK-7017-1,"EDCKUL21BSWBB100
EDCKUL21BSWBB200
EDCKUL21BSWBB300
Location: Electrical room BB
Issue: Pending asset ID tagging",EDCKUL21BSWBB100,equipment,12549396,construction,,617567,Non-Critical,09/23/2026,,Promatrix DCS,company,68571,477939,Electrical,,,228267,Open,"7017, Line 16",checklist,780969304,Alif Aizat,09/09/2026,2026-10-07T22:41:40.554167+00:00
40875,6281178,CHK-6993-1,"EDCKUL21BSWBA100
EDCKUL21BSWBA200
EDCKUL21BSWBA300
Location: Electrical room BA
Issue: Pending asset ID tagging",EDCKUL21BSWBA100,equipment,12549393,construction,,617567,Non-Critical,09/23/2026,,Promatrix DCS,company,68571,477939,Electrical,,,228267,Open,"6993, Line 16",checklist,780968208,Alif Aizat,09/09/2026,2026-10-07T22:41:40.554167+00:00
40875,6265331,CHK-7252-1,"EDCKUL21PLCB0100
Location: Electrical room BD
Issue: Pending FAT reports",EDCKUL21PLCB0100,equipment,13193590,construction,,617567,Non-Critical,09/18/2026,,Vertiv,company,22557,477939,Electrical,,,228267,Open,"7252, Line 9",checklist,850969564,Alif Aizat,09/04/2026,2026-10-07T22:41:40.554167+00:00
40875,6265170,CHK-4511-3,"EDCKUL21MVSB0120
Location: MVS room B
Issue: Missing bottom cover plate on the 33kV input power cable entrance",EDCKUL21MVSB0120,equipment,8912308,construction,,617565,Critical,09/18/2026,,Siemens Malaysia,company,69030,477939,Electrical,19068,Construction,228267,Open,"4511, Line 25",checklist,448947124,Alif Aizat,09/04/2026,2026-10-07T22:41:40.554167+00:00
40875,6265163,CHK-4510-5,"EDCKUL21MVSA0110
Location: MVS room A
Issue: Missing bottom cover plate on the 33kV input power cable entrance",EDCKUL21MVSA0110,equipment,8912307,construction,,617565,Critical,09/18/2026,,Siemens Malaysia,company,69030,477939,Electrical,19068,Construction,228267,Open,"4510, Line 25",checklist,448947063,Alif Aizat,09/04/2026,2026-10-07T22:41:40.554167+00:00
40875,6264719,CHK-6195-4,"EDCKUL21CRAA4900
Location: ELEC ROOM BA

Issue
Leak detection rope not installed",EDCKUL21CRAA4900,equipment,11768894,construction,,617567,Non-Critical,09/18/2026,,Stulz,company,68568,477946,Mechanical,,,228267,Open,"6195, Line 35",checklist,711777273,Tyler Beaver,09/04/2026,2026-10-07T22:41:40.554167+00:00
40875,6264718,CHK-6195-3,"EDCKUL21CRAA4900
Location: ELEC ROOM BA

Issue
Drain pipe to be fully insulated",EDCKUL21CRAA4900,equipment,11768894,construction,,617567,Non-Critical,09/18/2026,09/09/2026,Stulz,company,68568,477946,Mechanical,,,228270,Closed,"6195, Line 32",checklist,711777270,Tyler Beaver,09/04/2026,2026-10-07T22:41:40.554167+00:00
40875,6264635,CHK-6195-2,"EDCKUL21CRAA4900
Location: ELEC ROOM BA

Issue
Teamwork cable not installed",EDCKUL21CRAA4900,equipment,11768894,construction,,617567,Non-Critical,09/18/2026,,Stulz,company,68568,477942,Controls,,,228267,Open,"6195, Line 29",checklist,711777267,Tyler Beaver,09/04/2026,2026-10-07T22:41:40.554167+00:00
40875,6264520,CHK-6195-1,"EDCKUL21CRAA4900
Location: ELEC ROOM BA

Issue
Permanent label not installed",EDCKUL21CRAA4900,equipment,11768894,construction,,617567,Non-Critical,09/18/2026,,Stulz,company,68568,477946,Mechanical,,,228267,Open,"6195, Line 20",checklist,711777258,Tyler Beaver,09/04/2026,2026-10-07T22:41:40.554167+00:00
40875,6261782,CHK-7478-2,"EDCKUL21UPBBA310
Location: BA room

Issue: BMS cable does not install and dressing properly",EDCKUL21UPBBA310,equipment,11768907,construction,,617565,Critical,09/18/2026,09/14/2026,Alur Tenaga,company,80235,477939,Electrical,19068,Construction,228270,Closed,"7478, Line 20",checklist,887881807,Alif Aizat,09/03/2026,2026-10-07T22:41:40.554167+00:00
40875,6261763,CHK-7478-1,"EDCKUL21UPBBA310
Location: BA room

Issue:
1. Pending asset ID tagging
2. Pending danger sign
3. Pending Arc flash sticker",EDCKUL21UPBBA310,equipment,11768907,construction,,617567,Non-Critical,09/18/2026,,Eaton ,company,41688,477939,Electrical,19067,Commissioning,228267,Open,"7478, Line 16",checklist,887881803,Alif Aizat,09/03/2026,2026-10-07T22:41:40.554167+00:00
40875,6261741,CHK-4824-3,"EDCKUL21UPBBA210
Location: BA room

Issue: BMS cable does not dress properly",EDCKUL21UPBBA210,equipment,8743159,construction,,617565,Critical,09/18/2026,09/14/2026,Alur Tenaga,company,80235,478560,ELV,19068,Construction,228270,Closed,"4824, Line 25",checklist,448981019,Alif Aizat,09/03/2026,2026-10-07T22:41:40.554167+00:00
40875,6261715,CHK-4824-2,"EDCKUL21UPBBA210
Location: BA room

Issue:
1. Pending asset ID tagging
2. Pending danger sign
3. Pending Arc flash sticker",EDCKUL21UPBBA210,equipment,8743159,construction,,617567,Non-Critical,09/18/2026,,Eaton ,company,41688,477939,Electrical,,,228267,Open,"4824, Line 21",checklist,448981012,Alif Aizat,09/03/2026,2026-10-07T22:41:40.554167+00:00
40875,6261703,CHK-4823-3,"EDCKUL21UPBBA110
Location: BA room

Issue: Control cable signal temperature and humidity sensor does not install",EDCKUL21UPBBA110,equipment,8743158,construction,,617565,Critical,09/18/2026,10/07/2026,Eaton ,company,41688,478560,ELV,,,228270,Closed,"4823, Line 25",checklist,448980913,Alif Aizat,09/03/2026,2026-10-07T22:41:40.554167+00:00
40875,6261668,CHK-4823-2,"EDCKUL21UPBBA110
Location: BA room

Issue: BMS cable does not dress properly",EDCKUL21UPBBA110,equipment,8743158,construction,,617565,Critical,09/18/2026,09/11/2026,Alur Tenaga,company,80235,478560,ELV,,,228270,Closed,"4823, Line 25",checklist,448980913,Alif Aizat,09/03/2026,2026-10-07T22:41:40.554167+00:00
40875,6261656,CHK-4823-1,"EDCKUL21UPBBA110
Location: BA room

Issue:
1. Pending asset ID tagging
2. Pending danger sign
3. Pending Arc flash sticker",EDCKUL21UPBBA110,equipment,8743158,construction,,617567,Non-Critical,09/18/2026,,Eaton ,company,41688,477939,Electrical,19067,Commissioning,228267,Open,"4823, Line 21",checklist,448980906,Alif Aizat,09/03/2026,2026-10-07T22:41:40.554167+00:00
40875,6261612,CHK-7229-3,"EDCKUL21UPSBA310
Location: BA room

Issue: BMS cable does not dress properly",EDCKUL21UPSBA310,equipment,11768916,construction,,617565,Critical,09/18/2026,09/11/2026,Alur Tenaga,company,80235,478560,ELV,,,228270,Closed,"7229, Line 20",checklist,847859923,Alif Aizat,09/03/2026,2026-10-07T22:41:40.554167+00:00
40875,6261601,CHK-7229-2,"EDCKUL21UPSBA310
Location: BA room

Issue: BMS cable does not install",EDCKUL21UPSBA310,equipment,11768916,construction,,617565,Critical,09/18/2026,09/11/2026,Alur Tenaga,company,80235,478560,ELV,,,228270,Closed,"7229, Line 20",checklist,847859923,Alif Aizat,09/03/2026,2026-10-07T22:41:40.554167+00:00
40875,6261585,CHK-7229-1,"EDCKUL21UPSBA310
Location: BA room

Issue:
1. Pending asset ID tagging
2. Pending danger sign
3. Pending Arc flash sticker",EDCKUL21UPSBA310,equipment,11768916,construction,,617567,Non-Critical,09/18/2026,,Eaton ,company,41688,477939,Electrical,,,228267,Open,"7229, Line 16",checklist,847859919,Alif Aizat,09/03/2026,2026-10-07T22:41:40.554167+00:00
40875,6261255,CHK-4840-6,"EDCKUL21UPSBA110
Location: BA room

Issue: DC cable gland does not torque properly",EDCKUL21UPSBA110,equipment,8743175,construction,,617565,Critical,09/17/2026,09/11/2026,Eaton ,company,41688,477939,Electrical,,,228270,Closed,"4840, Line 25",checklist,448982782,Alif Aizat,09/03/2026,2026-10-07T22:41:40.554167+00:00
40875,6261208,CHK-4841-5,"EDCKUL21UPSBA210
Location: BA room

Issue: BMS cable does not install",EDCKUL21UPSBA210,equipment,8743176,construction,,617565,Critical,09/17/2026,09/11/2026,Alur Tenaga,company,80235,478560,ELV,,,228270,Closed,"4841, Line 25",checklist,448982890,Alif Aizat,09/03/2026,2026-10-07T22:41:40.554167+00:00
40875,6261174,CHK-4840-5,"EDCKUL21UPSBA110
Location: BA room

Issue: Control cable signal does not proper dressing",EDCKUL21UPSBA110,equipment,8743175,construction,,617565,Critical,09/17/2026,09/11/2026,Alif Aizat,person,253801,477939,Electrical,,,228270,Closed,"4840, Line 25",checklist,448982782,Alif Aizat,09/03/2026,2026-10-07T22:41:40.554167+00:00
40875,6261120,CHK-4841-4,"EDCKUL21UPSBA210
Location: BA room

Issue: Control cable signal ferrule damaged and not install",EDCKUL21UPSBA210,equipment,8743176,construction,,617565,Critical,09/17/2026,09/07/2026,Promatrix DCS,company,68571,477939,Electrical,,,228270,Closed,"4841, Line 25",checklist,448982890,Alif Aizat,09/03/2026,2026-10-07T22:41:40.554167+00:00
40875,6260977,CHK-4841-3,"EDCKUL21UPSBA210
Location: BA room

Issue: Power cable gland does not torque properly",EDCKUL21UPSBA210,equipment,8743176,construction,,617565,Critical,09/17/2026,09/07/2026,Promatrix DCS,company,68571,477939,Electrical,,,228270,Closed,"4841, Line 25",checklist,448982890,Alif Aizat,09/03/2026,2026-10-07T22:41:40.554167+00:00
40875,6260949,CHK-4841-2,"EDCKUL21UPSBA210
Location: BA room

Issue: Control cable signal alarm does not install flexible conduit properly",EDCKUL21UPSBA210,equipment,8743176,construction,,617565,Critical,09/17/2026,09/07/2026,Promatrix DCS,company,68571,477939,Electrical,,,228270,Closed,"4841, Line 25",checklist,448982890,Alif Aizat,09/03/2026,2026-10-07T22:41:40.554167+00:00
40875,6260893,CHK-4841-1,"EDCKUL21UPSBA210
Location: BA room

Issue:
1. Pending asset ID tagging
2. Pending danger sign
3. Pending Arc flash sticker",EDCKUL21UPSBA210,equipment,8743176,construction,,617567,Non-Critical,09/17/2026,,Eaton ,company,41688,477939,Electrical,,,228267,Open,"4841, Line 21",checklist,448982883,Alif Aizat,09/03/2026,2026-10-07T22:41:40.554167+00:00
40875,6257949,CHK-4840-4,"EDCKUL21UPSBA110
Location: BA room

Issue: Power cable gland does not torque properly",EDCKUL21UPSBA110,equipment,8743175,construction,,617565,Critical,09/17/2026,09/07/2026,Promatrix DCS,company,68571,477939,Electrical,,,228270,Closed,"4840, Line 25",checklist,448982782,Alif Aizat,09/03/2026,2026-10-07T22:41:40.554167+00:00
40875,6257898,CHK-4840-3,"EDCKUL21UPSBA110
Location: BA room

Issue: Signal cable does not install properly",EDCKUL21UPSBA110,equipment,8743175,construction,,617565,Critical,09/17/2026,09/07/2026,Promatrix DCS,company,68571,477939,Electrical,,,228270,Closed,"4840, Line 25",checklist,448982782,Alif Aizat,09/03/2026,2026-10-07T22:41:40.554167+00:00
40875,6257877,CHK-4840-2,"EDCKUL21UPSBA110
Location: BA room

Issue: Control cable signal alarm does not install and dressing properly",EDCKUL21UPSBA110,equipment,8743175,construction,,617565,Critical,09/17/2026,09/07/2026,Promatrix DCS,company,68571,,,,,228270,Closed,"4840, Line 25",checklist,448982782,Alif Aizat,09/03/2026,2026-10-07T22:41:40.554167+00:00
40875,6257870,CHK-4824-1,"EDCKUL21UPBBA210
Location: Electrical Room BA, GF

Issue:
Opening at cable entry",EDCKUL21UPBBA210,equipment,8743159,construction,,,,09/17/2026,09/10/2026,Eaton ,company,41688,477939,Electrical,,,228270,Closed,"4824, Line 36",checklist,448981040,Najwa Athirah Fauzi,09/03/2026,2026-10-07T22:41:40.554167+00:00
40875,6257864,CHK-4840-1,"EDCKUL21UPSBA110
Location: BA room

Issue:
1. Pending asset ID tagging
2. Pending danger sign
3. Pending Arc flash sticker",EDCKUL21UPSBA110,equipment,8743175,construction,,617567,Non-Critical,09/17/2026,,Eaton ,company,41688,477939,Electrical,,,228267,Open,"4840, Line 21",checklist,448982775,Alif Aizat,09/03/2026,2026-10-07T22:41:40.554167+00:00
40875,6243570,CHK-7256-1,"EDCKUL21DPPBA510
Location: BA Elect room

Issue
Pending ID tag on panel",EDCKUL21DPPBA510,equipment,13193583,construction,,617567,Non-Critical,09/15/2026,,Eaton ,company,41688,477939,Electrical,19068,Construction,228267,Open,"7256, Line 15",checklist,850969749,Tarmizi Isa,09/01/2026,2026-10-07T22:41:40.554167+00:00
40875,6243564,CHK-4354-1,"EDCKUL21DPPBA410
Location: BA Elect room

Issue
Pending ID tag on panel",EDCKUL21DPPBA410,equipment,8742697,construction,,617567,Non-Critical,09/15/2026,,Eaton ,company,41688,477939,Electrical,19068,Construction,228267,Open,"4354, Line 20",checklist,448937542,Tarmizi Isa,09/01/2026,2026-10-07T22:41:40.554167+00:00
40875,6230105,CHK-7831-4,"EDCKUL21DSGBF110
Location: Tx deck 1F

Issue: Breaker can't close properly manual and remote, dc motor for breaker always run.",EDCKUL21DSGBF110,equipment,8742765,construction,,617565,Critical,09/14/2026,09/03/2026,Siemens Malaysia,company,69030,477939,Electrical,,,228270,Closed,"7831, Line 17",checklist,907857897,Alif Aizat,08/31/2026,2026-10-07T22:41:40.554167+00:00
40875,6230063,CHK-7830-1,"EDCKUL21DSGBE0110
Location: Tx deck 1F

Issue: P2P checks are still pending. The Modbus list still pending updated, the hardwired terminal block status breaker tripped a still pending updated",EDCKUL21DSGBE110,equipment,8742764,construction,,617565,Critical,09/14/2026,,Siemens Malaysia,company,69030,477939,Electrical,19068,Construction,228267,Open,"7830, Line 19",checklist,907857853,Alif Aizat,08/31/2026,2026-10-07T22:41:40.554167+00:00
40875,6230061,CHK-7829-1,"EDCKUL21DSGBD0110
Location: Tx deck 1F

Issue: P2P checks are still pending. The Modbus list still pending updated, the hardwired terminal block status breaker tripped a still pending updated",EDCKUL21DSGBD110,equipment,8742763,construction,,617565,Critical,09/14/2026,,Siemens Malaysia,company,69030,477939,Electrical,19068,Construction,228267,Open,"7829, Line 19",checklist,907857807,Alif Aizat,08/31/2026,2026-10-07T22:41:40.554167+00:00
40875,6230060,CHK-7833-1,"EDCKUL21DSGBZ0110
Location: Tx deck 1F

Issue: P2P checks are still pending. The Modbus list still pending updated, the hardwired terminal block status breaker tripped a still pending updated",EDCKUL21DSGBZ110,equipment,8742767,construction,,617565,Critical,09/14/2026,,Siemens Malaysia,company,69030,477939,Electrical,19068,Construction,228267,Open,"7833, Line 19",checklist,907857991,Alif Aizat,08/31/2026,2026-10-07T22:41:40.554167+00:00
40875,6230057,CHK-7832-1,"EDCKUL21DSGBH0110
Location: Tx deck GF

Issue: P2P checks are still pending. The Modbus list still pending updated, the hardwired terminal block status breaker tripped a still pending updated",EDCKUL21DSGBH110,equipment,8742766,construction,,617565,Critical,09/14/2026,,Siemens Malaysia,company,69030,477939,Electrical,19068,Construction,228267,Open,"7832, Line 19",checklist,907857945,Alif Aizat,08/31/2026,2026-10-07T22:41:40.554167+00:00
40875,6230034,CHK-7828-1,"EDCKUL21DSGBC0110
Location: Tx deck GF

Issue: P2P checks are still pending. The Modbus list still pending updated, the hardwired terminal block status breaker tripped a still pending updated",EDCKUL21DSGBC110,equipment,8742762,construction,,617565,Critical,09/14/2026,,Siemens Malaysia,company,69030,477939,Electrical,19068,Construction,228267,Open,"7828, Line 19",checklist,907857761,Alif Aizat,08/31/2026,2026-10-07T22:41:40.554167+00:00
40875,6230033,CHK-7827-1,"EDCKUL21DSGBB0110
Location: Tx deck GF

Issue: P2P checks are still pending. The Modbus list still pending updated, the hardwired terminal block status breaker tripped a still pending updated",EDCKUL21DSGBB110,equipment,8742761,construction,,617565,Critical,09/14/2026,,Siemens Malaysia,company,69030,477939,Electrical,19068,Construction,228267,Open,"7827, Line 19",checklist,907857715,Alif Aizat,08/31/2026,2026-10-07T22:41:40.554167+00:00
40875,6230032,CHK-7826-1,"EDCKUL21DSGBA0110
Location: Tx deck GF

Issue: P2P checks are still pending. The Modbus list still pending updated, the hardwired terminal block status breaker tripped a still pending updated",EDCKUL21DSGBA110,equipment,8742760,construction,,617565,Critical,09/14/2026,,Siemens Malaysia,company,69030,477939,Electrical,19068,Construction,228267,Open,"7826, Line 19",checklist,907857669,Alif Aizat,08/31/2026,2026-10-07T22:41:40.554167+00:00
40875,6230019,CHK-7974-1,"EDCKUL21MVSB0120
Location: MVS room B

Issue: P2P checks are still pending. The Modbus list still pending updated, the hardwired terminal block status breaker tripped a still pending updated",EDCKUL21MVSB0120,equipment,8912308,construction,,617565,Critical,09/14/2026,,Siemens Malaysia,company,69030,477939,Electrical,19068,Construction,228267,Open,"7974, Line 19",checklist,907864477,Alif Aizat,08/31/2026,2026-10-07T22:41:40.554167+00:00
40875,6230015,CHK-7973-1,"EDCKUL21MVSA0110
Location: MVS room A

Issue: P2P checks are still pending. The Modbus list still pending updated, the hardwired terminal block status breaker tripped a still pending updated",EDCKUL21MVSA0110,equipment,8912307,construction,,617565,Critical,09/14/2026,,Siemens Malaysia,company,69030,477939,Electrical,19068,Construction,228267,Open,"7973, Line 19",checklist,907864431,Alif Aizat,08/31/2026,2026-10-07T22:41:40.554167+00:00
40875,6230014,CHK-7831-3,"EDCKUL21DSGBF0110
Location: Tx deck 1F

Issue: P2P checks are still pending. The Modbus list still pending updated, the hardwired terminal block status breaker tripped a still pending updated",EDCKUL21DSGBF110,equipment,8742765,construction,,617565,Critical,09/14/2026,,Siemens Malaysia,company,69030,477939,Electrical,19068,Construction,228267,Open,"7831, Line 19",checklist,907857899,Alif Aizat,08/31/2026,2026-10-07T22:41:40.554167+00:00
40875,6212548,CHK-7831-2,"EDCKUL21DSGBF110
Location: 1F

Issue:
Overcurrent and earth fault alarm does not reflect on BMS alarm page.
Both alarms show breaker trip at BMS, but breaker onsite remains at default position.

Siemens to work with DataSite to revise point mapping direction.",EDCKUL21DSGBF110,equipment,8742765,construction,,,,09/10/2026,,Siemens Malaysia,company,69030,477939,Electrical,19067,Commissioning,228267,Open,"7831, Line 19",checklist,907857899,Najwa Athirah Fauzi,08/27/2026,2026-10-07T22:41:40.554167+00:00
40875,6212510,CHK-7831-1,"EDCKUL21DSGBF110
Location: 1F

Issue:
Some points from I/O list cannot be simulated:
- PR 49-1 Alarm
- PR 49-1 Trip

Siemens to identify if these points are applicable to their RMU.",EDCKUL21DSGBF110,equipment,8742765,construction,,,,09/10/2026,,Siemens Malaysia,company,69030,477939,Electrical,19067,Commissioning,228267,Open,"7831, Line 19",checklist,907857899,Najwa Athirah Fauzi,08/27/2026,2026-10-07T22:41:40.554167+00:00
40875,6189456,CHK-6228-2,"EDKUL21MBCBD210
Location: BD Elect room

Issue
Pending fireman swtich cable termination",EDCKUL21MBCBD210,equipment,11769016,construction,,617567,Non-Critical,09/07/2026,,Promatrix DCS,company,68571,477939,Electrical,19068,Construction,228267,Open,"6228, Line 25",checklist,711783621,Tarmizi Isa,08/24/2026,2026-10-07T22:41:40.554167+00:00
40875,6189453,CHK-6231-2,"EDKUL21MBCBE210
Location: BE Elect room

Issue
Pending chiller pump cable termination",EDCKUL21MBCBE210,equipment,11769017,construction,,617567,Non-Critical,09/07/2026,09/30/2026,Promatrix DCS,company,68571,477939,Electrical,,,228270,Closed,"6231, Line 25",checklist,711783764,Tarmizi Isa,08/24/2026,2026-10-07T22:41:40.554167+00:00
40875,6189452,CHK-6231-1,"EDKUL21MBCBE210
Location: BE Elect room

Issue
Pending fireman switch cable termination",EDCKUL21MBCBE210,equipment,11769017,construction,,617567,Non-Critical,09/07/2026,,Promatrix DCS,company,68571,477939,Electrical,19068,Construction,228267,Open,"6231, Line 25",checklist,711783764,Tarmizi Isa,08/24/2026,2026-10-07T22:41:40.554167+00:00
40875,6189441,CHK-6225-3,"EDKUL21MBCBC210
Location: BC Elect room

Issue
Pending CDU cable termination",EDCKUL21MBCBC210,equipment,11769015,construction,,617567,Non-Critical,09/07/2026,,Promatrix DCS,company,68571,477939,Electrical,19068,Construction,228267,Open,"6225, Line 25",checklist,711783478,Tarmizi Isa,08/24/2026,2026-10-07T22:41:40.554167+00:00
40875,6189440,CHK-6225-2,"EDKUL21MBCBC210
Location: BC Elect room

Issue
Pending chiller pump cable termination",EDCKUL21MBCBC210,equipment,11769015,construction,,617567,Non-Critical,09/07/2026,09/30/2026,Promatrix DCS,company,68571,477939,Electrical,19068,Construction,228270,Closed,"6225, Line 25",checklist,711783478,Tarmizi Isa,08/24/2026,2026-10-07T22:41:40.554167+00:00
40875,6189437,CHK-6225-1,"EDKUL21MBCBC210
Location: BC Elect room

Issue
Pending fireman swtich cable termination",EDCKUL21MBCBC210,equipment,11769015,construction,,617567,Non-Critical,09/07/2026,,Promatrix DCS,company,68571,477939,Electrical,19068,Construction,228267,Open,"6225, Line 25",checklist,711783478,Tarmizi Isa,08/24/2026,2026-10-07T22:41:40.554167+00:00
40875,6189425,CHK-6222-3,"EDKUL21MBCBB210
Location: BB Elect room

Issue
Pending CDU cable termination",EDCKUL21MBCBB210,equipment,11769014,construction,,617567,Non-Critical,09/07/2026,,Promatrix DCS,company,68571,477939,Electrical,19068,Construction,228267,Open,"6222, Line 25",checklist,711783335,Tarmizi Isa,08/24/2026,2026-10-07T22:41:40.554167+00:00
40875,6189424,CHK-6222-2,"EDKUL21MBCBB210
Location: BB Elect room

Issue
Pending chiller pump cable termination",EDCKUL21MBCBB210,equipment,11769014,construction,,617567,Non-Critical,09/07/2026,09/30/2026,Promatrix DCS,company,68571,477939,Electrical,19068,Construction,228270,Closed,"6222, Line 25",checklist,711783335,Tarmizi Isa,08/24/2026,2026-10-07T22:41:40.554167+00:00
40875,6189423,CHK-6222-1,"EDKUL21MBCBB210
Location: BB Elect room

Issue
Pending fireman switch cable termination",EDCKUL21MBCBB210,equipment,11769014,construction,,617567,Non-Critical,09/07/2026,,Promatrix DCS,company,68571,477939,Electrical,,,228267,Open,"6222, Line 25",checklist,711783335,Tarmizi Isa,08/24/2026,2026-10-07T22:41:40.554167+00:00
40875,6189422,CHK-6219-3,"EDKUL21MBCBA210
Location: BA Elect room

Issue
Pending CDU cable termination",EDCKUL21MBCBA210,equipment,11769013,construction,,617567,Non-Critical,09/07/2026,,Promatrix DCS,company,68571,477939,Electrical,19068,Construction,228267,Open,"6219, Line 25",checklist,711783192,Tarmizi Isa,08/24/2026,2026-10-07T22:41:40.554167+00:00
40875,6189420,CHK-6219-2,"EDKUL21MBCBA210
Location: BA Elect room

Issue
Pending chiller pump cable termination",EDCKUL21MBCBA210,equipment,11769013,construction,,617567,Non-Critical,09/07/2026,09/30/2026,Promatrix DCS,company,68571,477939,Electrical,19068,Construction,228270,Closed,"6219, Line 25",checklist,711783192,Tarmizi Isa,08/24/2026,2026-10-07T22:41:40.554167+00:00
40875,6189408,CHK-6219-1,"EDKUL21MBCBA210
Location: BA Elect room

Issue
Pending fireman switch cable termination",EDCKUL21MBCBA210,equipment,11769013,construction,,617567,Non-Critical,09/07/2026,,Promatrix DCS,company,68571,477939,Electrical,19068,Construction,228267,Open,"6219, Line 25",checklist,711783192,Tarmizi Isa,08/24/2026,2026-10-07T22:41:40.554167+00:00
40875,6167564,CHK-4508-2,"EDCKUL21MSBBH310
Location: BH Elec room

Issue
Pending outgoing cable to DPPBHC30",EDCKUL21MSBBH310,equipment,8742845,construction,,617567,Non-Critical,09/02/2026,,Tarmizi Isa,person,256198,477939,Electrical,19068,Construction,228267,Open,"4508, Line 25",checklist,448946941,Tarmizi Isa,08/19/2026,2026-10-07T22:41:40.554167+00:00
40875,6167555,CHK-4508-1,"EDCKUL21MSBBH310
Location: BH elect room

Issue
Pending corrective label installation on the panel cover",EDCKUL21MSBBH310,equipment,8742845,construction,,617567,Non-Critical,09/02/2026,,Promatrix DCS,company,68571,477939,Electrical,19068,Construction,228267,Open,"4508, Line 21",checklist,448946937,Tarmizi Isa,08/19/2026,2026-10-07T22:41:40.554167+00:00
40875,6154275,CHK-6228-1,"EDCKUL21MBCBD210
Location: BD elect room

Issue
Pending cable termination to CHL pump",EDCKUL21MBCBD210,equipment,11769016,construction,,617567,Non-Critical,08/31/2026,09/30/2026,Promatrix DCS,company,68571,477939,Electrical,19068,Construction,228270,Closed,"6228, Line 25",checklist,711783621,Tarmizi Isa,08/17/2026,2026-10-07T22:41:40.554167+00:00
40875,6140125,CHK-7109-2,"EDCKUL21EXF01800
Location: Battery Room BD

Issue:
Remove foreign materials/debris.",EDCKUL21EXF01800,equipment,12549373,construction,,617567,Non-Critical,08/27/2026,09/10/2026,Promatrix DCS,company,68571,477946,Mechanical,19072,Equipment,228270,Closed,"7109, Line 15",checklist,780973509,Nadhirah Mazlan,08/13/2026,2026-10-07T22:41:40.554167+00:00
40875,6139693,CHK-6237-3,"EDCKUL21MBCBH210
Location: BH elect room

Issue
Pending termination of fireman switch cable",EDCKUL21MBCBH210,equipment,11769019,construction,,617567,Non-Critical,08/27/2026,,Promatrix DCS,company,68571,477939,Electrical,19068,Construction,228267,Open,"6237, Line 25",checklist,711784050,Tarmizi Isa,08/13/2026,2026-10-07T22:41:40.554167+00:00
40875,6139690,CHK-6237-2,"EDCKUL21MBCBH210
Location: BH elect room

Issue
pending outgoing cable to EPPBH910",EDCKUL21MBCBH210,equipment,11769019,construction,,617567,Non-Critical,08/27/2026,09/30/2026,Promatrix DCS,company,68571,477939,Electrical,19068,Construction,228270,Closed,"6237, Line 25",checklist,711784050,Tarmizi Isa,08/13/2026,2026-10-07T22:41:40.554167+00:00
40875,6139688,CHK-6237-1,"EDCKUL21MBCBH210
Location: BH elect room

issue
Pending to update new label on the compartment. Please refer to the attachment",EDCKUL21MBCBH210,equipment,11769019,construction,,617565,Critical,08/27/2026,08/28/2026,Powerwell,company,68459,477939,Electrical,19068,Construction,228270,Closed,"6237, Line 21",checklist,711784046,Tarmizi Isa,08/13/2026,2026-10-07T22:41:40.554167+00:00
40875,6139684,CHK-4470-6,"EDCKUL21MBCBH110
Location: BH Elect room

Issue
Pending outgoing cable to EPPBH810",EDCKUL21MBCBH110,equipment,8742810,construction,,617567,Non-Critical,08/27/2026,09/30/2026,Tarmizi Isa,person,256198,477939,Electrical,19068,Construction,228270,Closed,"4470, Line 25",checklist,448944623,Tarmizi Isa,08/13/2026,2026-10-07T22:41:40.554167+00:00
40875,6139681,CHK-4470-5,"EDCKUL21MBCBH110
Location: BH elect room

Issue
Pending to update several new labels on the compartment. Please refer to the attachment",EDCKUL21MBCBH110,equipment,8742810,construction,,617565,Critical,08/27/2026,08/28/2026,Powerwell,company,68459,477939,Electrical,19068,Construction,228270,Closed,"4470, Line 21",checklist,448944619,Tarmizi Isa,08/13/2026,2026-10-07T22:41:40.554167+00:00
40875,6131892,CHK-7961-1,"EDCKULMSBBA110
Location: Elec Room BA, GF

Issue:

MSB SLD GUI does not differentiate naming for SPARE breakers.
Observed spare breakers naming look typical in GUI, which will affect status verification.

Datasite to include breaker number in SPARE breakers naming in the SLD GUI.",EDCKUL21MSBBA110,equipment,8742837,construction,,,,08/26/2026,09/22/2026,Powerwell,company,68459,477939,Electrical,19067,Commissioning,228270,Closed,"7961, Line 19",checklist,907863879,Najwa Athirah Fauzi,08/12/2026,2026-10-07T22:41:40.554167+00:00
40875,6094689,CHK-6971-1,"EDCKUL21RPPBF414
Location: Datahall 4, 1F

Issue
Pending new nameplate replacement",EDCKUL21RPPBF414,equipment,11768964,construction,,617567,Non-Critical,08/19/2026,09/17/2026,Powerwell,company,68459,477939,Electrical,19068,Construction,228270,Closed,"6971, Line 11",checklist,770148730,Tarmizi Isa,08/05/2026,2026-10-07T22:41:40.554167+00:00
40875,6094688,CHK-6980-1,"EDCKUL21RPPBF444
Location: Datahall 4, 1F

Issue
Pending new nameplate replacement",EDCKUL21RPPBF444,equipment,11768976,construction,,617567,Non-Critical,08/19/2026,09/17/2026,Powerwell,company,68459,477939,Electrical,19068,Construction,228270,Closed,"6980, Line 11",checklist,770149141,Tarmizi Isa,08/05/2026,2026-10-07T22:41:40.554167+00:00
40875,6094686,CHK-6977-1,"EDCKUL21RPPBF434
Location: Datahall 4, 1F

Issue
Pending new nameplate replacement",EDCKUL21RPPBF434,equipment,11768972,construction,,617567,Non-Critical,08/19/2026,09/17/2026,Powerwell,company,68459,477939,Electrical,19068,Construction,228270,Closed,"6977, Line 11",checklist,770149004,Tarmizi Isa,08/05/2026,2026-10-07T22:41:40.554167+00:00
40875,6094672,CHK-6974-1,"EDCKUL21RPPBF424
Location: Datahall 4, 1F

Issue
Pending new nameplate replacement",EDCKUL21RPPBF424,equipment,11768968,construction,,617567,Non-Critical,08/19/2026,09/17/2026,Powerwell,company,68459,477939,Electrical,19068,Construction,228270,Closed,"6974, Line 11",checklist,770148867,Tarmizi Isa,08/05/2026,2026-10-07T22:41:40.554167+00:00
40875,6094671,CHK-6968-1,"EDCKUL21RPPBF344
Location: Datahall 4, 1F

Issue
Pending new nameplate replacement",EDCKUL21RPPBF344,equipment,11768975,construction,,617567,Non-Critical,08/19/2026,09/17/2026,Powerwell,company,68459,477939,Electrical,19068,Construction,228270,Closed,"6968, Line 11",checklist,770148593,Tarmizi Isa,08/05/2026,2026-10-07T22:41:40.554167+00:00
40875,6094669,CHK-6965-1,"EDCKUL21RPPBF334
Location: Datahall 4, 1F

Issue
Pending new nameplate replacement",EDCKUL21RPPBF334,equipment,11768971,construction,,617567,Non-Critical,08/19/2026,09/17/2026,Powerwell,company,68459,477939,Electrical,19068,Construction,228270,Closed,"6965, Line 11",checklist,770148456,Tarmizi Isa,08/05/2026,2026-10-07T22:41:40.554167+00:00
40875,6094667,CHK-6962-1,"EDCKUL21RPPBF324
Location: Datahall 4, 1F

Issue
Pending new nameplate replacement",EDCKUL21RPPBF324,equipment,11768967,construction,,617567,Non-Critical,08/19/2026,09/17/2026,Powerwell,company,68459,477939,Electrical,19068,Construction,228270,Closed,"6962, Line 11",checklist,770148319,Tarmizi Isa,08/05/2026,2026-10-07T22:41:40.554167+00:00
40875,6094665,CHK-6959-1,"EDCKUL21RPPBF314
Location: Datahall 4, 1F

Issue
Pending new nameplate replacement",EDCKUL21RPPBF314,equipment,11768963,construction,,617567,Non-Critical,08/19/2026,09/17/2026,Powerwell,company,68459,477939,Electrical,19068,Construction,228270,Closed,"6959, Line 11",checklist,770148182,Tarmizi Isa,08/05/2026,2026-10-07T22:41:40.554167+00:00
40875,6094664,CHK-6956-1,"EDCKUL21RPPBF244
Location: Datahall 4, 1F

Issue
Pending new nameplate replacement",EDCKUL21RPPBF244,equipment,11768974,construction,,617567,Non-Critical,08/19/2026,09/17/2026,Powerwell,company,68459,477939,Electrical,19068,Construction,228270,Closed,"6956, Line 11",checklist,770148045,Tarmizi Isa,08/05/2026,2026-10-07T22:41:40.554167+00:00
40875,6094661,CHK-6953-1,"EDCKUL21RPPBF234
Location: Datahall 4, 1F

Issue
Pending new nameplate replacement",EDCKUL21RPPBF234,equipment,11768970,construction,,617567,Non-Critical,08/19/2026,09/17/2026,Powerwell,company,68459,477939,Electrical,19068,Construction,228270,Closed,"6953, Line 11",checklist,770147908,Tarmizi Isa,08/05/2026,2026-10-07T22:41:40.554167+00:00
40875,6094660,CHK-6950-1,"EDCKUL21RPPBF224
Location: Datahall 4, 1F

Issue
Pending new nameplate replacement",EDCKUL21RPPBF224,equipment,11768966,construction,,617567,Non-Critical,08/19/2026,09/17/2026,Powerwell,company,68459,477939,Electrical,19068,Construction,228270,Closed,"6950, Line 11",checklist,770147771,Tarmizi Isa,08/05/2026,2026-10-07T22:41:40.554167+00:00
40875,6094658,CHK-6947-1,"EDCKUL21RPPBF214
Location: Datahall 4, 1F

Issue
Pending new nameplate replacement",EDCKUL21RPPBF214,equipment,11768962,construction,,617567,Non-Critical,08/19/2026,09/17/2026,Powerwell,company,68459,477939,Electrical,19068,Construction,228270,Closed,"6947, Line 11",checklist,770147634,Tarmizi Isa,08/05/2026,2026-10-07T22:41:40.554167+00:00
40875,6094654,CHK-6944-1,"EDCKUL21RPPBF144
Location: Datahall 4, 1F

Issue
Pending new nameplate replacement",EDCKUL21RPPBF144,equipment,11768973,construction,,617567,Non-Critical,08/19/2026,09/17/2026,Powerwell,company,68459,477939,Electrical,19068,Construction,228270,Closed,"6944, Line 11",checklist,770147497,Tarmizi Isa,08/05/2026,2026-10-07T22:41:40.554167+00:00
40875,6094653,CHK-6941-1,"EDCKUL21RPPBF134
Location: Datahall 4, 1F

Issue
Pending new nameplate replacement",EDCKUL21RPPBF134,equipment,11768969,construction,,617567,Non-Critical,08/19/2026,09/15/2026,Powerwell,company,68459,477939,Electrical,19068,Construction,228270,Closed,"6941, Line 11",checklist,770147360,Tarmizi Isa,08/05/2026,2026-10-07T22:41:40.554167+00:00
40875,6094652,CHK-6938-1,"EDCKUL21RPPBF124
Location: Datahall 4, 1F

Issue
Pending new nameplate replacement",EDCKUL21RPPBF124,equipment,11768965,construction,,617567,Non-Critical,08/19/2026,09/15/2026,Powerwell,company,68459,477939,Electrical,19068,Construction,228270,Closed,"6938, Line 11",checklist,770147223,Tarmizi Isa,08/05/2026,2026-10-07T22:41:40.554167+00:00
40875,6094649,CHK-6935-1,"EDCKUL21RPPBE114
Location: Datahall 4, 1F

Issue
Pending new nameplate replacement",EDCKUL21RPPBF114,equipment,11768961,construction,,617567,Non-Critical,08/19/2026,09/15/2026,Powerwell,company,68459,477939,Electrical,19068,Construction,228270,Closed,"6935, Line 11",checklist,770147086,Tarmizi Isa,08/05/2026,2026-10-07T22:41:40.554167+00:00
40875,6094647,CHK-6932-1,"EDCKUL21RPPBE444
Location: Datahall 4, 1F

Issue
Pending new nameplate replacement",EDCKUL21RPPBE444,equipment,11768960,construction,,617567,Non-Critical,08/19/2026,09/15/2026,Powerwell,company,68459,477939,Electrical,19068,Construction,228270,Closed,"6932, Line 11",checklist,770146949,Tarmizi Isa,08/05/2026,2026-10-07T22:41:40.554167+00:00
40875,6094646,CHK-6929-1,"EDCKUL21RPPBE434
Location: Datahall 4, 1F

Issue
Pending new nameplate replacement",EDCKUL21RPPBE434,equipment,11768956,construction,,617567,Non-Critical,08/19/2026,09/15/2026,Powerwell,company,68459,477939,Electrical,19068,Construction,228270,Closed,"6929, Line 11",checklist,770146812,Tarmizi Isa,08/05/2026,2026-10-07T22:41:40.554167+00:00
40875,6094641,CHK-6926-1,"EDCKUL21RPPBE424
Location: Datahall 4, 1F

Issue
Pending new nameplate replacement",EDCKUL21RPPBE424,equipment,11768952,construction,,617567,Non-Critical,08/19/2026,09/15/2026,Powerwell,company,68459,477939,Electrical,19068,Construction,228270,Closed,"6926, Line 11",checklist,770146675,Tarmizi Isa,08/05/2026,2026-10-07T22:41:40.554167+00:00
40875,6094640,CHK-6923-1,"EDCKUL21RPPBE414
Location: Datahall 4, 1F

Issue
Pending new nameplate replacement",EDCKUL21RPPBE414,equipment,11768948,construction,,617567,Non-Critical,08/19/2026,09/15/2026,Powerwell,company,68459,477939,Electrical,19068,Construction,228270,Closed,"6923, Line 11",checklist,770146538,Tarmizi Isa,08/05/2026,2026-10-07T22:41:40.554167+00:00
40875,6094637,CHK-6920-1,"EDCKUL21RPPBE344
Location: Datahall 4, 1F

Issue
Pending new nameplate replacement",EDCKUL21RPPBE344,equipment,11768959,construction,,617567,Non-Critical,08/19/2026,09/15/2026,Powerwell,company,68459,477939,Electrical,19068,Construction,228270,Closed,"6920, Line 11",checklist,770146401,Tarmizi Isa,08/05/2026,2026-10-07T22:41:40.554167+00:00
40875,6094631,CHK-6917-1,"EDCKUL21RPPBE334
Location: Datahall 4, 1F

Issue
Pending new nameplate replacement",EDCKUL21RPPBE334,equipment,11768955,construction,,617567,Non-Critical,08/19/2026,09/15/2026,Powerwell,company,68459,477939,Electrical,19068,Construction,228270,Closed,"6917, Line 11",checklist,770146264,Tarmizi Isa,08/05/2026,2026-10-07T22:41:40.554167+00:00
40875,6094627,CHK-6914-1,"EDCKUL21RPPBE324
Location: Datahall 4, 1F

Issue
Pending new nameplate replacement",EDCKUL21RPPBE324,equipment,11768951,construction,,617567,Non-Critical,08/19/2026,09/15/2026,Powerwell,company,68459,477939,Electrical,19068,Construction,228270,Closed,"6914, Line 11",checklist,770146127,Tarmizi Isa,08/05/2026,2026-10-07T22:41:40.554167+00:00
40875,6094625,CHK-6890-1,"EDCKUL21RPPBE124
Location: Datahall 4, 1F

Issue
Pending new nameplate replacement",EDCKUL21RPPBE124,equipment,11768949,construction,,617567,Non-Critical,08/19/2026,09/15/2026,Powerwell,company,68459,477939,Electrical,19068,Construction,228270,Closed,"6890, Line 11",checklist,770145031,Tarmizi Isa,08/05/2026,2026-10-07T22:41:40.554167+00:00
40875,6094623,CHK-6887-1,"EDCKUL21RPPBE114
Location: Datahall 4, 1F

Issue
Pending new nameplate replacement",EDCKUL21RPPBE114,equipment,11768945,construction,,617567,Non-Critical,08/19/2026,09/15/2026,Powerwell,company,68459,477939,Electrical,19068,Construction,228270,Closed,"6887, Line 11",checklist,770144894,Tarmizi Isa,08/05/2026,2026-10-07T22:41:40.554167+00:00
40875,6094372,CHK-6911-1,"EDCKUL21RPPBE314
Location: Datahall 4, 1F

Issue
Pending new nameplate replacement",EDCKUL21RPPBE314,equipment,11768947,construction,,617567,Non-Critical,08/19/2026,09/15/2026,Powerwell,company,68459,477939,Electrical,19068,Construction,228270,Closed,"6911, Line 11",checklist,770145990,Tarmizi Isa,08/05/2026,2026-10-07T22:41:40.554167+00:00
40875,6094371,CHK-6908-1,"EDCKUL21RPPBE244
Location: Datahall 4, 1F

Issue
Pending new nameplate replacement",EDCKUL21RPPBE244,equipment,11768958,construction,,617567,Non-Critical,08/19/2026,09/15/2026,Powerwell,company,68459,477939,Electrical,19068,Construction,228270,Closed,"6908, Line 11",checklist,770145853,Tarmizi Isa,08/05/2026,2026-10-07T22:41:40.554167+00:00
40875,6094368,CHK-6905-1,"EDCKUL21RPPBE224
Location: Datahall 4, 1F

Issue
Pending new nameplate replacement",EDCKUL21RPPBE234,equipment,11768954,construction,,617567,Non-Critical,08/19/2026,09/15/2026,Powerwell,company,68459,477939,Electrical,19068,Construction,228270,Closed,"6905, Line 11",checklist,770145716,Tarmizi Isa,08/05/2026,2026-10-07T22:41:40.554167+00:00
40875,6094367,CHK-6902-1,"EDCKUL21RPPBE224
Location: Datahall 4, 1F

Issue
Pending new nameplate replacement",EDCKUL21RPPBE224,equipment,11768950,construction,,617567,Non-Critical,08/19/2026,09/15/2026,Powerwell,company,68459,477939,Electrical,19068,Construction,228270,Closed,"6902, Line 11",checklist,770145579,Tarmizi Isa,08/05/2026,2026-10-07T22:41:40.554167+00:00
40875,6094366,CHK-6899-1,"EDCKUL21RPPBE214
Location: Datahall 4, 1F

Issue
Pending new nameplate replacement",EDCKUL21RPPBE214,equipment,11768946,construction,,617567,Non-Critical,08/19/2026,09/15/2026,Powerwell,company,68459,477939,Electrical,19068,Construction,228270,Closed,"6899, Line 11",checklist,770145442,Tarmizi Isa,08/05/2026,2026-10-07T22:41:40.554167+00:00
40875,6094364,CHK-6896-1,"EDCKUL21RPPBD144
Location: Datahall 4, 1F

Issue
Pending new nameplate replacement",EDCKUL21RPPBE144,equipment,11768957,construction,,617567,Non-Critical,08/19/2026,09/15/2026,Powerwell,company,68459,477939,Electrical,19068,Construction,228270,Closed,"6896, Line 11",checklist,770145305,Tarmizi Isa,08/05/2026,2026-10-07T22:41:40.554167+00:00
40875,6094363,CHK-6893-1,"EDCKUL21RPPBD134
Location: Datahall 4, 1F

Issue
Pending new nameplate replacement",EDCKUL21RPPBE134,equipment,11768953,construction,,617567,Non-Critical,08/19/2026,09/15/2026,Powerwell,company,68459,477939,Electrical,19068,Construction,228270,Closed,"6893, Line 11",checklist,770145168,Tarmizi Isa,08/05/2026,2026-10-07T22:41:40.554167+00:00
40875,6094361,CHK-6884-1,"EDCKUL21RPPBD444
Location: Datahall 4, 1F

Issue
Pending new nameplate replacement",EDCKUL21RPPBD444,equipment,11768944,construction,,617567,Non-Critical,08/19/2026,09/15/2026,Powerwell,company,68459,477939,Electrical,19068,Construction,228270,Closed,"6884, Line 11",checklist,770144757,Tarmizi Isa,08/05/2026,2026-10-07T22:41:40.554167+00:00
40875,6094358,CHK-6881-1,"EDCKUL21RPPBD424
Location: Datahall 4, 1F

Issue
Pending new nameplate replacement",EDCKUL21RPPBD434,equipment,11768940,construction,,617567,Non-Critical,08/19/2026,09/15/2026,Powerwell,company,68459,477939,Electrical,19068,Construction,228270,Closed,"6881, Line 11",checklist,770144620,Tarmizi Isa,08/05/2026,2026-10-07T22:41:40.554167+00:00
40875,6094357,CHK-6878-1,"EDCKUL21RPPBD424
Location: Datahall 4, 1F

Issue
Pending new nameplate replacement",EDCKUL21RPPBD424,equipment,11768936,construction,,617567,Non-Critical,08/19/2026,09/15/2026,Powerwell,company,68459,477939,Electrical,19068,Construction,228270,Closed,"6878, Line 11",checklist,770144483,Tarmizi Isa,08/05/2026,2026-10-07T22:41:40.554167+00:00
40875,6094355,CHK-6875-1,"EDCKUL21RPPBD324
Location: Datahall 4, 1F

Issue
Pending new nameplate replacement",EDCKUL21RPPBD414,equipment,11768932,construction,,617567,Non-Critical,08/19/2026,09/15/2026,Powerwell,company,68459,477939,Electrical,19068,Construction,228270,Closed,"6875, Line 11",checklist,770144346,Tarmizi Isa,08/05/2026,2026-10-07T22:41:40.554167+00:00
40875,6094354,CHK-6872-1,"EDCKUL21RPPBD344
Location: Datahall 4, 1F

Issue
Pending new nameplate replacement",EDCKUL21RPPBD344,equipment,11768943,construction,,617567,Non-Critical,08/19/2026,09/15/2026,Powerwell,company,68459,477939,Electrical,19068,Construction,228270,Closed,"6872, Line 11",checklist,770144209,Tarmizi Isa,08/05/2026,2026-10-07T22:41:40.554167+00:00
40875,6094352,CHK-6869-1,"EDCKUL21RPPBD334
Location: Datahall 4, 1F

Issue
Pending new nameplate replacement",EDCKUL21RPPBD334,equipment,11768939,construction,,617567,Non-Critical,08/19/2026,09/15/2026,Powerwell,company,68459,477939,Electrical,19068,Construction,228270,Closed,"6869, Line 11",checklist,770144072,Tarmizi Isa,08/05/2026,2026-10-07T22:41:40.554167+00:00
40875,6094348,CHK-6866-1,"EDCKUL21RPPBD324
Location: Datahall 4, 1F

Issue
Pending new nameplate replacement",EDCKUL21RPPBD324,equipment,11768935,construction,,617567,Non-Critical,08/19/2026,09/15/2026,Powerwell,company,68459,477939,Electrical,19068,Construction,228270,Closed,"6866, Line 11",checklist,770143935,Tarmizi Isa,08/05/2026,2026-10-07T22:41:40.554167+00:00
40875,6094347,CHK-6863-1,"EDCKUL21RPPBD314
Location: Datahall 4, 1F

Issue
Pending new nameplate replacement",EDCKUL21RPPBD314,equipment,11768931,construction,,617567,Non-Critical,08/19/2026,09/15/2026,Powerwell,company,68459,477939,Electrical,19068,Construction,228270,Closed,"6863, Line 11",checklist,770143798,Tarmizi Isa,08/05/2026,2026-10-07T22:41:40.554167+00:00
40875,6094346,CHK-6860-1,"EDCKUL21RPPBD244
Location: Datahall 4, 1F

Issue
Pending new nameplate replacement",EDCKUL21RPPBD244,equipment,11768942,construction,,617567,Non-Critical,08/19/2026,09/15/2026,Powerwell,company,68459,477939,Electrical,19068,Construction,228270,Closed,"6860, Line 11",checklist,770143661,Tarmizi Isa,08/05/2026,2026-10-07T22:41:40.554167+00:00
40875,6094345,CHK-6857-1,"EDCKUL21RPPBD234
Location: Datahall 4, 1F

Issue
Pending new nameplate replacement",EDCKUL21RPPBD234,equipment,11768938,construction,,617567,Non-Critical,08/19/2026,09/15/2026,Powerwell,company,68459,477939,Electrical,19068,Construction,228270,Closed,"6857, Line 11",checklist,770143524,Tarmizi Isa,08/05/2026,2026-10-07T22:41:40.554167+00:00
40875,6094342,CHK-6854-1,"EDCKUL21RPPBD224
Location: Datahall 4, 1F

Issue
Pending new nameplate replacement",EDCKUL21RPPBD224,equipment,11768934,construction,,617567,Non-Critical,08/19/2026,09/15/2026,Powerwell,company,68459,477939,Electrical,19068,Construction,228270,Closed,"6854, Line 11",checklist,770143387,Tarmizi Isa,08/05/2026,2026-10-07T22:41:40.554167+00:00
40875,6094340,CHK-6851-1,"EDCKUL21RPPBD214
Location: Datahall 4, 1F

Issue
Pending new nameplate replacement",EDCKUL21RPPBD214,equipment,11768930,construction,,617567,Non-Critical,08/19/2026,09/15/2026,Powerwell,company,68459,477939,Electrical,19068,Construction,228270,Closed,"6851, Line 11",checklist,770143250,Tarmizi Isa,08/05/2026,2026-10-07T22:41:40.554167+00:00
40875,6094337,CHK-6848-1,"EDCKUL21RPPBD144
Location: Datahall 4, 1F

Issue
Pending new nameplate replacement",EDCKUL21RPPBD144,equipment,11768941,construction,,617567,Non-Critical,08/19/2026,09/15/2026,Powerwell,company,68459,477939,Electrical,19068,Construction,228270,Closed,"6848, Line 11",checklist,770143113,Tarmizi Isa,08/05/2026,2026-10-07T22:41:40.554167+00:00
40875,6094336,CHK-6845-1,"EDCKUL21RPPBD134
Location: Datahall 4, 1F

Issue
Pending new nameplate replacement",EDCKUL21RPPBD134,equipment,11768937,construction,,617567,Non-Critical,08/19/2026,09/15/2026,Powerwell,company,68459,477939,Electrical,19068,Construction,228270,Closed,"6845, Line 11",checklist,770142975,Tarmizi Isa,08/05/2026,2026-10-07T22:41:40.554167+00:00
40875,6094334,CHK-6842-1,"EDCKUL21RPPBD124
Location: Datahall 4, 1F

Issue
Pending new nameplate replacement",EDCKUL21RPPBD124,equipment,11768933,construction,,617567,Non-Critical,08/19/2026,09/14/2026,Powerwell,company,68459,477939,Electrical,19068,Construction,228270,Closed,"6842, Line 11",checklist,770142785,Tarmizi Isa,08/05/2026,2026-10-07T22:41:40.554167+00:00
40875,6094332,CHK-6839-1,"EDCKUL21RPPBD114
Location: Datahall 4, 1F

Issue
Pending new nameplate replacement",EDCKUL21RPPBD114,equipment,11768929,construction,,617567,Non-Critical,08/19/2026,09/14/2026,Powerwell,company,68459,477939,Electrical,19068,Construction,228270,Closed,"6839, Line 11",checklist,770142648,Tarmizi Isa,08/05/2026,2026-10-07T22:41:40.554167+00:00
40875,6090536,CHK-7486-1,"EDCKUL21UPBBD310
EDCKUL21UPBBE310
EDCKUL21UPBBF310
EDCKUL21UPBBZ310
Location: Battery room 1F
Issue: Pending nameplate",EDCKUL21UPBBD310,equipment,11768910,construction,,617567,Non-Critical,08/18/2026,,Eaton ,company,41688,477939,Electrical,,,228267,Open,"7486, Line 11",checklist,887882168,Alif Aizat,08/04/2026,2026-10-07T22:41:40.554167+00:00
40875,6090486,CHK-7477-1,"EDCKUL21UPBBA310
EDCKUL21UPBBB310
EDCKUL21UPBBC310
EDCKUL21UPBBH310
Location: Battery room GF
Issue: Pending nameplate",EDCKUL21UPBBA310,equipment,11768907,construction,,617567,Non-Critical,08/18/2026,,Eaton ,company,41688,477939,Electrical,,,228267,Open,"7477, Line 11",checklist,887881757,Alif Aizat,08/04/2026,2026-10-07T22:41:40.554167+00:00
40875,6087244,CHK-6526-1,"EDCKUL21UPBBH210
EDCKUL21UPBBH310
Location: Electrical room BH
Issue: Pending nameplate",EDCKUL21UPBBH210,equipment,11768913,construction,,617567,Non-Critical,08/18/2026,,Promatrix DCS,company,68571,477939,Electrical,,,228267,Open,"6526, Line 12",checklist,711797820,Alif Aizat,08/04/2026,2026-10-07T22:41:40.554167+00:00
40875,6065173,CHK-6240-1,"EDCKUL21MBCBZ210
Location: BZ Elect room

Issue
Pending outgoing busway installation for catcher",EDCKUL21MBCBZ210,equipment,11769020,construction,,617567,Non-Critical,08/13/2026,10/07/2026,Promatrix DCS,company,68571,477939,Electrical,19068,Construction,228270,Closed,"6240, Line 25",checklist,711784193,Tarmizi Isa,07/30/2026,2026-10-07T22:41:40.554167+00:00
40875,6058180,CHK-3651-1,"EDCKUL21GENBF100
Location: Generator Room BF

Issue:
FAT report required to be revised and resubmit",EDCKUL21GENBF100,equipment,8742796,construction,,617565,Critical,08/12/2026,09/03/2026,Sime Darby Industrial,company,68570,477939,Electrical,19071,Documentation,228270,Closed,"3651, Line 11",checklist,448900719,Nadhirah Mazlan,07/29/2026,2026-10-07T22:41:40.554167+00:00
40875,6058169,CHK-3646-1,"EDCKUL21GENBA100
Location: Generator Room BA

Issue:
FAT report required to be revised and resubmit",EDCKUL21GENBA100,equipment,8742791,construction,,617565,Critical,08/12/2026,09/03/2026,Sime Darby Industrial,company,68570,477939,Electrical,19071,Documentation,228270,Closed,"3646, Line 11",checklist,448900539,Nadhirah Mazlan,07/29/2026,2026-10-07T22:41:40.554167+00:00
40875,6043114,CHK-4505-8,"EDCKUL21MSBBF110
Location: BF elect room

Issue
Pending torque in between MSB busbar and loadbank busduct",EDCKUL21MSBBF110,equipment,8742842,construction,,617567,Non-Critical,08/10/2026,09/08/2026,Promatrix DCS,company,68571,477939,Electrical,19068,Construction,228270,Closed,"4505, Line 25",checklist,448946758,Tarmizi Isa,07/27/2026,2026-10-07T22:41:40.554167+00:00
40875,6043110,CHK-4504-8,"EDCKUL21MSBBC110
Location: BC elect room

Issue
Pending torque in between MSB busbar and loadbank busduct",EDCKUL21MSBBE110,equipment,8742841,construction,,617567,Non-Critical,08/10/2026,09/08/2026,Promatrix DCS,company,68571,477939,Electrical,19068,Construction,228270,Closed,"4504, Line 25",checklist,448946697,Tarmizi Isa,07/27/2026,2026-10-07T22:41:40.554167+00:00
40875,6043109,CHK-4503-8,"EDCKUL21MSBBD110
Location: BD elect room

Issue
Pending torque in between MSB busbar and loadbank busduct",EDCKUL21MSBBD110,equipment,8742840,construction,,617567,Non-Critical,08/10/2026,09/08/2026,Promatrix DCS,company,68571,477939,Electrical,19068,Construction,228270,Closed,"4503, Line 25",checklist,448946636,Tarmizi Isa,07/27/2026,2026-10-07T22:41:40.554167+00:00
40875,6043105,CHK-4502-12,"EDCKUL21MSBBC110
Location: BC elect room

Issue
Pending torque in between MSB busbar and loadbank busduct",EDCKUL21MSBBC110,equipment,8742839,construction,,617567,Non-Critical,08/10/2026,09/08/2026,Promatrix DCS,company,68571,477939,Electrical,19068,Construction,228270,Closed,"4502, Line 25",checklist,448946575,Tarmizi Isa,07/27/2026,2026-10-07T22:41:40.554167+00:00
40875,6043104,CHK-4501-11,"EDCKUL21MSBBB110
Location: BB elect room

Issue
Pending torque in between MSB busbar and loadbank busduct",EDCKUL21MSBBB110,equipment,8742838,construction,,617567,Non-Critical,08/10/2026,09/08/2026,Promatrix DCS,company,68571,477939,Electrical,19068,Construction,228270,Closed,"4501, Line 25",checklist,448946514,Tarmizi Isa,07/27/2026,2026-10-07T22:41:40.554167+00:00
40875,6043102,CHK-4500-12,"EDCKUL21MSBBA110
Location: BA elect room

Issue
Pending torque in between MSB busbar and loadbank busduct",EDCKUL21MSBBA110,equipment,8742837,construction,,617567,Non-Critical,08/10/2026,09/08/2026,Promatrix DCS,company,68571,477939,Electrical,19068,Construction,228270,Closed,"4500, Line 25",checklist,448946453,Tarmizi Isa,07/27/2026,2026-10-07T22:41:40.554167+00:00
40875,6043095,CHK-4509-8,"EDCKUL21MSBBZ110
Location: BZ elect room

Issue
Pending torque in between MSB busbar and loadbank busduct",EDCKUL21MSBBZ110,equipment,8742846,construction,,617567,Non-Critical,08/10/2026,09/08/2026,Promatrix DCS,company,68571,477939,Electrical,19068,Construction,228270,Closed,"4509, Line 25",checklist,448947002,Tarmizi Isa,07/27/2026,2026-10-07T22:41:40.554167+00:00
40875,6042822,CHK-6234-1,"EDCKUL21MBCBF210
Location: BF Elect room

Issue
Pending cable termination for FWU",EDCKUL21MBCBF210,equipment,11769018,construction,,617567,Non-Critical,08/10/2026,09/30/2026,Promatrix DCS,company,68571,477939,Electrical,19068,Construction,228270,Closed,"6234, Line 25",checklist,711783907,Tarmizi Isa,07/27/2026,2026-10-07T22:41:40.554167+00:00
40875,6034534,CHK-5745-1,"EDCKUL21FPO00200
Location: Fuel Oump Room

Issue:
1- Dented on pump body 
2- Damaged on motor casing",EDCKUL21FPO00200,equipment,9299290,construction,,617567,Non-Critical,08/07/2026,,Promatrix DCS,company,68571,477939,Electrical,19067,Commissioning,228267,Open,"5745, Line 19",checklist,474040771,Azrul Firdaus Ramli,07/24/2026,2026-10-07T22:41:40.554167+00:00
40875,6027535,CHK-6752-1,"EDCKUL21FCU00110
EDCKUL21FCU00210
EDCKUL21FCU00310
Location: Guard house

Issue:
1) To install permanent asset ID tagging",EDCKUL21FCU00110,equipment,12062120,construction,,617567,Non-Critical,08/06/2026,,Promatrix DCS,company,68571,477946,Mechanical,19068,Construction,228267,Open,"6752, Line 15",checklist,769347704,Nadhirah Mazlan,07/23/2026,2026-10-07T22:41:40.554167+00:00
40875,6027531,CHK-6751-1,"EDCKUL21FCC00300
Location: Guard house

Issue:
1) To install permanent asset ID tagging
2) To install refrigerant pipe label",EDCKUL21FCC00300,equipment,12062125,construction,,617567,Non-Critical,08/06/2026,,Promatrix DCS,company,68571,477946,Mechanical,19068,Construction,228267,Open,"6751, Line 15",checklist,769347648,Nadhirah Mazlan,07/23/2026,2026-10-07T22:41:40.554167+00:00
40875,6027528,CHK-6750-1,"EDCKUL21FCC00200
Location: Guard house

Issue:
1) To install permanent asset ID tagging
2) To install refrigerant pipe label",EDCKUL21FCC00200,equipment,12062124,construction,,617567,Non-Critical,08/06/2026,,Promatrix DCS,company,68571,477946,Mechanical,19068,Construction,228267,Open,"6750, Line 15",checklist,769347592,Nadhirah Mazlan,07/23/2026,2026-10-07T22:41:40.554167+00:00
40875,6027527,CHK-6749-1,"EDCKUL21FCC00100
Location: Guard house

Issue:
1) To install permanent asset ID tagging
2) To install refrigerant pipe label",EDCKUL21FCC00100,equipment,12062123,construction,,617567,Non-Critical,08/06/2026,,Promatrix DCS,company,68571,477946,Mechanical,19068,Construction,228267,Open,"6749, Line 15",checklist,769347536,Nadhirah Mazlan,07/23/2026,2026-10-07T22:41:40.554167+00:00
40875,6011878,CHK-6579-1,"EDCKUL21DPPBHE20 
Location: Fuel Station 

Issue: 
internal panel tagging to update permanently and revise SLD. 

currently using temporary tagging due to cable termination issue.",EDCKUL21DPPBHE20,equipment,11964144,construction,,617567,Non-Critical,08/04/2026,,Promatrix DCS,company,68571,477939,Electrical,19067,Commissioning,228267,Open,"6579, Line 21",checklist,714914043,Azrul Firdaus Ramli,07/21/2026,2026-10-07T22:41:40.554167+00:00
40875,6011839,CHK-7226-2,"EDCKUL21UPS00200
Location:Guardhouse

Issue
Pending danger sticker",EDCKUL21UPS00200,equipment,8743174,construction,,617567,Non-Critical,08/04/2026,07/30/2026,Promatrix DCS,company,68571,477939,Electrical,19068,Construction,228270,Closed,"7226, Line 18",checklist,847859774,Tarmizi Isa,07/21/2026,2026-10-07T22:41:40.554167+00:00
40875,6011837,CHK-7226-1,"EDCKUL21UPS00200
Location:Guardhouse

Issue
Pending ID label on panel",EDCKUL21UPS00200,equipment,8743174,construction,,617567,Non-Critical,08/04/2026,,Promatrix DCS,company,68571,477939,Electrical,19068,Construction,228267,Open,"7226, Line 15",checklist,847859771,Tarmizi Isa,07/21/2026,2026-10-07T22:41:40.554167+00:00
40875,6011835,CHK-7223-2,"EDCKUL21UPS00100
Location:Guardhouse

Issue
Pending danger sticker",EDCKUL21UPS00100,equipment,8743173,construction,,617567,Non-Critical,08/04/2026,07/30/2026,Promatrix DCS,company,68571,477939,Electrical,19068,Construction,228270,Closed,"7223, Line 18",checklist,847859624,Tarmizi Isa,07/20/2026,2026-10-07T22:41:40.554167+00:00
40875,6011833,CHK-7223-1,"EDCKUL21UPS00100
Location:Guardhouse

Issue
Pending ID label on panel",EDCKUL21UPS00100,equipment,8743173,construction,,617567,Non-Critical,08/04/2026,,Promatrix DCS,company,68571,477939,Electrical,19068,Construction,228267,Open,"7223, Line 15",checklist,847859619,Tarmizi Isa,07/20/2026,2026-10-07T22:41:40.554167+00:00
40875,5972448,CHK-7436-1,"EDCKUL21FAP00900
Location: Day1 Fuel station

Issue
The incoming neutral cable uses a green/yellow colour code, which is not in accordance with the standard.",EDCKUL21FAP00900,equipment,10147761,construction,,617567,Non-Critical,07/29/2026,08/04/2026,Promatrix DCS,company,68571,477939,Electrical,19068,Construction,228270,Closed,"7436, Line 17",checklist,881334053,Tarmizi Isa,07/15/2026,2026-10-07T22:41:40.554167+00:00
40875,5959191,CHK-3474-1,"EDCKUL21BMPA1600
Location: Roof

Issue
Several rust spots were found on the panel. Please touch up the affected areas.",EDCKUL21BMPA1600,equipment,8742633,construction,,617567,Non-Critical,07/27/2026,,Smardt,company,70452,478560,ELV,19068,Construction,228267,Open,"3474, Line 16",checklist,448894352,Tarmizi Isa,07/13/2026,2026-10-07T22:41:40.554167+00:00
40875,5959177,CHK-3473-1,"EDCKUL21BMPA1500
Location: Roof

Issue
Several rust spots were found on the panel. Please touch up the affected areas.",EDCKUL21BMPA1500,equipment,8742632,construction,,617567,Non-Critical,07/27/2026,,Smardt,company,70452,478560,ELV,19068,Construction,228267,Open,"3473, Line 16",checklist,448894316,Tarmizi Isa,07/13/2026,2026-10-07T22:41:40.554167+00:00
40875,5959167,CHK-3472-1,"EDCKUL21BMPA1400
Location: Roof

Issue
Several rust spots were found on the panel. Please touch up the affected areas.",EDCKUL21BMPA1400,equipment,8742629,construction,,617567,Non-Critical,07/27/2026,,Smardt,company,70452,478560,ELV,19068,Construction,228267,Open,"3472, Line 16",checklist,448894280,Tarmizi Isa,07/13/2026,2026-10-07T22:41:40.554167+00:00
40875,5959156,CHK-3470-1,"EDCKUL21BMPA1200
Location: Roof

Issue
Several rust spots were found on the panel. Please touch up the affected areas.",EDCKUL21BMPA1200,equipment,8742627,construction,,617567,Non-Critical,07/27/2026,,Smardt,company,70452,478560,ELV,19068,Construction,228267,Open,"3470, Line 16",checklist,448894208,Tarmizi Isa,07/13/2026,2026-10-07T22:41:40.554167+00:00
40875,5959128,CHK-3469-1,"EDCKUL21BMPA1100
Location: Roof

Issue
Several rust spots were found on the panel. Please touch up the affected areas.",EDCKUL21BMPA1100,equipment,8742626,construction,,617567,Non-Critical,07/27/2026,,Smardt,company,70452,478560,ELV,19068,Construction,228267,Open,"3469, Line 16",checklist,448894172,Tarmizi Isa,07/13/2026,2026-10-07T22:41:40.554167+00:00
40875,5959115,CHK-3466-1,"EDCKUL21BMPA0800
Location: Roof

Issue
Several rust spots were found on the panel. Please touch up the affected areas.",EDCKUL21BMPA0800,equipment,8742623,construction,,617567,Non-Critical,07/27/2026,,Smardt,company,70452,478560,ELV,19068,Construction,228267,Open,"3466, Line 16",checklist,448894064,Tarmizi Isa,07/13/2026,2026-10-07T22:41:40.554167+00:00
40875,5959111,CHK-3467-1,"EDCKUL21BMPA0900
Location: Roof

Issue
Several rust spots were found on the panel. Please touch up the affected areas.",EDCKUL21BMPA0900,equipment,8742624,construction,,617567,Non-Critical,07/27/2026,,Smardt,company,70452,,,,,228267,Open,"3467, Line 16",checklist,448894100,Tarmizi Isa,07/13/2026,2026-10-07T22:41:40.554167+00:00
40875,5959091,CHK-3468-1,"EDCKUL21BMPA1000
Location: Roof

Issue
Several rust spots were found on the panel. Please touch up the affected areas.",EDCKUL21BMPA1000,equipment,8742625,construction,,617567,Non-Critical,07/27/2026,,Smardt,company,70452,478560,ELV,19068,Construction,228267,Open,"3468, Line 16",checklist,448894136,Tarmizi Isa,07/13/2026,2026-10-07T22:41:40.554167+00:00
40875,5958704,CHK-6121-2,"EDCKUL21CRAA1004
Location: DH4 Mech Corridor

Issue:
Connecting bracket missing",EDCKUL21CRAA1004,equipment,11768869,construction,,617567,Non-Critical,07/27/2026,,Stulz,company,68568,477946,Mechanical,19068,Construction,228267,Open,"6121, Line 15",checklist,711773733,Tyler Beaver,07/13/2026,2026-10-07T22:41:40.554167+00:00
40875,5958683,CHK-6121-1,"EDCKUL21CRAA1004
Location: DH4 Mech Corridor

Issue:
Clean rusty areas",EDCKUL21CRAA1004,equipment,11768869,construction,,617567,Non-Critical,07/27/2026,08/28/2026,Stulz,company,68568,477946,Mechanical,19068,Construction,228270,Closed,"6121, Line 16",checklist,711773734,Tyler Beaver,07/13/2026,2026-10-07T22:41:40.554167+00:00
40875,5958676,CHK-6118-1,"EDCKUL21CRAA0904
Location: DH4 Mech Corridor

Issue:
Door can't be closed fully",EDCKUL21CRAA0904,equipment,11768868,construction,,617567,Non-Critical,07/27/2026,09/03/2026,Stulz,company,68568,477946,Mechanical,19068,Construction,228270,Closed,"6118, Line 16",checklist,711773591,Tyler Beaver,07/13/2026,2026-10-07T22:41:40.554167+00:00
40875,5958668,CHK-6085-1,"EDCKUL21CRAA0304
Location: DH4 Mech Corridor

Issue:
Water seems to be left in CHWR pipe (maybe from factory testing). Clear out water and clean rust around affected area",EDCKUL21CRAA0304,equipment,11768862,construction,,617567,Non-Critical,07/27/2026,09/03/2026,Stulz,company,68568,477946,Mechanical,19068,Construction,228270,Closed,"6085, Line 16",checklist,711772018,Tyler Beaver,07/13/2026,2026-10-07T22:41:40.554167+00:00
40875,5958662,CHK-6073-1,"EDCKUL21CRAA0104
Location: DH4 Mech Corridor

Issue:
1) Missing bolt at connecting bracket
2) Washer free moving/bolt not fastened to torque value
3) No torque marking at connecting bracket bolts",EDCKUL21CRAA0104,equipment,11768860,construction,,617567,Non-Critical,07/27/2026,,Stulz,company,68568,477946,Mechanical,19068,Construction,228267,Open,"6073, Line 15",checklist,711771445,Tyler Beaver,07/13/2026,2026-10-07T22:41:40.554167+00:00
40875,5955951,FO-6-7,UPSBZ110 & UPSBZ210 to MSB110 - Incomplete earthing cabling work for all cable sets,ELECTRICAL ROOM BZ,space,2975248,construction,,617565,Critical,07/18/2026,,Muhammad Huzairy Hassan,person,255932,477939,Electrical,19068,Construction,228267,Open,6,fieldobservation,282468,Muhammad Huzairy Hassan,07/11/2026,2026-10-07T22:41:40.554167+00:00
40875,5936522,CHK-4428-5,"EDCKUL21EPPBH410
Location: BH Elect room

Issue
pending completion work for outgoing cable to BMP00108",EDCKUL21EPPBH410,equipment,8742771,construction,,617567,Non-Critical,07/22/2026,07/30/2026,Promatrix DCS,company,68571,477939,Electrical,19068,Construction,228270,Closed,"4428, Line 25",checklist,448942061,Tarmizi Isa,07/08/2026,2026-10-07T22:41:40.554167+00:00
40875,5936518,CHK-4428-4,"EDCKUL21EPPBH410
Location: BH Elect room

Issue
pending completion work for outgoing cable to BMP00107",EDCKUL21EPPBH410,equipment,8742771,construction,,617567,Non-Critical,07/22/2026,07/30/2026,Promatrix DCS,company,68571,477939,Electrical,19068,Construction,228270,Closed,"4428, Line 25",checklist,448942061,Tarmizi Isa,07/08/2026,2026-10-07T22:41:40.554167+00:00
40875,5936514,CHK-4428-3,"EDCKUL21EPPBH410
Location: BH Elect room

Issue
pending completion work for outgoing cable to BMP00106",EDCKUL21EPPBH410,equipment,8742771,construction,,617567,Non-Critical,07/22/2026,07/30/2026,Promatrix DCS,company,68571,477939,Electrical,19068,Construction,228270,Closed,"4428, Line 25",checklist,448942061,Tarmizi Isa,07/08/2026,2026-10-07T22:41:40.554167+00:00
40875,5925083,CHK-7249-2,"EDCKUL21UPSBZ310
Location: Electrical room BZ

Issue: Missing cover plate",EDCKUL21UPSBZ310,equipment,11768924,construction,,617565,Critical,07/20/2026,07/23/2026,Alif Aizat,person,253801,477939,Electrical,,,228270,Closed,"7249, Line 14",checklist,847860919,Alif Aizat,07/06/2026,2026-10-07T22:41:40.554167+00:00
40875,5925082,CHK-7246-2,"EDCKUL21UPSBH310
Location: Electrical room BH

Issue: Missing cover plate",EDCKUL21UPSBH310,equipment,11768923,construction,,617565,Critical,07/20/2026,07/27/2026,Eaton ,company,41688,477939,Electrical,,,228270,Closed,"7246, Line 14",checklist,847860770,Alif Aizat,07/06/2026,2026-10-07T22:41:40.554167+00:00
40875,5925079,CHK-7243-2,"EDCKUL21UPSBF310
Location: Electrical room BF

Issue: Missing cover plate",EDCKUL21UPSBF310,equipment,11768921,construction,,617565,Critical,07/20/2026,07/27/2026,Eaton ,company,41688,477939,Electrical,,,228270,Closed,"7243, Line 14",checklist,847860620,Alif Aizat,07/06/2026,2026-10-07T22:41:40.554167+00:00
40875,5925074,CHK-7240-2,"EDCKUL21UPSBE310
Location: Electrical room BE

Issue: Missing cover plate",EDCKUL21UPSBE310,equipment,11768920,construction,,617565,Critical,07/20/2026,07/27/2026,Eaton ,company,41688,477939,Electrical,,,228270,Closed,"7240, Line 14",checklist,847860462,Alif Aizat,07/06/2026,2026-10-07T22:41:40.554167+00:00
40875,5925072,CHK-7237-2,"EDCKUL21UPSBD310
Location: Electrical room BD

Issue: Missing cover plate",EDCKUL21UPSBD310,equipment,11768919,construction,,617565,Critical,07/20/2026,07/27/2026,Eaton ,company,41688,477939,Electrical,,,228270,Closed,"7237, Line 14",checklist,847860310,Alif Aizat,07/06/2026,2026-10-07T22:41:40.554167+00:00
40875,5925069,CHK-7234-2,"EDCKUL21UPSAC310
Location: Electrical room BC
Issue: Missing cover plate",EDCKUL21UPSBC310,equipment,11768918,construction,,617565,Critical,07/20/2026,07/27/2026,Eaton ,company,41688,477939,Electrical,,,228270,Closed,"7234, Line 14",checklist,847860165,Alif Aizat,07/06/2026,2026-10-07T22:41:40.554167+00:00
40875,5925047,CHK-7231-2,"EDCKUL21UPSBB310
Location: Electrical room BB

Issue: Missing cover plate",EDCKUL21UPSBB310,equipment,11768917,construction,,617565,Critical,07/20/2026,07/27/2026,Eaton ,company,41688,477939,Electrical,,,228270,Closed,"7231, Line 14",checklist,847860018,Alif Aizat,07/06/2026,2026-10-07T22:41:40.554167+00:00
40875,5925044,CHK-7228-2,"EDCKUL21UPSBA310
Location: Electrical room BA

Issue: Missing cover plate",EDCKUL21UPSBA310,equipment,11768916,construction,,617565,Critical,07/20/2026,07/27/2026,Eaton ,company,41688,477939,Electrical,,,228270,Closed,"7228, Line 14",checklist,847859872,Alif Aizat,07/06/2026,2026-10-07T22:41:40.554167+00:00
40875,5921986,FO-6-6,Pending cable containment  completion - LIB Panels,ELECTRICAL ROOM BZ,space,2975248,construction,,617567,Non-Critical,07/10/2026,,Eaton ,company,41688,477939,Electrical,19068,Construction,228267,Open,6,fieldobservation,282468,Muhammad Huzairy Hassan,07/03/2026,2026-10-07T22:41:40.554167+00:00
40875,5921976,FO-6-5,Observe required to install protection for edge of panel until door stopper is installed - LIB Panel. Also applied to ER BD & BF,ELECTRICAL ROOM BE,space,2975245,construction,,617567,Non-Critical,07/10/2026,,Eaton ,company,41688,477939,Electrical,19068,Construction,228267,Open,6,fieldobservation,282468,Muhammad Huzairy Hassan,07/03/2026,2026-10-07T22:41:40.554167+00:00
40875,5901879,FO-7-1,Panel 5 - Incomplete conduit work. Wobbly and not fixed to panel body,EDCKUL21MBCBZ210,equipment,11769020,construction,,617567,Non-Critical,07/07/2026,,Promatrix DCS,company,68571,477942,Controls,19068,Construction,228267,Open,7,fieldobservation,283740,Muhammad Huzairy Hassan,06/30/2026,2026-10-07T22:41:40.554167+00:00
40875,5901682,CHK-7214-1,"EDCKUL21DPPBZ310
Location: BZ elect room

Issue
Please confirm the quantity of outgoing 6A MCBs. There are currently 10 outgoing breakers for 5 battery racks. As one additional battery rack will be added, the total required should be 12 breakers.",EDCKUL21DPPBZ310,equipment,8742758,construction,,617565,Critical,07/14/2026,09/07/2026,Eaton ,company,41688,477939,Electrical,19068,Construction,228270,Closed,"7214, Line 12",checklist,835867293,Tarmizi Isa,06/30/2026,2026-10-07T22:41:40.554167+00:00
40875,5901189,CHK-7246-1,"EDCKUL21UPSBH310
Location: Electrical room BH

Issue: Pending FAT reports",EDCKUL21UPSBH310,equipment,11768923,construction,,617567,Non-Critical,07/14/2026,07/07/2026,Eaton ,company,41688,477939,Electrical,,,228270,Closed,"7246, Line 9",checklist,847860764,Alif Aizat,06/30/2026,2026-10-07T22:41:40.554167+00:00
40875,5894860,CHK-7121-1,"EDCKUL21EXF02900
Location: Battery Room BH

Issue:
Installation of fan panel to be completed.",EDCKUL21EXF02900,equipment,12549372,construction,,617567,Non-Critical,07/13/2026,10/02/2026,Promatrix DCS,company,68571,477939,Electrical,19068,Construction,228270,Closed,"7121, Line 14",checklist,780974056,Nadhirah Mazlan,06/29/2026,2026-10-07T22:41:40.554167+00:00
40875,5894859,CHK-7115-1,"EDCKUL21EXF02000
Location: Battery Room BF

Issue:
Installation of fan panel to be completed.",EDCKUL21EXF02000,equipment,12549375,construction,,617567,Non-Critical,07/13/2026,08/14/2026,Promatrix DCS,company,68571,477939,Electrical,19068,Construction,228270,Closed,"7115, Line 14",checklist,780973782,Nadhirah Mazlan,06/29/2026,2026-10-07T22:41:40.554167+00:00
40875,5894857,CHK-7112-1,"EDCKUL21EXF01900
Location: Battery Room BE

Issue:
Installation of fan panel to be completed.",EDCKUL21EXF01900,equipment,12549374,construction,,617567,Non-Critical,07/13/2026,08/14/2026,Promatrix DCS,company,68571,477939,Electrical,19068,Construction,228270,Closed,"7112, Line 14",checklist,780973645,Nadhirah Mazlan,06/29/2026,2026-10-07T22:41:40.554167+00:00
40875,5886903,CHK-7249-1,"EDCKUL21UPSBZ310
Location: Electrical room BZ

Issue: Pending FAT reports",EDCKUL21UPSBZ310,equipment,11768924,construction,,617567,Non-Critical,07/10/2026,07/07/2026,Eaton ,company,41688,477939,Electrical,,,228270,Closed,"7249, Line 9",checklist,847860912,Alif Aizat,06/26/2026,2026-10-07T22:41:40.554167+00:00
40875,5886893,CHK-7243-1,"EDCKUL21UPSBF310
Location: Electrical room BF

Issue: Pending FAT reports",EDCKUL21UPSBF310,equipment,11768921,construction,,617567,Non-Critical,07/10/2026,07/07/2026,Eaton ,company,41688,477939,Electrical,,,228270,Closed,"7243, Line 9",checklist,847860608,Alif Aizat,06/26/2026,2026-10-07T22:41:40.554167+00:00
40875,5886882,CHK-7240-1,"EDCKUL21UPSBE310
Location: Electrical room BE

Issue: Pending FAT reports",EDCKUL21UPSBE310,equipment,11768920,construction,,617567,Non-Critical,07/10/2026,07/07/2026,Eaton ,company,41688,477939,Electrical,,,228270,Closed,"7240, Line 9",checklist,847860456,Alif Aizat,06/26/2026,2026-10-07T22:41:40.554167+00:00
40875,5886862,CHK-7237-1,"EDCKUL21UPSBD310
Location: Electrical room BD

Issue: Pending FAT reports",EDCKUL21UPSBD310,equipment,11768919,construction,,617567,Non-Critical,07/10/2026,07/07/2026,Eaton ,company,41688,477939,Electrical,,,228270,Closed,"7237, Line 9",checklist,847860304,Alif Aizat,06/26/2026,2026-10-07T22:41:40.554167+00:00
40875,5886858,CHK-7234-1,"EDCKUL21UPSBC310
Location: Electrical room BC

Issue: Pending FAT reports",EDCKUL21UPSBC310,equipment,11768918,construction,,617567,Non-Critical,07/10/2026,07/07/2026,Eaton ,company,41688,477939,Electrical,,,228270,Closed,"7234, Line 9",checklist,847860159,Alif Aizat,06/26/2026,2026-10-07T22:41:40.554167+00:00
40875,5886852,CHK-7231-1,"EDCKUL21UPSBB310
Location: Electrical room BB

Issue: Pending FAT reports",EDCKUL21UPSBB310,equipment,11768917,construction,,617567,Non-Critical,07/10/2026,07/07/2026,Eaton ,company,41688,477939,Electrical,,,228270,Closed,"7231, Line 9",checklist,847860012,Alif Aizat,06/26/2026,2026-10-07T22:41:40.554167+00:00
40875,5886830,CHK-7228-1,"EDCKUL21UPSBA310
Location: Electrical room BA

Issue: Pending FAT reports",EDCKUL21UPSBA310,equipment,11768916,construction,,617567,Non-Critical,07/10/2026,07/07/2026,Eaton ,company,41688,477939,Electrical,,,228270,Closed,"7228, Line 9",checklist,847859865,Alif Aizat,06/26/2026,2026-10-07T22:41:40.554167+00:00
40875,5886327,CHK-7109-1,"EDCKUL21EXF01800
Location: Battery Room BD

Issue:
Installation of fan panel to be completed.",EDCKUL21EXF01800,equipment,12549373,construction,,617567,Non-Critical,07/10/2026,08/14/2026,Promatrix DCS,company,68571,477939,Electrical,19068,Construction,228270,Closed,"7109, Line 14",checklist,780973508,Nadhirah Mazlan,06/26/2026,2026-10-07T22:41:40.554167+00:00
40875,5886304,CHK-7106-1,"EDCKUL21EXF01700
Location: Battery Room BC

Issue:
Installation of fan panel to be completed.",EDCKUL21EXF01700,equipment,12549371,construction,,617567,Non-Critical,07/10/2026,08/14/2026,Promatrix DCS,company,68571,477939,Electrical,19068,Construction,228270,Closed,"7106, Line 14",checklist,780973371,Nadhirah Mazlan,06/26/2026,2026-10-07T22:41:40.554167+00:00
40875,5886299,CHK-7103-1,"EDCKUL21EXF01600
Location: Battery Room BB

Issue:
Installation of fan panel to be completed.",EDCKUL21EXF01600,equipment,12549370,construction,,617567,Non-Critical,07/10/2026,08/14/2026,Promatrix DCS,company,68571,477939,Electrical,19068,Construction,228270,Closed,"7103, Line 14",checklist,780973234,Nadhirah Mazlan,06/26/2026,2026-10-07T22:41:40.554167+00:00
40875,5886290,CHK-7100-1,"EDCKUL21EXF01500
Location: Battery Room BA

Issue:
Installation of fan panel to be completed.",EDCKUL21EXF01500,equipment,12549369,construction,,617567,Non-Critical,07/10/2026,08/14/2026,Promatrix DCS,company,68571,477939,Electrical,19068,Construction,228270,Closed,"7100, Line 14",checklist,780973097,Nadhirah Mazlan,06/26/2026,2026-10-07T22:41:40.554167+00:00
40875,5886248,FO-6-4,"UPS 210 to MBCBC110 Compartment 8 and 9
Containment work (700mm x 50mm)
- Cabling proceeded without containment inspection. 
- Additional tangging and endcap to be add where appropriate. 
- gland plate to remove protective film.

UPS 110 to MSBBC110 Compartment 11 and 12
Containment work (700mm x 50mm)
Additional tagging to add where appropriate.",ELECTRICAL ROOM BC,space,2975243,construction,,617567,Non-Critical,07/03/2026,,Muhammad Huzairy Hassan,person,255932,477939,Electrical,19068,Construction,228267,Open,6,fieldobservation,282468,Muhammad Huzairy Hassan,06/26/2026,2026-10-07T22:41:40.554167+00:00
40875,5886188,FO-6-3,"UPS 210 to MBCBB110 Compartment 8 and 9
Containment work (700mm x 50mm)
- Cabling proceeded without containment inspection. 
- Additional tangging and endcap to be add where appropriate. 
- gland plate to remove protective film.

UPS 110 to MSBBB110 Compartment 11 and 12
Containment work (700mm x 50mm)
- Cabling proceeded without containment inspection.",ELECTRICAL ROOM BB,space,2975242,construction,,617567,Non-Critical,07/03/2026,,Muhammad Huzairy Hassan,person,255932,477939,Electrical,19068,Construction,228267,Open,6,fieldobservation,282468,Muhammad Huzairy Hassan,06/26/2026,2026-10-07T22:41:40.554167+00:00
40875,5886158,FO-6-2,"UPS 210 to MBCBA110 Compartment 8 and 9
Containment work (700mm x 50mm)
- Cabling proceeded without containment inspection. 
- gland plate to remove protective film.

UPS 110 to MSBBA110 Compartment 11 and 12
Containment work (700mm x 50mm)
- Cabling proceeded without containment inspection. 
",ELECTRICAL ROOM BA,space,2975241,construction,,617567,Non-Critical,07/03/2026,,Muhammad Huzairy Hassan,person,255932,477939,Electrical,19068,Construction,228267,Open,6,fieldobservation,282468,Muhammad Huzairy Hassan,06/26/2026,2026-10-07T22:41:40.554167+00:00
40875,5879641,FO-6-1,"LV Cabling and Contaiment Work for Electrical Lines to RPP.

- Pending completion of grey, yellow and purple line, 
- Incomplete installation of junction fittings for all lines (yellow, purple and grey).",DATA HALL 4,space,2975231,construction,SD-EL-P2-0521,617565,Critical,07/02/2026,,Muhammad Huzairy Hassan,person,255932,477939,Electrical,19068,Construction,228267,Open,6,fieldobservation,282468,Muhammad Huzairy Hassan,06/25/2026,2026-10-07T22:41:40.554167+00:00
40875,5871536,CHK-5809-2,"EDCKUL21MCC00100
Location: FCC Room

Issue:
Drawing indicated Back Up Battery beneath the control panel;,however, onsite installation does not have this.",EDCKUL21MCC00100,equipment,10016398,construction,,617567,Non-Critical,07/08/2026,09/03/2026,Promatrix DCS,company,68571,477946,Mechanical,19068,Construction,228270,Closed,"5809, Line 13",checklist,539971614,Nadhirah Mazlan,06/24/2026,2026-10-07T22:41:40.554167+00:00
40875,5870641,FO-5-4,"Cable tray 200mm x 50mm FROM New UPS to EDCKUL21MBCBC210 Compartment 4.
- Cabling observed proceeded without containment inspection. 
- Tray tagging pending
- Vertical tray into compartment pending.",ELECTRICAL ROOM BC,space,2975243,construction,,617567,Non-Critical,06/30/2026,,Muhammad Huzairy Hassan,person,255932,477939,Electrical,19068,Construction,228267,Open,5,fieldobservation,282067,Muhammad Huzairy Hassan,06/24/2026,2026-10-07T22:41:40.554167+00:00
40875,5870640,FO-5-3,"Cable tray 200mm x 50mm FROM New UPS to EDCKUL21MBCBB210 Compartment 4.
- Tray tagging pending
- Vertical tray into compartment pending.
- Cabling work observed to proceed without containment inspection.",ELECTRICAL ROOM BB,space,2975242,construction,,617567,Non-Critical,06/30/2026,,Muhammad Huzairy Hassan,person,255932,477939,Electrical,19068,Construction,228267,Open,5,fieldobservation,282067,Muhammad Huzairy Hassan,06/24/2026,2026-10-07T22:41:40.554167+00:00
40875,5870639,FO-5-2,"Cable tray 200mm x 50mm FROM New UPS to EDCKUL21MBCBA210 Compartment 4.
- Tray tagging pending
- Vertical tray into compartment pending.",ELECTRICAL ROOM BA,space,2975241,construction,,617567,Non-Critical,06/30/2026,,Muhammad Huzairy Hassan,person,255932,477939,Electrical,19068,Construction,228267,Open,5,fieldobservation,282067,Muhammad Huzairy Hassan,06/24/2026,2026-10-07T22:41:40.554167+00:00
40875,5870638,FO-5-1,"Cable tray 200mm x 50mm FROM New UPS to EDCKUL21MBCBD210 Compartment 4.
- Tray tagging pending
- Vertical tray into compartment pending.",ELECTRICAL ROOM BD,space,2975244,construction,,617567,Non-Critical,06/30/2026,,Muhammad Huzairy Hassan,person,255932,477939,Electrical,19068,Construction,228267,Open,5,fieldobservation,282067,Muhammad Huzairy Hassan,06/24/2026,2026-10-07T22:41:40.554167+00:00
40875,5870637,FO-4-2,"Cable tray 200mm x 50mm FROM New UPS to EDCKUL21MBCBD210 Compartment 4.
- Tray tagging pending
- Vertical tray into compartment pending.",ELECTRICAL ROOM BE,space,2975245,construction,,617567,Non-Critical,06/30/2026,,Muhammad Huzairy Hassan,person,255932,477939,Electrical,19068,Construction,228267,Open,4,fieldobservation,282066,Muhammad Huzairy Hassan,06/24/2026,2026-10-07T22:41:40.554167+00:00
40875,5870636,FO-4-1,"Cable tray 200mm x 50mm FROM New UPS to EDCKUL21MBCBF210 Compartment 4.
- Tray tagging pending
- Vertical tray into compartment pending. ",ELECTRICAL ROOM BF,space,2975246,construction,,617567,Non-Critical,06/30/2026,,Muhammad Huzairy Hassan,person,255932,477939,Electrical,19068,Construction,228267,Open,4,fieldobservation,282066,Muhammad Huzairy Hassan,06/24/2026,2026-10-07T22:41:40.554167+00:00
40875,5870635,FO-3-1,"EDCKUL21DSGBE110

Terminal block observed undersize. Tight cable management. Suggest to change.",KUL21 Fire Prevention System,system,466715,construction,,617565,Critical,06/30/2026,,Promatrix DCS,company,68571,477942,Controls,19068,Construction,228267,Open,3,fieldobservation,282065,Muhammad Huzairy Hassan,06/24/2026,2026-10-07T22:41:40.554167+00:00
40875,5870634,FO-2-1,"EDCKUL21DSGBF110

Terminal blocks for fireman switch cables are undersized. Tight cable management. Suggest to change.",KUL21 LV System,system,466720,construction,,617565,Critical,06/30/2026,,Promatrix DCS,company,68571,477942,Controls,19068,Construction,228267,Open,2,fieldobservation,282064,Muhammad Huzairy Hassan,06/24/2026,2026-10-07T22:41:40.554167+00:00
40875,5863739,CHK-6151-1,"EDCKUL21CRAA3400
Location: STS ROOM BD

Issue:
To rectify paint scratches.",EDCKUL21CRAA3400,equipment,11768879,construction,,617567,Non-Critical,07/07/2026,,Stulz,company,68568,477946,Mechanical,19068,Construction,228267,Open,"6151, Line 16",checklist,711775164,Nadhirah Mazlan,06/23/2026,2026-10-07T22:41:40.554167+00:00
40875,5863148,CHK-6148-1,"EDCKUL21CRAA3300
Location: STS Room BD

Issue: 
To rectify paint scratches.",EDCKUL21CRAA3300,equipment,11768878,construction,,617567,Non-Critical,07/07/2026,,Stulz,company,68568,477946,Mechanical,19068,Construction,228267,Open,"6148, Line 16",checklist,711775021,Nadhirah Mazlan,06/23/2026,2026-10-07T22:41:40.554167+00:00
40875,5857237,CHK-6184-1,"EDKUL21CRAA4500
Location: STS Room BB

Issue:
1) Bolt at lifting lug damaged. To rectify/replace",EDCKUL21CRAA4500,equipment,11768890,construction,,617567,Non-Critical,07/06/2026,,Stulz,company,68568,477946,Mechanical,19068,Construction,228267,Open,"6184, Line 16",checklist,711776737,Nadhirah Mazlan,06/22/2026,2026-10-07T22:41:40.554167+00:00
40875,5849216,CHK-5809-1,"EDCKUL21MCC00100
Location: FCC Room

Issue:
1) Panel door slanted and causing improper door opening/closing
2) To rectify gaps at HMI and door panel",EDCKUL21MCC00100,equipment,10016398,construction,,617567,Non-Critical,07/03/2026,09/03/2026,Promatrix DCS,company,68571,477939,Electrical,19068,Construction,228270,Closed,"5809, Line 15",checklist,539971616,Nadhirah Mazlan,06/19/2026,2026-10-07T22:41:40.554167+00:00
40875,5841652,CHK-4463-3,"EDCKUL21GSBBZ110
Location: Generator room BZ

Issue: Earthing cable does not dress and install properly",EDCKUL21GSBBZ110,equipment,8742805,construction,,617565,Critical,07/02/2026,07/27/2026,Promatrix DCS,company,68571,477939,Electrical,,,228270,Closed,"4463, Line 25",checklist,448944196,Alif Aizat,06/18/2026,2026-10-07T22:41:40.554167+00:00
40875,5841408,CHK-6564-2,"EDCKUL21ACS005D0 (SOC Storage)
EDCKUL21ACS00590 (Staging & Deconstruction)
EDCKUL21ACS00560 (SOC Room)
EDCKUL21ACS00540 (Waiting Lobby)
EDCKUL21ACS00530 (Corridor)
EDCKUL21ACS00510 (Freight Lift Lobby)
EDCKUL21ACS005C0 (Asset Mgmt)
EDCKUL21ACS005B0 (Meeting Room)
EDCKUL21ACS005A0 (Staging & Deconstruction)

Issue:
1) Asset ID for unit tagging to be installed",EDCKUL21ACS005D0,equipment,11769033,construction,,617567,Non-Critical,07/02/2026,,Promatrix DCS,company,68571,477946,Mechanical,19068,Construction,228267,Open,"6564, Line 20",checklist,711826129,Nadhirah Mazlan,06/18/2026,2026-10-07T22:41:40.554167+00:00
40875,5826103,CHK-4463-2,"EDCKUL21GSBBZ110
Location: Generator room BZ

Issue
1.Pending arc flash sticker",EDCKUL21GSBBZ110,equipment,8742805,construction,,617567,Non-Critical,06/30/2026,06/30/2026,Sime Darby Industrial,company,68570,477939,Electrical,,,228270,Closed,"4463, Line 24",checklist,448944195,Alif Aizat,06/16/2026,2026-10-07T22:41:40.554167+00:00
40875,5826044,CHK-4462-4,"EDCKUL21GSBBH110
Location: Genset room BH

Issue
1.Pending arc flash sticker",EDCKUL21GSBBH110,equipment,8742806,construction,,617567,Non-Critical,06/30/2026,06/30/2026,Sime Darby Industrial,company,68570,477939,Electrical,,,228270,Closed,"4462, Line 24",checklist,448944134,Alif Aizat,06/16/2026,2026-10-07T22:41:40.554167+00:00
40875,5826003,CHK-4463-1,"EDCKUL21GSBBZ110
Location: Generator room BZ

Issue: Pending fireman switch installation",EDCKUL21GSBBZ110,equipment,8742805,construction,,617565,Critical,06/30/2026,07/01/2026,Promatrix DCS,company,68571,477939,Electrical,,,228270,Closed,"4463, Line 25",checklist,448944196,Alif Aizat,06/16/2026,2026-10-07T22:41:40.554167+00:00
40875,5825932,CHK-4460-2,"EDCKUL21GSBBE110
Location: Generator room BE

Issue: Pending fireman switch installation",EDCKUL21GSBBE110,equipment,8742803,construction,,617565,Critical,06/30/2026,07/01/2026,Promatrix DCS,company,68571,477939,Electrical,,,228270,Closed,"4460, Line 25",checklist,448944013,Alif Aizat,06/16/2026,2026-10-07T22:41:40.554167+00:00
40875,5825916,CHK-4461-2,"EDCKUL21GSBBF110
Location: Gen room BF

Issue: Pending fireman switch installation",EDCKUL21GSBBF110,equipment,8742804,construction,,617565,Critical,06/30/2026,07/01/2026,Promatrix DCS,company,68571,477939,Electrical,,,228270,Closed,"4461, Line 25",checklist,448944074,Alif Aizat,06/16/2026,2026-10-07T22:41:40.554167+00:00
40875,5825911,CHK-4461-1,"EDCKUL21GSBBF110
Location: Genset room BF

Issue
1.Pending arc flash sticker",EDCKUL21GSBBF110,equipment,8742804,construction,,617567,Non-Critical,06/30/2026,06/30/2026,Sime Darby Industrial,company,68570,477939,Electrical,,,228270,Closed,"4461, Line 24",checklist,448944073,Alif Aizat,06/16/2026,2026-10-07T22:41:40.554167+00:00
40875,5813062,CHK-4460-1,"EDCKUL21GSBBE110
Location: Genset room BE

Issue
1.Pending arc flash sticker",EDCKUL21GSBBE110,equipment,8742803,construction,,617567,Non-Critical,06/26/2026,06/30/2026,Sime Darby Industrial,company,68570,477939,Electrical,,,228270,Closed,"4460, Line 24",checklist,448944012,Alif Aizat,06/12/2026,2026-10-07T22:41:40.554167+00:00
40875,5813005,CHK-4459-1,"EDCKUL21GSBBD110
Location: Genset room BD

Issue
1.Pending arc flash sticker",EDCKUL21GSBBD110,equipment,8742802,construction,,617567,Non-Critical,06/26/2026,06/30/2026,Sime Darby Industrial,company,68570,477939,Electrical,,,228270,Closed,"4459, Line 24",checklist,448943951,Alif Aizat,06/12/2026,2026-10-07T22:41:40.554167+00:00
40875,5813000,CHK-4458-4,"EDCKUL21GSBBC110
Location: Genset room BC

Issue
1.Pending arc flash sticker",EDCKUL21GSBBC110,equipment,8742801,construction,,617567,Non-Critical,06/26/2026,06/30/2026,Sime Darby Industrial,company,68570,477939,Electrical,,,228270,Closed,"4458, Line 24",checklist,448943890,Alif Aizat,06/12/2026,2026-10-07T22:41:40.554167+00:00
40875,5812989,CHK-4457-6,"EDCKUL21GSBBB110
Location: Genset room BB

Issue
1.Pending arc flash sticker",EDCKUL21GSBBB110,equipment,8742800,construction,,617567,Non-Critical,06/26/2026,06/30/2026,Sime Darby Industrial,company,68570,477939,Electrical,,,228270,Closed,"4457, Line 24",checklist,448943829,Alif Aizat,06/12/2026,2026-10-07T22:41:40.554167+00:00
40875,5805749,CHK-4511-2,"EDCKUL21MVSB0110
Location: MVSB room

Issue: The display relay protection striped",EDCKUL21MVSB0120,equipment,8912308,construction,,617565,Critical,06/25/2026,09/11/2026,Siemens Malaysia,company,69030,477939,Electrical,,,228270,Closed,"4511, Line 31",checklist,448947130,Alif Aizat,06/11/2026,2026-10-07T22:41:40.554167+00:00
40875,5800072,CHK-4509-7,"EDCKUL21MSBZ110
Location: BZ Elect Room

Issue
Pending update of feeder breaker labels (FB-x) on the panel compartment.",EDCKUL21MSBBZ110,equipment,8742846,construction,,617565,Critical,06/24/2026,07/29/2026,Powerwell,company,68459,477939,Electrical,19068,Construction,228270,Closed,"4509, Line 21",checklist,448946998,Tarmizi Isa,06/10/2026,2026-10-07T22:41:40.554167+00:00
40875,5800070,CHK-4506-7,"EDCKUL21MSBH110
Location: BH Elect Room

Issue
Pending update of feeder breaker labels (FB-x) on the panel compartment.",EDCKUL21MSBBH110,equipment,8742843,construction,,617565,Critical,06/24/2026,09/01/2026,Powerwell,company,68459,477939,Electrical,19068,Construction,228270,Closed,"4506, Line 21",checklist,448946815,Tarmizi Isa,06/10/2026,2026-10-07T22:41:40.554167+00:00
40875,5800066,CHK-4505-7,"EDCKUL21MSBF110
Location: BF Elect Room

Issue
Pending update of feeder breaker labels (FB-x) on the panel compartment.",EDCKUL21MSBBF110,equipment,8742842,construction,,617565,Critical,06/24/2026,07/29/2026,Powerwell,company,68459,477939,Electrical,19068,Construction,228270,Closed,"4505, Line 21",checklist,448946754,Tarmizi Isa,06/10/2026,2026-10-07T22:41:40.554167+00:00
40875,5800062,CHK-4504-7,"EDCKUL21MSBE110
Location: BE Elect Room

Issue
Pending update of feeder breaker labels (FB-x) on the panel compartment.",EDCKUL21MSBBE110,equipment,8742841,construction,,617565,Critical,06/24/2026,08/20/2026,Powerwell,company,68459,477939,Electrical,19068,Construction,228270,Closed,"4504, Line 21",checklist,448946693,Tarmizi Isa,06/10/2026,2026-10-07T22:41:40.554167+00:00
40875,5800057,CHK-4503-7,"EDCKUL21MSBD110
Location: BD Elect Room

Issue
Pending update of feeder breaker labels (FB-x) on the panel compartment.",EDCKUL21MSBBD110,equipment,8742840,construction,,617565,Critical,06/24/2026,08/20/2026,Powerwell,company,68459,477939,Electrical,19068,Construction,228270,Closed,"4503, Line 21",checklist,448946632,Tarmizi Isa,06/10/2026,2026-10-07T22:41:40.554167+00:00
40875,5800044,CHK-4502-11,"EDCKUL21MSBC110
Location: BC Elect Room

Issue
Pending update of feeder breaker labels (FB-x) on the panel compartment.",EDCKUL21MSBBC110,equipment,8742839,construction,,617565,Critical,06/24/2026,08/03/2026,Powerwell,company,68459,477939,Electrical,,,228270,Closed,"4502, Line 21",checklist,448946571,Tarmizi Isa,06/10/2026,2026-10-07T22:41:40.554167+00:00
40875,5800031,CHK-4501-10,"EDCKUL21MSBB110
Location: BB Elect Room

Issue
Pending update of feeder breaker labels (FB-x) on the panel compartment.",EDCKUL21MSBBB110,equipment,8742838,construction,,617565,Critical,06/24/2026,09/01/2026,Powerwell,company,68459,477939,Electrical,19068,Construction,228270,Closed,"4501, Line 21",checklist,448946510,Tarmizi Isa,06/10/2026,2026-10-07T22:41:40.554167+00:00
40875,5800026,CHK-4500-11,"EDCKUL21MSBA110
Location: BA Elect Room

Issue
Pending update of feeder breaker labels (FB-x) on the panel.",EDCKUL21MSBBA110,equipment,8742837,construction,,617565,Critical,06/24/2026,08/05/2026,Powerwell,company,68459,477939,Electrical,19068,Construction,228270,Closed,"4500, Line 21",checklist,448946449,Tarmizi Isa,06/10/2026,2026-10-07T22:41:40.554167+00:00
40875,5792547,CHK-4213-4,"EDCKUL21BMPBH100
Location: BH Elect room

Issue
Pending IO cable feed to MDPBHK10",EDCKUL21BMPBH100,equipment,8743366,construction,,617565,Critical,06/23/2026,,Promatrix DCS,company,68571,477939,Electrical,19068,Construction,228267,Open,"4213, Line 29",checklist,448928950,Tarmizi Isa,06/09/2026,2026-10-07T22:41:40.554167+00:00
40875,5792546,CHK-4213-3,"EDCKUL21BMPBH100
Location: BH Elect room

Issue
Pending IO cable feed to MDPBHI10",EDCKUL21BMPBH100,equipment,8743366,construction,,617565,Critical,06/23/2026,,Promatrix DCS,company,68571,477939,Electrical,19068,Construction,228267,Open,"4213, Line 29",checklist,448928950,Tarmizi Isa,06/09/2026,2026-10-07T22:41:40.554167+00:00
40875,5792544,CHK-4213-2,"EDCKUL21BMPBH100
Location: BH Elect room

Issue
Pending IO cable feed to MBCBH210",EDCKUL21BMPBH100,equipment,8743366,construction,,617565,Critical,06/23/2026,09/30/2026,Promatrix DCS,company,68571,478560,ELV,19068,Construction,228270,Closed,"4213, Line 29",checklist,448928950,Tarmizi Isa,06/09/2026,2026-10-07T22:41:40.554167+00:00
40875,5781070,CHK-4507-7,"EDCKUL21MSBBH210
Location: BH elect Room

Issue
Pending IO cable to MSBBH210 completion",EDCKUL21MSBBH210,equipment,8742844,construction,,617565,Critical,06/19/2026,,Promatrix DCS,company,68571,478560,ELV,19068,Construction,228267,Open,"4507, Line 29",checklist,448946884,Tarmizi Isa,06/05/2026,2026-10-07T22:41:40.554167+00:00
40875,5781062,CHK-4507-6,"EDCKUL21MSBBH210
Location: BH elect Room

Issue
Pending outgoing cable to DPPBHG820 completion",EDCKUL21MSBBH210,equipment,8742844,construction,,617565,Critical,06/19/2026,,Tarmizi Isa,person,256198,477939,Electrical,19068,Construction,228267,Open,"4507, Line 25",checklist,448946880,Tarmizi Isa,06/05/2026,2026-10-07T22:41:40.554167+00:00
40875,5781060,CHK-4507-5,"EDCKUL21MSBBH210
Location: BH elect Room

Issue
Pending outgoing cable to DPPBHE20 (fuel pump panel) completion",EDCKUL21MSBBH210,equipment,8742844,construction,,617565,Critical,06/19/2026,06/25/2026,Promatrix DCS,company,68571,477939,Electrical,19068,Construction,228270,Closed,"4507, Line 25",checklist,448946880,Tarmizi Isa,06/05/2026,2026-10-07T22:41:40.554167+00:00
40875,5781053,CHK-4507-4,"EDCKUL21MSBBH210
Location: BH elect Room

Issue
Pending outgoing cable to DPPBH820 completion",EDCKUL21MSBBH210,equipment,8742844,construction,,617565,Critical,06/19/2026,07/01/2026,Promatrix DCS,company,68571,477939,Electrical,19068,Construction,228270,Closed,"4507, Line 25",checklist,448946880,Tarmizi Isa,06/05/2026,2026-10-07T22:41:40.554167+00:00
40875,5780800,CHK-4213-1,"EDCKUL21BMPBH100
Location: BH elect Room

Issue
Pending water leak detector work completion",EDCKUL21BMPBH100,equipment,8743366,construction,,617565,Critical,06/19/2026,,Promatrix DCS,company,68571,478560,ELV,19068,Construction,228267,Open,"4213, Line 25",checklist,448928946,Tarmizi Isa,06/05/2026,2026-10-07T22:41:40.554167+00:00
40875,5780788,CHK-4214-4,"EDCKUL21BMPBZ100
Location: BZ elect Room

Issue
Pending IO cable to security panel completion",EDCKUL21BMPBZ100,equipment,8743365,construction,,617565,Critical,06/19/2026,,Promatrix DCS,company,68571,478560,ELV,19068,Construction,228267,Open,"4214, Line 25",checklist,448929007,Tarmizi Isa,06/05/2026,2026-10-07T22:41:40.554167+00:00
40875,5780658,CHK-4214-3,"EDCKUL21BMPBZ100
Location: BZ elect Room

Issue
Pending wired temperature and humidity work completion",EDCKUL21BMPBZ100,equipment,8743365,construction,,617565,Critical,06/19/2026,,Promatrix DCS,company,68571,478560,ELV,19068,Construction,228267,Open,"4214, Line 25",checklist,448929007,Tarmizi Isa,06/05/2026,2026-10-07T22:41:40.554167+00:00
40875,5780655,CHK-4214-2,"EDCKUL21BMPBZ100
Location: BZ elect Room

Issue
Pending water leak detector work completion",EDCKUL21BMPBZ100,equipment,8743365,construction,,617565,Critical,06/19/2026,,Promatrix DCS,company,68571,478560,ELV,19068,Construction,228267,Open,"4214, Line 25",checklist,448929007,Tarmizi Isa,06/05/2026,2026-10-07T22:41:40.554167+00:00
40875,5780629,CHK-4212-2,"EDCKUL21BMPBF100
Location: BF elect Room

Issue
Pending water leak detector work completion",EDCKUL21BMPBF100,equipment,8743364,construction,,617565,Critical,06/19/2026,,Promatrix DCS,company,68571,478560,ELV,19068,Construction,228267,Open,"4212, Line 25",checklist,448928885,Tarmizi Isa,06/05/2026,2026-10-07T22:41:40.554167+00:00
40875,5780627,CHK-4211-2,"EDCKUL21BMPBE100
Location: BE elect Room

Issue
Pending water leak detector work completion",EDCKUL21BMPBE100,equipment,8743363,construction,,617565,Critical,06/19/2026,,Promatrix DCS,company,68571,478560,ELV,19068,Construction,228267,Open,"4211, Line 25",checklist,448928824,Tarmizi Isa,06/05/2026,2026-10-07T22:41:40.554167+00:00
40875,5780626,CHK-4210-2,"EDCKUL21BMPBD100
Location: BD elect Room

Issue
Pending water leak detector work completion",EDCKUL21BMPBD100,equipment,8743362,construction,,617565,Critical,06/19/2026,,Promatrix DCS,company,68571,478560,ELV,19068,Construction,228267,Open,"4210, Line 25",checklist,448928763,Tarmizi Isa,06/05/2026,2026-10-07T22:41:40.554167+00:00
40875,5780623,CHK-4209-1,"EDCKUL21BMPBC100
Location: BC elect Room

Issue
Pending water leak detector work completion",EDCKUL21BMPBC100,equipment,8743361,construction,,617565,Critical,06/19/2026,,Promatrix DCS,company,68571,478560,ELV,19068,Construction,228267,Open,"4209, Line 25",checklist,448928702,Tarmizi Isa,06/05/2026,2026-10-07T22:41:40.554167+00:00
40875,5780622,CHK-4208-1,"EDCKUL21BMPBB100
Location: BB elect Room

Issue
Pending water leak detector work completion",EDCKUL21BMPBB100,equipment,8743360,construction,,617565,Critical,06/19/2026,,Promatrix DCS,company,68571,478560,ELV,19068,Construction,228267,Open,"4208, Line 25",checklist,448928641,Tarmizi Isa,06/05/2026,2026-10-07T22:41:40.554167+00:00
40875,5780621,CHK-4207-1,"EDCKUL21BMPBA100
Location: BA elect Room

Issue
Pending water leak detector work completion",EDCKUL21BMPBA100,equipment,8743359,construction,,617565,Critical,06/19/2026,,Promatrix DCS,company,68571,478560,ELV,19068,Construction,228267,Open,"4207, Line 25",checklist,448928580,Tarmizi Isa,06/05/2026,2026-10-07T22:41:40.554167+00:00
40875,5773830,CHK-4424-1,"EDCKUL21DSGBZ110
Location: Tx deck 1F

Issue: Pending fireman switch installation",EDCKUL21DSGBZ110,equipment,8742767,construction,,617565,Critical,06/18/2026,07/27/2026,Siemens Malaysia,company,69030,477939,Electrical,,,228270,Closed,"4424, Line 25",checklist,448941817,Alif Aizat,06/04/2026,2026-10-07T22:41:40.554167+00:00
40875,5773828,CHK-4422-1,"EDCKUL21DSGBF110
Location: Tx deck 1F

Issue: Pending fireman switch installation",EDCKUL21DSGBF110,equipment,8742765,construction,,617565,Critical,06/18/2026,07/27/2026,Siemens Malaysia,company,69030,477939,Electrical,,,228270,Closed,"4422, Line 25",checklist,448941695,Alif Aizat,06/04/2026,2026-10-07T22:41:40.554167+00:00
40875,5773825,CHK-4421-1,"EDCKUL21DSGBE110
Location: Tx deck 1F

Issue: Pending fireman switch installation",EDCKUL21DSGBE110,equipment,8742764,construction,,617565,Critical,06/18/2026,07/27/2026,Siemens Malaysia,company,69030,477939,Electrical,,,228270,Closed,"4421, Line 25",checklist,448941634,Alif Aizat,06/04/2026,2026-10-07T22:41:40.554167+00:00
40875,5773824,CHK-4420-2,"EDCKUL21DSGBD110
Location: Tx deck 1F

Issue: Pending fireman switch installation",EDCKUL21DSGBD110,equipment,8742763,construction,,617565,Critical,06/18/2026,07/27/2026,Siemens Malaysia,company,69030,477939,Electrical,,,228270,Closed,"4420, Line 25",checklist,448941573,Alif Aizat,06/04/2026,2026-10-07T22:41:40.554167+00:00
40875,5773822,CHK-4419-1,"EDCKUL21DSGBC110
Location: Tx deck GF

Issue: Pending fireman switch installation",EDCKUL21DSGBC110,equipment,8742762,construction,,617565,Critical,06/18/2026,07/27/2026,Siemens Malaysia,company,69030,477939,Electrical,,,228270,Closed,"4419, Line 25",checklist,448941512,Alif Aizat,06/04/2026,2026-10-07T22:41:40.554167+00:00
40875,5773821,CHK-4418-2,"EDCKUL21DSGBB110
Location: Tx deck GF

Issue: Pending fireman switch installation",EDCKUL21DSGBB110,equipment,8742761,construction,,617565,Critical,06/18/2026,07/27/2026,Siemens Malaysia,company,69030,477939,Electrical,,,228270,Closed,"4418, Line 25",checklist,448941451,Alif Aizat,06/04/2026,2026-10-07T22:41:40.554167+00:00
40875,5773820,CHK-4417-4,"EDCKUL21DSGBA110
Location: Tx deck GF

Issue: Pending fireman switch installation",EDCKUL21DSGBA110,equipment,8742760,construction,,617565,Critical,06/18/2026,07/27/2026,Siemens Malaysia,company,69030,477939,Electrical,,,228270,Closed,"4417, Line 25",checklist,448941390,Alif Aizat,06/04/2026,2026-10-07T22:41:40.554167+00:00
40875,5773813,CHK-4457-5,"EDCKUL21GSBBB110
Location: Gen room BB

Issue: The busduct flexible link connection at cable box not aligned center",EDCKUL21GSBBB110,equipment,8742800,construction,,617565,Critical,06/18/2026,06/30/2026,Promatrix DCS,company,68571,477939,Electrical,,,228270,Closed,"4457, Line 25",checklist,448943830,Alif Aizat,06/04/2026,2026-10-07T22:41:40.554167+00:00
40875,5773805,CHK-4456-6,"EDCKUL21GSBBA110
Location: Gen room BA

Issue: The busduct flexible link connection at cable box not aligned center",EDCKUL21GSBBA110,equipment,8742799,construction,,617565,Critical,06/18/2026,06/30/2026,Promatrix DCS,company,68571,477939,Electrical,,,228270,Closed,"4456, Line 25",checklist,448943769,Alif Aizat,06/04/2026,2026-10-07T22:41:40.554167+00:00
40875,5766583,CHK-6824-1,"EDCKUL21UDPBF440
Location: STS BF Room

Issue
Pending new nameplate replacement",EDCKUL21UDPBF440,equipment,11769012,construction,,617567,Non-Critical,06/17/2026,06/14/2026,Powerwell,company,68459,477939,Electrical,,,228270,Closed,"6824, Line 11",checklist,770141963,Tarmizi Isa,06/03/2026,2026-10-07T22:41:40.554167+00:00
40875,5766485,CHK-6821-1,"EDCKUL21UDPBF330
Location: STS BF Room

Issue
Pending new nameplate replacement",EDCKUL21UDPBF330,equipment,11769011,construction,,617567,Non-Critical,06/17/2026,06/14/2026,Powerwell,company,68459,477939,Electrical,,,228270,Closed,"6821, Line 11",checklist,770141826,Tarmizi Isa,06/03/2026,2026-10-07T22:41:40.554167+00:00
40875,5766482,CHK-6818-1,"EDCKUL21UDPBF220
Location: STS BF Room

Issue
Pending new nameplate replacement",EDCKUL21UDPBF220,equipment,11769010,construction,,617567,Non-Critical,06/17/2026,06/14/2026,Powerwell,company,68459,477939,Electrical,,,228270,Closed,"6818, Line 11",checklist,770141689,Tarmizi Isa,06/03/2026,2026-10-07T22:41:40.554167+00:00
40875,5766476,CHK-6815-1,"EDCKUL21UDPBF110
Location: STS BF Room

Issue
Pending new nameplate replacement",EDCKUL21UDPBF110,equipment,11769009,construction,,617567,Non-Critical,06/17/2026,06/14/2026,Powerwell,company,68459,477939,Electrical,,,228270,Closed,"6815, Line 11",checklist,770141552,Tarmizi Isa,06/03/2026,2026-10-07T22:41:40.554167+00:00
40875,5762124,CHK-4470-4,"EDCKUL21MBCBH110
Location: BH Elect room

Issue
Pending fireman switch cable completion and termination",EDCKUL21MBCBH110,equipment,8742810,construction,,617565,Critical,06/16/2026,,Promatrix DCS,company,68571,477939,Electrical,,,228267,Open,"4470, Line 25",checklist,448944623,Tarmizi Isa,06/02/2026,2026-10-07T22:41:40.554167+00:00
40875,5762118,CHK-4470-3,"EDCKUL21MBCBH110
Location: BH Elect room

Issue
Pending dismantling of EPPBH610 incoming cable and reinstallation of cable feed from MBCBH210",EDCKUL21MBCBH110,equipment,8742810,construction,,617565,Critical,06/16/2026,09/30/2026,Promatrix DCS,company,68571,477939,Electrical,,,228270,Closed,"4470, Line 25",checklist,448944623,Tarmizi Isa,06/02/2026,2026-10-07T22:41:40.554167+00:00
40875,5762114,CHK-4470-2,"EDCKUL21MBCBH110
Location: BH Elect room

Issue
Pending dismantling of EPPBH410 incoming cable and reinstallation of cable feed from MBCAH210",EDCKUL21MBCBH110,equipment,8742810,construction,,617565,Critical,06/16/2026,09/30/2026,Promatrix DCS,company,68571,477939,Electrical,,,228270,Closed,"4470, Line 25",checklist,448944623,Tarmizi Isa,06/02/2026,2026-10-07T22:41:40.554167+00:00
40875,5760510,CHK-4430-2,"EDCKUL21EPPBH610
Location: AH Elect room

Issue
Pending incoming cable works completion for feed from MBCBH210",EDCKUL21EPPBH610,equipment,8742773,construction,,617565,Critical,06/16/2026,09/30/2026,Promatrix DCS,company,68571,477939,Electrical,19068,Construction,228270,Closed,"4430, Line 25",checklist,448942183,Tarmizi Isa,06/02/2026,2026-10-07T22:41:40.554167+00:00
40875,5760507,CHK-4428-2,"EDCKUL21EPPBH410
Location: BH Elect room

Issue
Pending incoming cable works completion for feed from MBCBH210",EDCKUL21EPPBH410,equipment,8742771,construction,,617565,Critical,06/16/2026,09/30/2026,Promatrix DCS,company,68571,477939,Electrical,19068,Construction,228270,Closed,"4428, Line 25",checklist,448942061,Tarmizi Isa,06/02/2026,2026-10-07T22:41:40.554167+00:00
40875,5760495,CHK-4427-2,"EDCKUL21EPPBH310
Location: MAR room ,GF

Issue
Pending cable works completion for switch socket outlets at NOC room",EDCKUL21EPPBH310,equipment,8742770,construction,,617565,Critical,06/16/2026,10/01/2026,Promatrix DCS,company,68571,477939,Electrical,19068,Construction,228270,Closed,"4427, Line 25",checklist,448942000,Tarmizi Isa,06/02/2026,2026-10-07T22:41:40.554167+00:00
40875,5760484,CHK-4426-2,"EDCKUL21EPPBH210
Location: MAR room ,GF

Issue
Pending cable works completion for switch socket outlets at SOC Room",EDCKUL21EPPBH210,equipment,8742769,construction,,617565,Critical,06/16/2026,10/01/2026,Promatrix DCS,company,68571,477939,Electrical,19068,Construction,228270,Closed,"4426, Line 25",checklist,448941939,Tarmizi Isa,06/02/2026,2026-10-07T22:41:40.554167+00:00
40875,5745022,CHK-4502-10,"EDCKUL21MSBBC110
Location: BC Elect Room

Issue
Pending cable completion and termination works for the feeder to UPSBC310",EDCKUL21MSBBC110,equipment,8742839,construction,,617565,Critical,06/12/2026,09/03/2026,Promatrix DCS,company,68571,477939,Electrical,,,228270,Closed,"4502, Line 25",checklist,448946575,Tarmizi Isa,05/29/2026,2026-10-07T22:41:40.554167+00:00
40875,5745018,CHK-4502-9,"EDCKUL21MSBBC110
Location: BC Elect Room

Issue
Pending cable completion and termination works for the feeder to MBCBC210",EDCKUL21MSBBC110,equipment,8742839,construction,,617565,Critical,06/12/2026,08/03/2026,Promatrix DCS,company,68571,477939,Electrical,19068,Construction,228270,Closed,"4502, Line 25",checklist,448946575,Tarmizi Isa,05/29/2026,2026-10-07T22:41:40.554167+00:00
40875,5745016,CHK-4502-8,"EDCKUL21MSBBC110
Location: BC Elect Room

Issue
Pending cable completion and termination works for the feeder to UPSBC110, UPSBC210",EDCKUL21MSBBC110,equipment,8742839,construction,,617565,Critical,06/12/2026,08/03/2026,Promatrix DCS,company,68571,477939,Electrical,,,228270,Closed,"4502, Line 25",checklist,448946575,Tarmizi Isa,05/29/2026,2026-10-07T22:41:40.554167+00:00
40875,5745012,CHK-4502-7,"EDCKUL21MSBBC110
Location: BC Elect Room

Issue
Pending cable completion and termination works for the feeder to CHL",EDCKUL21MSBBC110,equipment,8742839,construction,,617565,Critical,06/12/2026,09/22/2026,Promatrix DCS,company,68571,477939,Electrical,,,228270,Closed,"4502, Line 25",checklist,448946575,Tarmizi Isa,05/29/2026,2026-10-07T22:41:40.554167+00:00
40875,5745009,CHK-4502-6,"EDCKUL21MSBBC110
Location: BC Elect Room

Issue
Pending fireman switch cable completion and termination",EDCKUL21MSBBC110,equipment,8742839,construction,,617565,Critical,06/12/2026,,Promatrix DCS,company,68571,477939,Electrical,,,228267,Open,"4502, Line 25",checklist,448946575,Tarmizi Isa,05/29/2026,2026-10-07T22:41:40.554167+00:00
40875,5745005,CHK-4506-6,"EDCKUL21MSBBH110
Location:BH Elect Room

Issue
Pending cable completion and termination works for the feeder to UPSBT310",EDCKUL21MSBBH110,equipment,8742843,construction,,617565,Critical,06/12/2026,09/30/2026,Promatrix DCS,company,68571,477939,Electrical,,,228270,Closed,"4506, Line 25",checklist,448946819,Tarmizi Isa,05/29/2026,2026-10-07T22:41:40.554167+00:00
40875,5745001,CHK-4506-5,"EDCKUL21MSBBH110
Location: BH Elect Room

Issue
Pending cable completion and termination works for the feeder to MBCBH210",EDCKUL21MSBBH110,equipment,8742843,construction,,617565,Critical,06/12/2026,09/30/2026,Promatrix DCS,company,68571,477939,Electrical,,,228270,Closed,"4506, Line 25",checklist,448946819,Tarmizi Isa,05/29/2026,2026-10-07T22:41:40.554167+00:00
40875,5744998,CHK-4506-4,"EDCKUL21MSBBH110
Location: BH Elect Room

Issue
Pending cable completion and termination works for the feeder to UPSBH110 and UPSBH210",EDCKUL21MSBBH110,equipment,8742843,construction,,617565,Critical,06/12/2026,09/30/2026,Promatrix DCS,company,68571,477939,Electrical,,,228270,Closed,"4506, Line 25",checklist,448946819,Tarmizi Isa,05/29/2026,2026-10-07T22:41:40.554167+00:00
40875,5744995,CHK-4506-3,"EDCKUL21MSBBH110
Location: BH Elect Room

Issue
Pending cable completion and termination works for the feeder to CHL",EDCKUL21MSBBH110,equipment,8742843,construction,,617565,Critical,06/12/2026,09/22/2026,Promatrix DCS,company,68571,477939,Electrical,,,228270,Closed,"4506, Line 25",checklist,448946819,Tarmizi Isa,05/29/2026,2026-10-07T22:41:40.554167+00:00
40875,5744990,CHK-4506-2,"EDCKUL21MSBBH110
Location: BH Elect Room

Issue
Pending fireman switch cable completion and termination",EDCKUL21MSBBH110,equipment,8742843,construction,,617565,Critical,06/12/2026,,Promatrix DCS,company,68571,477939,Electrical,,,228267,Open,"4506, Line 25",checklist,448946819,Tarmizi Isa,05/29/2026,2026-10-07T22:41:40.554167+00:00
40875,5739890,CHK-4509-6,"EDCKUL21MSBBZ110
Location: BZ Elect Room

Issue
Pending cable completion and termination works feed to CHL",EDCKUL21MSBBZ110,equipment,8742846,construction,,617565,Critical,06/11/2026,09/22/2026,Promatrix DCS,company,68571,477939,Electrical,,,228270,Closed,"4509, Line 25",checklist,448947002,Tarmizi Isa,05/28/2026,2026-10-07T22:41:40.554167+00:00
40875,5739888,CHK-4509-5,"EDCKUL21MSBBZ110
Location: BZ Elect Room

Issue
Pending cable completion and termination works feed to MBCBZ210",EDCKUL21MSBBZ110,equipment,8742846,construction,,617565,Critical,06/11/2026,07/29/2026,Promatrix DCS,company,68571,477939,Electrical,19068,Construction,228270,Closed,"4509, Line 25",checklist,448947002,Tarmizi Isa,05/28/2026,2026-10-07T22:41:40.554167+00:00
40875,5739887,CHK-4509-4,"EDCKUL21MSBBZ110
Location: BZ Elect Room

Issue
Pending cable completion and termination feed to UPSBZ310",EDCKUL21MSBBZ110,equipment,8742846,construction,,617565,Critical,06/11/2026,07/29/2026,Promatrix DCS,company,68571,477939,Electrical,19068,Construction,228270,Closed,"4509, Line 25",checklist,448947002,Tarmizi Isa,05/28/2026,2026-10-07T22:41:40.554167+00:00
40875,5739885,CHK-4509-3,"EDCKUL21MSBBZ110
Location: BZ Elect Room

Issue
Pending cable completion and termination feed to UPSBZ110 and UPSBZ210",EDCKUL21MSBBZ110,equipment,8742846,construction,,617565,Critical,06/11/2026,07/29/2026,Promatrix DCS,company,68571,477939,Electrical,19068,Construction,228270,Closed,"4509, Line 25",checklist,448947002,Tarmizi Isa,05/28/2026,2026-10-07T22:41:40.554167+00:00
40875,5739883,CHK-4509-2,"EDCKUL21MSBBZ110
Location: BZ Elect Room

Issue
Pending fireman switch cable completion and termination",EDCKUL21MSBBZ110,equipment,8742846,construction,,617565,Critical,06/11/2026,,Promatrix DCS,company,68571,477939,Electrical,19068,Construction,228267,Open,"4509, Line 25",checklist,448947002,Tarmizi Isa,05/28/2026,2026-10-07T22:41:40.554167+00:00
40875,5739871,CHK-4505-6,"EDCKUL21MSBBF110
Location: BF Elect Room

Issue
Pending cable completion and termination works feed to CHL",EDCKUL21MSBBF110,equipment,8742842,construction,,617565,Critical,06/11/2026,09/22/2026,Promatrix DCS,company,68571,477939,Electrical,,,228270,Closed,"4505, Line 25",checklist,448946758,Tarmizi Isa,05/28/2026,2026-10-07T22:41:40.554167+00:00
40875,5739869,CHK-4505-5,"EDCKUL21MSBBF110
Location: BF Elect Room

Issue
Pending cable completion and termination works feed to MBCBF210",EDCKUL21MSBBF110,equipment,8742842,construction,,617565,Critical,06/11/2026,07/29/2026,Promatrix DCS,company,68571,477939,Electrical,19068,Construction,228270,Closed,"4505, Line 25",checklist,448946758,Tarmizi Isa,05/28/2026,2026-10-07T22:41:40.554167+00:00
40875,5739868,CHK-4505-4,"EDCKUL21MSBBF110
Location: BF Elect Room

Issue
Pending cable completion and termination feed to UPSBF310",EDCKUL21MSBBF110,equipment,8742842,construction,,617565,Critical,06/11/2026,07/29/2026,Promatrix DCS,company,68571,477939,Electrical,19068,Construction,228270,Closed,"4505, Line 25",checklist,448946758,Tarmizi Isa,05/28/2026,2026-10-07T22:41:40.554167+00:00
40875,5739866,CHK-4505-3,"EDCKUL21MSBBF110
Location: BF Elect Room

Issue
Pending cable completion and termination feed to UPSBF110 and UPSBF210",EDCKUL21MSBBF110,equipment,8742842,construction,,617565,Critical,06/11/2026,07/29/2026,Promatrix DCS,company,68571,477939,Electrical,,,228270,Closed,"4505, Line 25",checklist,448946758,Tarmizi Isa,05/28/2026,2026-10-07T22:41:40.554167+00:00
40875,5739864,CHK-4505-2,"EDCKUL21MSBBF110
Location: BF Elect Room

Issue
Pending fireman switch cable completion and termination",EDCKUL21MSBBF110,equipment,8742842,construction,,617565,Critical,06/11/2026,,Promatrix DCS,company,68571,477939,Electrical,19068,Construction,228267,Open,"4505, Line 25",checklist,448946758,Tarmizi Isa,05/28/2026,2026-10-07T22:41:40.554167+00:00
40875,5739861,CHK-4504-6,"EDCKUL21MSBBE110
Location: BE Elect Room

Issue
Pending cable completion and termination works feed to CHL1",EDCKUL21MSBBE110,equipment,8742841,construction,,617565,Critical,06/11/2026,09/22/2026,Promatrix DCS,company,68571,477939,Electrical,19068,Construction,228270,Closed,"4504, Line 25",checklist,448946697,Tarmizi Isa,05/28/2026,2026-10-07T22:41:40.554167+00:00
40875,5739858,CHK-4504-5,"EDCKUL21MSBBE110
Location: BE Elect Room

Issue
Pending cable completion and termination works feed to MBCBE210",EDCKUL21MSBBE110,equipment,8742841,construction,,617565,Critical,06/11/2026,09/30/2026,Promatrix DCS,company,68571,477939,Electrical,19068,Construction,228270,Closed,"4504, Line 25",checklist,448946697,Tarmizi Isa,05/28/2026,2026-10-07T22:41:40.554167+00:00
40875,5739857,CHK-4504-4,"EDCKUL21MSBBE110
Location: BE Elect Room

Issue
Pending cable completion and termination feed to UPSBE310",EDCKUL21MSBBE110,equipment,8742841,construction,,617565,Critical,06/11/2026,09/30/2026,Promatrix DCS,company,68571,477939,Electrical,19068,Construction,228270,Closed,"4504, Line 25",checklist,448946697,Tarmizi Isa,05/28/2026,2026-10-07T22:41:40.554167+00:00
40875,5739855,CHK-4504-3,"EDCKUL21MSBBE110
Location: BE Elect Room

Issue
Pending cable completion and termination feed to UPSBE110 and UPSBE210",EDCKUL21MSBBE110,equipment,8742841,construction,,617565,Critical,06/11/2026,09/22/2026,Promatrix DCS,company,68571,477939,Electrical,19068,Construction,228270,Closed,"4504, Line 25",checklist,448946697,Tarmizi Isa,05/28/2026,2026-10-07T22:41:40.554167+00:00
40875,5739849,CHK-4504-2,"EDCKUL21MSBBE110
Location: BE Elect Room

Issue
Pending fireman switch cable completion and termination",EDCKUL21MSBBE110,equipment,8742841,construction,,617565,Critical,06/11/2026,,Promatrix DCS,company,68571,477939,Electrical,19068,Construction,228267,Open,"4504, Line 25",checklist,448946697,Tarmizi Isa,05/28/2026,2026-10-07T22:41:40.554167+00:00
40875,5739846,CHK-4503-6,"EDCKUL21MSBBD110
Location: BD Elect Room

Issue
Pending cable completion and termination works feed to CHL1200",EDCKUL21MSBBD110,equipment,8742840,construction,,617565,Critical,06/11/2026,09/22/2026,Promatrix DCS,company,68571,477939,Electrical,19068,Construction,228270,Closed,"4503, Line 25",checklist,448946636,Tarmizi Isa,05/28/2026,2026-10-07T22:41:40.554167+00:00
40875,5739845,CHK-4503-5,"EDCKUL21MSBBD110
Location: BD Elect Room

Issue
Pending cable completion and termination works feed to MBCBD210",EDCKUL21MSBBD110,equipment,8742840,construction,,617565,Critical,06/11/2026,09/30/2026,Promatrix DCS,company,68571,477939,Electrical,19068,Construction,228270,Closed,"4503, Line 25",checklist,448946636,Tarmizi Isa,05/28/2026,2026-10-07T22:41:40.554167+00:00
40875,5739841,CHK-4503-4,"EDCKUL21MSBBD110
Location: BD Elect Room

Issue
Pending cable completion and termination feed to UPSBD310",EDCKUL21MSBBD110,equipment,8742840,construction,,617565,Critical,06/11/2026,09/30/2026,Promatrix DCS,company,68571,477939,Electrical,19068,Construction,228270,Closed,"4503, Line 25",checklist,448946636,Tarmizi Isa,05/28/2026,2026-10-07T22:41:40.554167+00:00
40875,5739835,CHK-4503-3,"EDCKUL21MSBBD110
Location: BD Elect Room

Issue
Pending cable completion and termination feed to UPSBD110 and UPSBD210",EDCKUL21MSBBD110,equipment,8742840,construction,,617565,Critical,06/11/2026,,Tarmizi Isa,person,256198,477939,Electrical,19068,Construction,228267,Open,"4503, Line 25",checklist,448946636,Tarmizi Isa,05/28/2026,2026-10-07T22:41:40.554167+00:00
40875,5739829,CHK-4503-2,"EDCKUL21MSBBD110
Location: BD Elect Room

Issue
Pending fireman switch cable completion and termination",EDCKUL21MSBBD110,equipment,8742840,construction,,617565,Critical,06/11/2026,,Promatrix DCS,company,68571,477939,Electrical,19068,Construction,228267,Open,"4503, Line 25",checklist,448946636,Tarmizi Isa,05/28/2026,2026-10-07T22:41:40.554167+00:00
40875,5739817,CHK-4500-10,"EDCKUL21MSBBA110
Location: BA Elect Room

Issue
Pending cable completion and termination works feed to CHLA090",EDCKUL21MSBBA110,equipment,8742837,construction,,617565,Critical,06/11/2026,09/08/2026,Promatrix DCS,company,68571,477939,Electrical,19068,Construction,228270,Closed,"4500, Line 25",checklist,448946453,Tarmizi Isa,05/28/2026,2026-10-07T22:41:40.554167+00:00
40875,5739811,CHK-4500-9,"EDCKUL21MSBBA110
Location: BA Elect Room

Issue
Pending cable completion and termination works feed to MBCBA210",EDCKUL21MSBBA110,equipment,8742837,construction,,617565,Critical,06/11/2026,08/07/2026,Tarmizi Isa,person,256198,477939,Electrical,19068,Construction,228270,Closed,"4500, Line 25",checklist,448946453,Tarmizi Isa,05/28/2026,2026-10-07T22:41:40.554167+00:00
40875,5739802,CHK-4500-8,"EDCKUL21MSBBA110
Location: BA Elect Room

Issue
Pending cable completion and termination works for UPSBA310",EDCKUL21MSBBA110,equipment,8742837,construction,,617565,Critical,06/11/2026,08/07/2026,Tarmizi Isa,person,256198,477939,Electrical,19068,Construction,228270,Closed,"4500, Line 25",checklist,448946453,Tarmizi Isa,05/28/2026,2026-10-07T22:41:40.554167+00:00
40875,5739797,CHK-4500-7,"EDCKUL21MSBBA110
Location: BA Elect Room

Issue
Pending cable completion and termination works for UPSBA110 and UPSBA210",EDCKUL21MSBBA110,equipment,8742837,construction,,617565,Critical,06/11/2026,08/07/2026,Tarmizi Isa,person,256198,477939,Electrical,19068,Construction,228270,Closed,"4500, Line 25",checklist,448946453,Tarmizi Isa,05/28/2026,2026-10-07T22:41:40.554167+00:00
40875,5739771,CHK-4500-6,"EDCKUL21MSBBA110
Location: BA Elect Room

Issue
Pending fireman switch cable completion and termination",EDCKUL21MSBBA110,equipment,8742837,construction,,617565,Critical,06/11/2026,08/07/2026,Promatrix DCS,company,68571,477939,Electrical,19068,Construction,228267,Open,"4500, Line 25",checklist,448946453,Tarmizi Isa,05/28/2026,2026-10-07T22:41:40.554167+00:00
40875,5718704,CHK-4483-6,"EDKUL21MDPBH210
Location: Main Corridor - Q2

Issue
Pending BMS IO cable work completion and termination",EDCKUL21MDPBH210,equipment,8742820,construction,,617565,Critical,06/09/2026,07/13/2026,Promatrix DCS,company,68571,478560,ELV,19068,Construction,228270,Closed,"4483, Line 29",checklist,448945420,Tarmizi Isa,05/26/2026,2026-10-07T22:41:40.554167+00:00
40875,5718701,CHK-4483-5,"EDCKUL21MDPBH210
Location: Main Corridor-Q2

Issue
Pending power cable feed to ACS",EDCKUL21MDPBH210,equipment,8742820,construction,,617565,Critical,06/09/2026,,Promatrix DCS,company,68571,477939,Electrical,19068,Construction,228267,Open,"4483, Line 25",checklist,448945416,Tarmizi Isa,05/26/2026,2026-10-07T22:41:40.554167+00:00
40875,5718692,CHK-4497-2,"EDKUL21MDPBHG10
Location: AZ elect room

Issue
Pending BMS IO cable work completion and termination",EDCKUL21MDPBHG10,equipment,8742834,construction,,617565,Critical,06/09/2026,10/01/2026,Promatrix DCS,company,68571,478560,ELV,19068,Construction,228270,Closed,"4497, Line 29",checklist,448946274,Tarmizi Isa,05/26/2026,2026-10-07T22:41:40.554167+00:00
40875,5718682,CHK-4497-1,"EDKUL21MDPBHG10
Location: AZ elect room

Issue
Pending fireman switch cable work completion and termination",EDCKUL21MDPBHG10,equipment,8742834,construction,,617565,Critical,06/09/2026,,Promatrix DCS,company,68571,477939,Electrical,19068,Construction,228267,Open,"4497, Line 25",checklist,448946270,Tarmizi Isa,05/26/2026,2026-10-07T22:41:40.554167+00:00
40875,5718678,CHK-4491-2,"EDKUL21MDPBHA10
Location: BH elect room

Issue
Pending fireman switch cable work completion and termination",EDCKUL21MDPBHA10,equipment,8742828,construction,,617565,Critical,06/09/2026,,Promatrix DCS,company,68571,477939,Electrical,19068,Construction,228267,Open,"4491, Line 25",checklist,448945904,Tarmizi Isa,05/26/2026,2026-10-07T22:41:40.554167+00:00
40875,5718676,CHK-4482-5,"EDCKUL21MDPBH110
Location: BH Elect room

Issue
Pending power cable feed to ACS00350",EDCKUL21MDPBH110,equipment,8742819,construction,,617565,Critical,06/09/2026,,Promatrix DCS,company,68571,477939,Electrical,,,228267,Open,"4482, Line 25",checklist,448945355,Tarmizi Isa,05/26/2026,2026-10-07T22:41:40.554167+00:00
40875,5718672,CHK-4488-4,"EDKUL21MDPBH710
Location: BH elect room

Issue
Pending fireman switch cable work completion and termination",EDCKUL21MDPBH710,equipment,8742825,construction,,617565,Critical,06/09/2026,,Promatrix DCS,company,68571,,,,,228267,Open,"4488, Line 25",checklist,448945721,Tarmizi Isa,05/26/2026,2026-10-07T22:41:40.554167+00:00
40875,5718530,CHK-4486-1,"EDCKUL21MDPBH510
Location: AH Elect room

Issue
Pending fireman switch cable work completion and termination",EDCKUL21MDPBH510,equipment,8742823,construction,,617565,Critical,06/09/2026,,Promatrix DCS,company,68571,477939,Electrical,19068,Construction,228267,Open,"4486, Line 25",checklist,448945599,Tarmizi Isa,05/26/2026,2026-10-07T22:41:40.554167+00:00
40875,5718523,CHK-4484-4,"EDCKUL21MDPBH310
Location: BZ Elect room

Issue
Pending power cable feed to ACS00850",EDCKUL21MDPBH310,equipment,8742821,construction,,617565,Critical,06/09/2026,,Promatrix DCS,company,68571,477939,Electrical,19068,Construction,228267,Open,"4484, Line 25",checklist,448945477,Tarmizi Isa,05/26/2026,2026-10-07T22:41:40.554167+00:00
40875,5718516,CHK-4484-3,"EDCKUL21MDPBH310
Location: BZ Elect room

Issue
Pending fireman switch cable work completion and termination",EDCKUL21MDPBH310,equipment,8742821,construction,,617565,Critical,06/09/2026,,Promatrix DCS,company,68571,477939,Electrical,,,228267,Open,"4484, Line 25",checklist,448945477,Tarmizi Isa,05/26/2026,2026-10-07T22:41:40.554167+00:00
40875,5718510,CHK-4483-4,"EDCKUL21MDPBH210
Location: Main Corridor-Q2

Issue
Pending fireman switch cable work completion and termination",EDCKUL21MDPBH210,equipment,8742820,construction,,617565,Critical,06/09/2026,,Promatrix DCS,company,68571,477939,Electrical,19068,Construction,228267,Open,"4483, Line 25",checklist,448945416,Tarmizi Isa,05/26/2026,2026-10-07T22:41:40.554167+00:00
40875,5718507,CHK-4482-4,"EDCKUL21MDPBH110
Location: BH Elect room

Issue
Pending fireman switch cable work completion and termination",EDCKUL21MDPBH110,equipment,8742819,construction,,617565,Critical,06/09/2026,,Promatrix DCS,company,68571,477939,Electrical,19068,Construction,228267,Open,"4482, Line 25",checklist,448945355,Tarmizi Isa,05/26/2026,2026-10-07T22:41:40.554167+00:00
40875,5716581,CHK-6349-1,"EDCKUL21STSBF410
Location: STS room BF

Issue: Screw cover panel missing",EDCKUL21STSBF410,equipment,11768988,construction,,617565,Critical,06/08/2026,,Vertiv,company,22557,477939,Electrical,,,228267,Open,"6349, Line 16",checklist,711789387,Alif Aizat,05/25/2026,2026-10-07T22:41:40.554167+00:00
40875,5716577,CHK-3975-1,"EDCKUL21STSBF210
Location: STS room BF

Issue: Panel scratch needs to touch up",EDCKUL21STSBF210,equipment,8743112,construction,,617567,Non-Critical,06/08/2026,,Vertiv,company,22557,477939,Electrical,,,228267,Open,"3975, Line 16",checklist,448912388,Alif Aizat,05/25/2026,2026-10-07T22:41:40.554167+00:00
40875,5716574,CHK-3974-1,"EDCKUL21STSBF110
Location: STS room BF

Issue: Screw cover panel missing",EDCKUL21STSBF110,equipment,8743111,construction,,617567,Non-Critical,06/08/2026,,Vertiv,company,22557,477939,Electrical,19068,Construction,228267,Open,"3974, Line 16",checklist,448912352,Alif Aizat,05/25/2026,2026-10-07T22:41:40.554167+00:00
40875,5716572,CHK-6343-1,"EDCKUL21STSBE410
Location: STS room BE

Issue: Panel scratch needs to touch up",EDCKUL21STSBE410,equipment,11768986,construction,,617565,Critical,06/08/2026,,Vertiv,company,22557,477939,Electrical,,,228267,Open,"6343, Line 16",checklist,711789101,Alif Aizat,05/25/2026,2026-10-07T22:41:40.554167+00:00
40875,5716561,CHK-3972-1,"EDCKUL21STSBE110
Location: STS room BE

Issue: Panel scratch needs to touch up",EDCKUL21STSBE110,equipment,8743109,construction,,617567,Non-Critical,06/08/2026,,Vertiv,company,22557,477939,Electrical,,,228267,Open,"3972, Line 16",checklist,448912280,Alif Aizat,05/25/2026,2026-10-07T22:41:40.554167+00:00
40875,5716547,CHK-4501-9,"EDCKUL21MSBBB110
Location: BB Elect Room

Issue
Pending cable completion and termination works for the feeder to UPSBB310",EDCKUL21MSBBB110,equipment,8742838,construction,,617565,Critical,06/08/2026,07/31/2026,Promatrix DCS,company,68571,477939,Electrical,19068,Construction,228270,Closed,"4501, Line 25",checklist,448946514,Tarmizi Isa,05/25/2026,2026-10-07T22:41:40.554167+00:00
40875,5716546,CHK-4501-8,"EDCKUL21MSBBB110
Location: BB Elect Room

Issue
Pending cable completion and termination works for fireman switch",EDCKUL21MSBBB110,equipment,8742838,construction,,617565,Critical,06/08/2026,,Promatrix DCS,company,68571,477939,Electrical,19068,Construction,228267,Open,"4501, Line 25",checklist,448946514,Tarmizi Isa,05/25/2026,2026-10-07T22:41:40.554167+00:00
40875,5716545,CHK-4501-7,"EDCKUL21MSBBB110
Location: BB Elect Room

Issue
Pending cable completion and termination works for the feeder to UPSBB110, UPSBB210",EDCKUL21MSBBB110,equipment,8742838,construction,,617565,Critical,06/08/2026,07/31/2026,Promatrix DCS,company,68571,477939,Electrical,19068,Construction,228270,Closed,"4501, Line 25",checklist,448946514,Tarmizi Isa,05/25/2026,2026-10-07T22:41:40.554167+00:00
40875,5716543,CHK-4501-6,"EDCKUL21MSBBB110
Location: BB Elect Room

Issue
Pending cable completion and termination works for the feeder to MBCBB210",EDCKUL21MSBBB110,equipment,8742838,construction,,617565,Critical,06/08/2026,07/31/2026,Promatrix DCS,company,68571,477939,Electrical,19068,Construction,228270,Closed,"4501, Line 25",checklist,448946514,Tarmizi Isa,05/25/2026,2026-10-07T22:41:40.554167+00:00
40875,5716540,CHK-4501-5,"EDCKUL21MSBBB110
Location: BB Elect Room

Issue
Pending cable completion and termination works for the feeder to CHLA100",EDCKUL21MSBBB110,equipment,8742838,construction,,617565,Critical,06/08/2026,09/22/2026,Promatrix DCS,company,68571,477939,Electrical,19068,Construction,228270,Closed,"4501, Line 25",checklist,448946514,Tarmizi Isa,05/25/2026,2026-10-07T22:41:40.554167+00:00
40875,5716520,CHK-4455-4,"EDCKUL21GENBZ100
Location: GEN room BZ

Issue: Pending AFI DPT inspection fuel pipe & vent pipe AZ",EDCKUL21GENBZ100,equipment,8742798,construction,,617565,Critical,06/08/2026,06/11/2026,Sime Darby Industrial,company,68570,477939,Electrical,,,228270,Closed,"4455, Line 9",checklist,448943691,Alif Aizat,05/25/2026,2026-10-07T22:41:40.554167+00:00
40875,5715429,CHK-3971-1,"EDCKUL21STSBBD210
Location: STS room BD

Issue: Panel scratch needs to touch up",EDCKUL21STSBD210,equipment,8743108,construction,,617567,Non-Critical,06/08/2026,,Vertiv,company,22557,477939,Electrical,,,228267,Open,"3971, Line 16",checklist,448912244,Alif Aizat,05/25/2026,2026-10-07T22:41:40.554167+00:00
40875,5715408,CHK-3970-1,"EDCKUL21STSBD110
Location: STS room BD

Issue: Brand nameplate damaged",EDCKUL21STSBD110,equipment,8743107,construction,,617567,Non-Critical,06/08/2026,,Vertiv,company,22557,477939,Electrical,,,228267,Open,"3970, Line 16",checklist,448912208,Alif Aizat,05/25/2026,2026-10-07T22:41:40.554167+00:00
40875,5715393,CHK-3968-1,"EDCKUL21STSBC110
Location: STS room BA

Issue: Screw cover panel missing",EDCKUL21STSBC110,equipment,8743105,construction,,617565,Critical,06/08/2026,,Vertiv,company,22557,477939,Electrical,19068,Construction,228267,Open,"3968, Line 16",checklist,448912136,Alif Aizat,05/25/2026,2026-10-07T22:41:40.554167+00:00
40875,5715372,CHK-6325-1,"EDCKUL21STSBB410
Location: STS room BB

Issue: Screw cover panel missing",EDCKUL21STSBB410,equipment,11768980,construction,,617565,Critical,06/08/2026,,Vertiv,company,22557,477939,Electrical,,,228267,Open,"6325, Line 16",checklist,711788243,Alif Aizat,05/25/2026,2026-10-07T22:41:40.554167+00:00
40875,5715165,CHK-6319-1,"EDCKUL21STSBA410
Location: STS room BA

Issue: Screw cover panel missing",EDCKUL21STSBA410,equipment,11768978,construction,,617565,Critical,06/08/2026,,Vertiv,company,22557,477939,Electrical,,,228267,Open,"6319, Line 16",checklist,711787957,Alif Aizat,05/25/2026,2026-10-07T22:41:40.554167+00:00
40875,5715162,CHK-6316-2,"EDCKUL21STSBA310
Location: STS room BA

Issue: Display control damaged",EDCKUL21STSBA310,equipment,11768977,construction,,617565,Critical,06/08/2026,,Alif Aizat,person,253801,477939,Electrical,,,228267,Open,"6316, Line 16",checklist,711787814,Alif Aizat,05/25/2026,2026-10-07T22:41:40.554167+00:00
40875,5715160,CHK-6316-1,"EDCKUL21STSBA3100
Location: STS room BA

Issue: Panel scratch needs to touch up",EDCKUL21STSBA310,equipment,11768977,construction,,617567,Non-Critical,06/08/2026,,Vertiv,company,22557,477939,Electrical,,,228267,Open,"6316, Line 16",checklist,711787814,Alif Aizat,05/25/2026,2026-10-07T22:41:40.554167+00:00
40875,5714565,CHK-3965-1,"EDCKUL21STSBA110
Location: STS room BA

Issue: Panel scratch needs to touch up",EDCKUL21STSBA210,equipment,8743102,construction,,617567,Non-Critical,06/08/2026,,Vertiv,company,22557,477939,Electrical,,,228267,Open,"3965, Line 16",checklist,448912028,Alif Aizat,05/25/2026,2026-10-07T22:41:40.554167+00:00
40875,5714154,CHK-4914-1,"EDCKUL21VRF00500
Location: Roof

Issue:
1) To install asset tagging ID (ELI)
2) To rectify peeled off sticker
3) To comb dented fin
4) Install missing nut/screw
5) Rectify corroded nut/screw
6) sticker for system number",EDCKUL21VRF00500,equipment,8743280,construction,,617567,Non-Critical,06/08/2026,,Nadhirah Mazlan,person,246408,477946,Mechanical,19068,Construction,228267,Open,"4914, Line 33",checklist,448990944,Nadhirah Mazlan,05/25/2026,2026-10-07T22:41:40.554167+00:00
40875,5714095,CHK-4455-3,"EDCKUL21GENBZ110
Location: Gen room BZ

Issue: Pending Modbus (RS-485) cable installation at EMCP panel",EDCKUL21GENBZ100,equipment,8742798,construction,,617565,Critical,06/08/2026,06/30/2026,Promatrix DCS,company,68571,477939,Electrical,,,228270,Closed,"4455, Line 25",checklist,448943708,Alif Aizat,05/25/2026,2026-10-07T22:41:40.554167+00:00
40875,5714081,CHK-6564-1,"EDCKUL21ACS005D0
Location: SOC Storage

Issue:
1) Thermostat and unit tagging to be installed",EDCKUL21ACS005D0,equipment,11769033,construction,,617567,Non-Critical,06/08/2026,06/18/2026,Promatrix DCS,company,68571,477946,Mechanical,19068,Construction,228270,Closed,"6564, Line 20",checklist,711826129,Nadhirah Mazlan,05/25/2026,2026-10-07T22:41:40.554167+00:00
40875,5714074,CHK-4455-2,"EDCKUL21GENBZ100
Location: Gen room BZ
Issue: Secondary starter missing end cap +/- terminal",EDCKUL21GENBZ100,equipment,8742798,construction,,617565,Critical,06/08/2026,06/08/2026,Sime Darby Industrial,company,68570,477939,Electrical,,,228270,Closed,"4455, Line 25",checklist,448943708,Alif Aizat,05/25/2026,2026-10-07T22:41:40.554167+00:00
40875,5714059,CHK-4455-1,"EDCKUL21GENBZ100
Location: Gen room BZ

Issue: Missing tagging radiator inlet and outlet",EDCKUL21GENBZ100,equipment,8742798,construction,,617567,Non-Critical,06/08/2026,06/11/2026,Sime Darby Industrial,company,68570,477939,Electrical,,,228270,Closed,"4455, Line 25",checklist,448943708,Alif Aizat,05/25/2026,2026-10-07T22:41:40.554167+00:00
40875,5714008,CHK-4161-1,"EDCKUL21ACS00590
Location: Staging & Deconstruction

Issue:
1) Incomplete insulation
2) Thermostat and unit tagging to be installed
3) To install cover before energization",EDCKUL21ACS00590,equipment,8743289,construction,,617567,Non-Critical,06/08/2026,06/18/2026,Promatrix DCS,company,68571,477946,Mechanical,19068,Construction,228270,Closed,"4161, Line 35",checklist,448925784,Nadhirah Mazlan,05/25/2026,2026-10-07T22:41:40.554167+00:00
40875,5713994,CHK-4160-1,"EDCKUL21ACS00580
Location: Fire Pump Room

Issue:
1) To shorten drain pipe installation
2) Incomplete insulation
3) Thermostat and unit tagging to be installed",EDCKUL21ACS00580,equipment,8743288,construction,,617567,Non-Critical,06/08/2026,08/14/2026,Promatrix DCS,company,68571,477946,Mechanical,19068,Construction,228270,Closed,"4160, Line 32",checklist,448925720,Nadhirah Mazlan,05/25/2026,2026-10-07T22:41:40.554167+00:00
40875,5713975,CHK-4158-1,"EDCKUL21ACS00560
Location: SOC Room

Issue:
1) Incomplete drain pipe installation
2) Thermostat and unit tagging to be installed
3) To install cover before energization",EDCKUL21ACS00560,equipment,8743286,construction,,617567,Non-Critical,06/08/2026,06/19/2026,Promatrix DCS,company,68571,477946,Mechanical,19068,Construction,228270,Closed,"4158, Line 35",checklist,448925601,Nadhirah Mazlan,05/25/2026,2026-10-07T22:41:40.554167+00:00
40875,5713843,CHK-4156-1,"EDCKUL21ACS00540
Location: Waiting Lobby

Issue:
1) Incomplete drain pipe installation
2) Thermostat and unit tagging to be installed
3) To install cover before energization",EDCKUL21ACS00540,equipment,8743284,construction,,617567,Non-Critical,06/08/2026,06/19/2026,Promatrix DCS,company,68571,477946,Mechanical,19068,Construction,228270,Closed,"4156, Line 35",checklist,448925479,Nadhirah Mazlan,05/25/2026,2026-10-07T22:41:40.554167+00:00
40875,5713830,CHK-4155-1,"EDCKUL21ACS00530
Location: Corridor

Issue:
1) Thermostat and unit tagging to be installed
2) To install cover before energization",EDCKUL21ACS00530,equipment,8743283,construction,,617567,Non-Critical,06/08/2026,06/19/2026,Promatrix DCS,company,68571,477946,Mechanical,19068,Construction,228270,Closed,"4155, Line 20",checklist,448925403,Nadhirah Mazlan,05/25/2026,2026-10-07T22:41:40.554167+00:00
40875,5713808,CHK-4154-1,"EDCKUL21ACS00520
Location: Service Corridor

Issue:
1) Incomplete insulation
2) Thermostat and unit tagging to be installed
3) To install cover before energization",EDCKUL21ACS00520,equipment,8743282,construction,,617567,Non-Critical,06/08/2026,07/29/2026,Promatrix DCS,company,68571,477946,Mechanical,19068,Construction,228270,Closed,"4154, Line 20",checklist,448925342,Nadhirah Mazlan,05/25/2026,2026-10-07T22:41:40.554167+00:00
40875,5713791,CHK-4153-1,"EDCKUL21ACS00510
Location: Freight Lift Lobby

Issue:
1) Incomplete insulation
2) Thermostat and unit tagging to be installed
3) To install cover before energization",EDCKUL21ACS00510,equipment,8743281,construction,,617567,Non-Critical,06/08/2026,06/19/2026,Promatrix DCS,company,68571,477946,Mechanical,19069,Controls,228270,Closed,"4153, Line 20",checklist,448925281,Nadhirah Mazlan,05/25/2026,2026-10-07T22:41:40.554167+00:00
40875,5713768,CHK-4124-1,"EDCKUL21ACS005C0
Location: Asset Mgmt

Issue:
1) Incomplete drain pipe installation
2) Incomplete insulation
3) Thermostat and unit tagging to be installed
3) To install cover before energization",EDCKUL21ACS005C0,equipment,8743292,construction,,617567,Non-Critical,06/08/2026,06/19/2026,Promatrix DCS,company,68571,477946,Mechanical,19068,Construction,228270,Closed,"4124, Line 35",checklist,448923527,Nadhirah Mazlan,05/25/2026,2026-10-07T22:41:40.554167+00:00
40875,5713761,CHK-4123-1,"EDCKUL21ACS005B0
Location: Meeting Room

Issue:
1) Thermostat and unit tagging to be installed
2) To install cover before energization",EDCKUL21ACS005B0,equipment,8743291,construction,,617567,Non-Critical,06/08/2026,06/19/2026,Promatrix DCS,company,68571,477946,Mechanical,19068,Construction,228270,Closed,"4123, Line 20",checklist,448923451,Nadhirah Mazlan,05/25/2026,2026-10-07T22:41:40.554167+00:00
40875,5690319,CHK-4122-1,"EDCKUL21ACS005A0
Location: Staging & Deconstruction

Issue:
1) Incomplete insulation
2) Thermostat and unit tagging to be installed
3) To install cover before energization",EDCKUL21ACS005A0,equipment,8743290,construction,,617567,Non-Critical,06/06/2026,06/19/2026,Promatrix DCS,company,68571,477946,Mechanical,19068,Construction,228270,Closed,"4122, Line 35",checklist,448923405,Nadhirah Mazlan,05/23/2026,2026-10-07T22:41:40.554167+00:00
40875,5688922,CHK-4454-4,"EDCKUL21GENBH110
Location: Gen room BH

Issue: Pending Modbus (RS-485) cable installation at EMCP panel",EDCKUL21GENBH100,equipment,8742797,construction,,617565,Critical,06/06/2026,06/30/2026,Promatrix DCS,company,68571,477939,Electrical,,,228270,Closed,"4454, Line 25",checklist,448943647,Alif Aizat,05/22/2026,2026-10-07T22:41:40.554167+00:00
40875,5688885,CHK-4454-3,"EDCKUL21GENBH100
Location: Gen room BH
Issue: Secondary starter missing end cap +/- terminal",EDCKUL21GENBH100,equipment,8742797,construction,,617565,Critical,06/06/2026,06/05/2026,Alif Aizat,person,253801,477939,Electrical,,,228270,Closed,"4454, Line 25",checklist,448943647,Alif Aizat,05/22/2026,2026-10-07T22:41:40.554167+00:00
40875,5688866,CHK-4454-2,"EDCKUL21GENBH100
Location: Gen room BH

Issue: Missing tagging radiator inlet and outlet",EDCKUL21GENBH100,equipment,8742797,construction,,617567,Non-Critical,06/06/2026,06/11/2026,Sime Darby Industrial,company,68570,477939,Electrical,,,228270,Closed,"4454, Line 25",checklist,448943647,Alif Aizat,05/22/2026,2026-10-07T22:41:40.554167+00:00
40875,5688780,CHK-4454-1,"EDCKUL21GENBH100
Location: Gen room BH
Issue: Please change 2800kW to 2400kW for house generator",EDCKUL21GENBH100,equipment,8742797,construction,,617567,Non-Critical,06/06/2026,06/11/2026,Sime Darby Industrial,company,68570,477939,Electrical,,,228270,Closed,"4454, Line 20",checklist,448943642,Alif Aizat,05/22/2026,2026-10-07T22:41:40.554167+00:00
40875,5688736,CHK-4453-3,"EDCKUL21GENBF100
Location: Gen room BF

Issue: Missing tagging radiator inlet and outlet",EDCKUL21GENBF100,equipment,8742796,construction,,617567,Non-Critical,,06/05/2026,Sime Darby Industrial,company,68570,477939,Electrical,,,228270,Closed,"4453, Line 25",checklist,448943586,Alif Aizat,05/22/2026,2026-10-07T22:41:40.554167+00:00
40875,5688731,CHK-4453-2,"EDCKUL21GENBF100
Location: Gen room BF
Issue: Secondary starter missing end cap +/- terminal",EDCKUL21GENBF100,equipment,8742796,construction,,617565,Critical,,06/05/2026,Sime Darby Industrial,company,68570,477939,Electrical,,,228270,Closed,"4453, Line 25",checklist,448943586,Alif Aizat,05/22/2026,2026-10-07T22:41:40.554167+00:00
40875,5688722,CHK-4453-1,"EDCKUL21GENBF110
Location: Gen room BF

Issue: Pending Modbus (RS-485) cable installation at EMCP panel",EDCKUL21GENBF100,equipment,8742796,construction,,617565,Critical,06/06/2026,06/30/2026,Promatrix DCS,company,68571,477939,Electrical,,,228270,Closed,"4453, Line 25",checklist,448943586,Alif Aizat,05/22/2026,2026-10-07T22:41:40.554167+00:00
40875,5688617,CHK-4452-3,"EDCKUL21GENBE100
Location: Gen room BE
Issue: Secondary starter missing end cap +/- terminal",EDCKUL21GENBE100,equipment,8742795,construction,,617565,Critical,,06/05/2026,Sime Darby Industrial,company,68570,477939,Electrical,,,228270,Closed,"4452, Line 25",checklist,448943525,Alif Aizat,05/22/2026,2026-10-07T22:41:40.554167+00:00
40875,5688545,CHK-4452-2,"EDCKUL21GENBE100
Location: Gen room BE

Issue: Missing tagging radiator inlet and outlet",EDCKUL21GENBE100,equipment,8742795,construction,,617567,Non-Critical,06/06/2026,06/11/2026,Sime Darby Industrial,company,68570,477939,Electrical,,,228270,Closed,"4452, Line 25",checklist,448943525,Alif Aizat,05/22/2026,2026-10-07T22:41:40.554167+00:00
40875,5688541,CHK-4452-1,"EDCKUL21GENBE110
Location: Gen room BE

Issue: Pending Modbus (RS-485) cable installation at EMCP panel",EDCKUL21GENBE100,equipment,8742795,construction,,617565,Critical,06/06/2026,06/30/2026,Promatrix DCS,company,68571,477939,Electrical,,,228270,Closed,"4452, Line 25",checklist,448943525,Alif Aizat,05/22/2026,2026-10-07T22:41:40.554167+00:00
40875,5687889,CHK-4451-3,"EDCKUL21GENBD110
Location: Gen room BD

Issue: Pending Modbus (RS-485) cable installation at EMCP panel",EDCKUL21GENBD100,equipment,8742794,construction,,617565,Critical,06/05/2026,06/30/2026,Promatrix DCS,company,68571,477939,Electrical,,,228270,Closed,"4451, Line 25",checklist,448943464,Alif Aizat,05/22/2026,2026-10-07T22:41:40.554167+00:00
40875,5687846,CHK-4451-2,"EDCKUL21GENBD100
Location: Gen room BD

Issue: Missing tagging radiator inlet and outlet",EDCKUL21GENBD100,equipment,8742794,construction,,617567,Non-Critical,06/05/2026,06/11/2026,Sime Darby Industrial,company,68570,,,,,228270,Closed,"4451, Line 25",checklist,448943464,Alif Aizat,05/22/2026,2026-10-07T22:41:40.554167+00:00
40875,5687840,CHK-4451-1,"EDCKUL21GENBD100
Location: Gen room BD
Issue: Secondary starter missing end cap +/- terminal",EDCKUL21GENBD100,equipment,8742794,construction,,617565,Critical,06/05/2026,06/11/2026,Sime Darby Industrial,company,68570,477939,Electrical,,,228270,Closed,"4451, Line 25",checklist,448943464,Alif Aizat,05/22/2026,2026-10-07T22:41:40.554167+00:00
40875,5687677,CHK-4448-5,"EDCKUL21GENBA110
Location: Gen room BA

Issue: Cable snap module EMCP panel",EDCKUL21GENBA100,equipment,8742791,construction,,617565,Critical,06/05/2026,06/08/2026,Sime Darby Industrial,company,68570,477939,Electrical,,,228270,Closed,"4448, Line 25",checklist,448943281,Alif Aizat,05/22/2026,2026-10-07T22:41:40.554167+00:00
40875,5687656,CHK-4449-4,"EDCKUL21GENBB110
Location: Gen room BB

Issue: 
1. Modbus (RS-485) not install cable sheath 
2. Modbus cable snap",EDCKUL21GENBB100,equipment,8742792,construction,,617565,Critical,06/05/2026,06/30/2026,Promatrix DCS,company,68571,477939,Electrical,,,228270,Closed,"4449, Line 25",checklist,448943342,Alif Aizat,05/22/2026,2026-10-07T22:41:40.554167+00:00
40875,5687520,CHK-4449-3,"EDCKUL21GENBB110
Location: Gen room BB

Issue: Pending Modbus (RS-485) cable installation at EMCP panel",EDCKUL21GENBB100,equipment,8742792,construction,,617565,Critical,06/05/2026,06/30/2026,Promatrix DCS,company,68571,477939,Electrical,,,228270,Closed,"4449, Line 25",checklist,448943342,Alif Aizat,05/22/2026,2026-10-07T22:41:40.554167+00:00
40875,5687509,CHK-4448-4,"EDCKUL21GENBA110
Location: Gen room BA

Issue: Pending Modbus (RS-485) cable installation at EMCP panel",EDCKUL21GENBA100,equipment,8742791,construction,,617565,Critical,06/05/2026,06/30/2026,Promatrix DCS,company,68571,477939,Electrical,,,228270,Closed,"4448, Line 25",checklist,448943281,Alif Aizat,05/22/2026,2026-10-07T22:41:40.554167+00:00
40875,5686328,CHK-6812-1,"EDCKUL21UDPBE440
Location: STS BE Room

Issue
Pending new nameplate replacement",EDCKUL21UDPBE440,equipment,11769008,construction,,617567,Non-Critical,06/05/2026,06/14/2026,Powerwell,company,68459,477939,Electrical,,,228270,Closed,"6812, Line 11",checklist,770141415,Tarmizi Isa,05/22/2026,2026-10-07T22:41:40.554167+00:00
40875,5686327,CHK-6809-1,"EDCKUL21UDPBE330
Location: STS BE Room

Issue
Pending new nameplate replacement",EDCKUL21UDPBE330,equipment,11769007,construction,,617567,Non-Critical,06/05/2026,06/14/2026,Powerwell,company,68459,477939,Electrical,,,228270,Closed,"6809, Line 11",checklist,770141278,Tarmizi Isa,05/22/2026,2026-10-07T22:41:40.554167+00:00
40875,5686309,CHK-4450-3,"EDCKUL21GENBC110
Location: Gen room BC

Issue: Pending Modbus (RS-485) cable installation at EMCP panel",EDCKUL21GENBC100,equipment,8742793,construction,,617565,Critical,06/05/2026,06/30/2026,Promatrix DCS,company,68571,477939,Electrical,,,228270,Closed,"4450, Line 25",checklist,448943403,Alif Aizat,05/22/2026,2026-10-07T22:41:40.554167+00:00
40875,5686276,CHK-4450-2,"EDCKUL21GENBC100
Location: Gen room BC
Issue: Secondary starter missing end cap +/- terminal",EDCKUL21GENBC100,equipment,8742793,construction,,617565,Critical,06/05/2026,06/05/2026,Sime Darby Industrial,company,68570,477939,Electrical,,,228270,Closed,"4450, Line 25",checklist,448943403,Alif Aizat,05/22/2026,2026-10-07T22:41:40.554167+00:00
40875,5686272,CHK-4450-1,"EDCKUL21GENBC100
Location: Gen room BC

Issue: Missing tagging radiator inlet and outlet",EDCKUL21GENBC100,equipment,8742793,construction,,617567,Non-Critical,06/05/2026,06/11/2026,Sime Darby Industrial,company,68570,477939,Electrical,,,228270,Closed,"4450, Line 25",checklist,448943403,Alif Aizat,05/22/2026,2026-10-07T22:41:40.554167+00:00
40875,5673313,CHK-4449-2,"EDCKUL21GENBB100
Location: Gen room BB
Issue: Secondary starter missing end cap +/- terminal",EDCKUL21GENBB100,equipment,8742792,construction,,617565,Critical,06/03/2026,06/05/2026,Sime Darby Industrial,company,68570,477939,Electrical,,,228270,Closed,"4449, Line 25",checklist,448943342,Alif Aizat,05/20/2026,2026-10-07T22:41:40.554167+00:00
40875,5673310,CHK-4449-1,"EDCKUL21GENBB100
Location: Gen room BB

Issue: Missing tagging radiator inlet and outlet",EDCKUL21GENBB100,equipment,8742792,construction,,617567,Non-Critical,06/03/2026,06/11/2026,Sime Darby Industrial,company,68570,477939,Electrical,,,228270,Closed,"4449, Line 21",checklist,448943338,Alif Aizat,05/20/2026,2026-10-07T22:41:40.554167+00:00
40875,5673304,CHK-4448-3,"EDCKUL21GENBA100
Location: Gen room BA

Issue: Missing tagging radiator inlet and outlet",EDCKUL21GENBA100,equipment,8742791,construction,,617567,Non-Critical,06/03/2026,06/11/2026,Sime Darby Industrial,company,68570,477939,Electrical,,,228270,Closed,"4448, Line 22",checklist,448943278,Alif Aizat,05/20/2026,2026-10-07T22:41:40.554167+00:00
40875,5673301,CHK-4448-2,"EDCKUL21GENBA100
Location: Gen room BA
Issue: Secondary starter missing end cap +/- terminal",EDCKUL21GENBA100,equipment,8742791,construction,,617565,Critical,06/03/2026,06/05/2026,Sime Darby Industrial,company,68570,477939,Electrical,,,228270,Closed,"4448, Line 25",checklist,448943281,Alif Aizat,05/20/2026,2026-10-07T22:41:40.554167+00:00
40875,5660678,CHK-4405-2,"EDCKUL21DPPBZ210

Location: BZ Genset Room

Issue
Pending approval revised drawing",EDCKUL21DPPBZ210,equipment,8742757,construction,,,,06/01/2026,05/19/2026,Sime Darby Industrial,company,68570,477939,Electrical,,,228270,Closed,"4405, Line 15",checklist,448940647,Tarmizi Isa,05/18/2026,2026-10-07T22:41:40.554167+00:00
40875,5660675,CHK-4372-2,"EDCKUL21DPPBF210

Location: BF Genset Room

Issue
Pending approval revised drawing",EDCKUL21DPPBF210,equipment,8742715,construction,,,,06/01/2026,05/19/2026,Sime Darby Industrial,company,68570,477939,Electrical,,,228270,Closed,"4372, Line 15",checklist,448938634,Tarmizi Isa,05/18/2026,2026-10-07T22:41:40.554167+00:00
40875,5660674,CHK-4368-2,"EDCKUL21DPPBE210

Location: BE Genset Room

Issue
Pending approval revised drawing",EDCKUL21DPPBE210,equipment,8742711,construction,,,,06/01/2026,05/19/2026,Sime Darby Industrial,company,68570,477939,Electrical,,,228270,Closed,"4368, Line 15",checklist,448938390,Tarmizi Isa,05/18/2026,2026-10-07T22:41:40.554167+00:00
40875,5660672,CHK-4364-2,"EDCKUL21DPPBD210

Location: BD Genset Room

Issue
Pending approval revised drawing",EDCKUL21DPPBD210,equipment,8742707,construction,,,,06/01/2026,05/19/2026,Sime Darby Industrial,company,68570,477939,Electrical,,,228270,Closed,"4364, Line 15",checklist,448938146,Tarmizi Isa,05/18/2026,2026-10-07T22:41:40.554167+00:00
40875,5660671,CHK-4405-1,"EDCKUL21DPPBZ210

Location: BZ Genset Room

Issue
Pending arc flash label",EDCKUL21DPPBZ210,equipment,8742757,construction,,617567,Non-Critical,06/01/2026,07/27/2026,Sime Darby Industrial,company,68570,477939,Electrical,,,228270,Closed,"4405, Line 24",checklist,448940657,Tarmizi Isa,05/18/2026,2026-10-07T22:41:40.554167+00:00
40875,5660669,CHK-4372-1,"EDCKUL21DPPBF210

Location: BF Genset Room

Issue
Pending arc flash label",EDCKUL21DPPBF210,equipment,8742715,construction,,617567,Non-Critical,06/01/2026,07/27/2026,Sime Darby Industrial,company,68570,477939,Electrical,,,228270,Closed,"4372, Line 24",checklist,448938644,Tarmizi Isa,05/18/2026,2026-10-07T22:41:40.554167+00:00
40875,5660663,CHK-4364-1,"EDCKUL21DPPBD210

Location: BE Genset Room

Issue
Pending arc flash label",EDCKUL21DPPBD210,equipment,8742707,construction,,617567,Non-Critical,06/01/2026,07/27/2026,Sime Darby Industrial,company,68570,477939,Electrical,,,228270,Closed,"4364, Line 23",checklist,448938155,Tarmizi Isa,05/18/2026,2026-10-07T22:41:40.554167+00:00
40875,5660648,CHK-4368-1,"EDCKUL21DPPBE210

Location: BE Genset Room

Issue
Pending arc flash label",EDCKUL21DPPBE210,equipment,8742711,construction,,617567,Non-Critical,06/01/2026,07/27/2026,Sime Darby Industrial,company,68570,477939,Electrical,,,228270,Closed,"4368, Line 24",checklist,448938400,Tarmizi Isa,05/18/2026,2026-10-07T22:41:40.554167+00:00
40875,5651770,CHK-6806-1,"EDCKUL21UDPBE220
Location: STS BE Room

Issue
Pending new nameplate replacement",EDCKUL21UDPBE220,equipment,11769006,construction,,617567,Non-Critical,05/29/2026,06/14/2026,Powerwell,company,68459,477939,Electrical,19068,Construction,228270,Closed,"6806, Line 11",checklist,770141141,Tarmizi Isa,05/15/2026,2026-10-07T22:41:40.554167+00:00
40875,5651769,CHK-6803-1,"EDCKUL21UDPBE110
Location: STS BE Room

Issue
Pending new nameplate replacement",EDCKUL21UDPBE110,equipment,11769005,construction,,617567,Non-Critical,05/29/2026,06/14/2026,Powerwell,company,68459,477939,Electrical,19068,Construction,228270,Closed,"6803, Line 11",checklist,770141004,Tarmizi Isa,05/15/2026,2026-10-07T22:41:40.554167+00:00
40875,5651765,CHK-6800-1,"EDCKUL21UDPBD440
Location: STS BD Room

Issue
Pending new nameplate replacement",EDCKUL21UDPBD440,equipment,11769004,construction,,617567,Non-Critical,05/29/2026,06/14/2026,Powerwell,company,68459,477939,Electrical,19068,Construction,228270,Closed,"6800, Line 11",checklist,770140867,Tarmizi Isa,05/15/2026,2026-10-07T22:41:40.554167+00:00
40875,5651756,CHK-6791-1,"EDCKUL21UDPBD110
Location: STS BD Room

Issue
Pending new nameplate replacement",EDCKUL21UDPBD110,equipment,11769001,construction,,617567,Non-Critical,05/29/2026,06/14/2026,Powerwell,company,68459,477939,Electrical,,,228270,Closed,"6791, Line 11",checklist,770140456,Tarmizi Isa,05/15/2026,2026-10-07T22:41:40.554167+00:00
40875,5651747,CHK-6797-1,"EDCKUL21UDPBD330
Location: STS BD Room

Issue
Pending new nameplate replacement",EDCKUL21UDPBD330,equipment,11769003,construction,,617567,Non-Critical,05/29/2026,06/14/2026,Powerwell,company,68459,477939,Electrical,19068,Construction,228270,Closed,"6797, Line 11",checklist,770140730,Tarmizi Isa,05/15/2026,2026-10-07T22:41:40.554167+00:00
40875,5651746,CHK-6794-1,"EDCKUL21UDPBD220
Location: STS BD Room

Issue
Pending new nameplate replacement",EDCKUL21UDPBD220,equipment,11769002,construction,,617567,Non-Critical,05/29/2026,06/14/2026,Powerwell,company,68459,477939,Electrical,,,228270,Closed,"6794, Line 11",checklist,770140593,Tarmizi Isa,05/15/2026,2026-10-07T22:41:40.554167+00:00
40875,5651744,CHK-6788-1,"EDCKUL21UDPBC440
Location: STS BC Room

Issue
Pending new nameplate replacement",EDCKUL21UDPBC440,equipment,11769000,construction,,617567,Non-Critical,05/29/2026,06/14/2026,Powerwell,company,68459,477939,Electrical,19068,Construction,228270,Closed,"6788, Line 11",checklist,770140319,Tarmizi Isa,05/15/2026,2026-10-07T22:41:40.554167+00:00
40875,5651740,CHK-6785-1,"EDCKUL21UDPBC330
Location: STS BC Room

Issue
Pending new nameplate replacement",EDCKUL21UDPBC330,equipment,11768999,construction,,617567,Non-Critical,05/29/2026,06/14/2026,Powerwell,company,68459,477939,Electrical,19068,Construction,228270,Closed,"6785, Line 11",checklist,770140182,Tarmizi Isa,05/15/2026,2026-10-07T22:41:40.554167+00:00
40875,5651731,CHK-6782-1,"EDCKUL21UDPBC220
Location: STS BC Room

Issue
Pending new nameplate replacement",EDCKUL21UDPBC220,equipment,11768998,construction,,617567,Non-Critical,05/29/2026,06/14/2026,Powerwell,company,68459,477939,Electrical,19068,Construction,228270,Closed,"6782, Line 11",checklist,770140045,Tarmizi Isa,05/15/2026,2026-10-07T22:41:40.554167+00:00
40875,5651727,CHK-6779-1,"EDCKUL21UDPBC110
Location: STS BC Room

Issue
Pending new nameplate replacement",EDCKUL21UDPBC110,equipment,11768997,construction,,617567,Non-Critical,05/29/2026,06/14/2026,Powerwell,company,68459,477939,Electrical,,,228270,Closed,"6779, Line 11",checklist,770139908,Tarmizi Isa,05/15/2026,2026-10-07T22:41:40.554167+00:00
40875,5651717,CHK-6776-1,"EDCKUL21UDPBB440
Location: STS BB Room

Issue
Pending new nameplate replacement",EDCKUL21UDPBB440,equipment,11768996,construction,,617567,Non-Critical,05/29/2026,06/14/2026,Powerwell,company,68459,477939,Electrical,19068,Construction,228270,Closed,"6776, Line 11",checklist,770139771,Tarmizi Isa,05/15/2026,2026-10-07T22:41:40.554167+00:00
40875,5651712,CHK-6773-1,"EDCKUL21UDPBB330
Location: STS BB Room

Issue
Pending new nameplate replacement",EDCKUL21UDPBB330,equipment,11768995,construction,,617567,Non-Critical,05/29/2026,06/14/2026,Powerwell,company,68459,477939,Electrical,19068,Construction,228270,Closed,"6773, Line 11",checklist,770139634,Tarmizi Isa,05/15/2026,2026-10-07T22:41:40.554167+00:00
40875,5651711,CHK-6770-1,"EDCKUL21UDPBB110
Location: STS BB Room

Issue
Pending new nameplate replacement",EDCKUL21UDPBB220,equipment,11768994,construction,,617567,Non-Critical,05/29/2026,06/14/2026,Powerwell,company,68459,477939,Electrical,,,228270,Closed,"6770, Line 11",checklist,770139497,Tarmizi Isa,05/15/2026,2026-10-07T22:41:40.554167+00:00
40875,5651710,CHK-6767-1,"EDCKUL21UDPBB110
Location: STS BB Room

Issue
Pending new nameplate replacement",EDCKUL21UDPBB110,equipment,11768993,construction,,617567,Non-Critical,05/29/2026,06/14/2026,Powerwell,company,68459,477939,Electrical,19068,Construction,228270,Closed,"6767, Line 11",checklist,770139360,Tarmizi Isa,05/15/2026,2026-10-07T22:41:40.554167+00:00
40875,5651706,CHK-6764-1,"EDCKUL21UDPBA440
Location: STS BA Room

Issue
Pending new nameplate replacement",EDCKUL21UDPBA440,equipment,11768992,construction,,617567,Non-Critical,05/29/2026,06/14/2026,Powerwell,company,68459,477939,Electrical,19068,Construction,228270,Closed,"6764, Line 11",checklist,770139223,Tarmizi Isa,05/15/2026,2026-10-07T22:41:40.554167+00:00
40875,5651704,CHK-6761-1,"EDCKUL21UDPBA330
Location: STS BA Room

Issue
Pending new nameplate replacement",EDCKUL21UDPBA330,equipment,11768991,construction,,617567,Non-Critical,05/29/2026,06/14/2026,Powerwell,company,68459,477939,Electrical,,,228270,Closed,"6761, Line 11",checklist,770139086,Tarmizi Isa,05/15/2026,2026-10-07T22:41:40.554167+00:00
40875,5651702,CHK-6758-1,"EDCKUL21UDPBA220
Location: STS BA Room

Issue
Pending new nameplate replacement",EDCKUL21UDPBA220,equipment,11768990,construction,,617567,Non-Critical,05/29/2026,06/14/2026,Powerwell,company,68459,477939,Electrical,19068,Construction,228270,Closed,"6758, Line 11",checklist,770138949,Tarmizi Isa,05/15/2026,2026-10-07T22:41:40.554167+00:00
40875,5651699,CHK-6755-1,"EDCKUL21UDPBA110
Location: STS BA Room

Issue
Pending new nameplate replacement",EDCKUL21UDPBA110,equipment,11768989,construction,,617567,Non-Critical,05/29/2026,06/14/2026,Powerwell,company,68459,477939,Electrical,19068,Construction,228270,Closed,"6755, Line 11",checklist,770138812,Tarmizi Isa,05/15/2026,2026-10-07T22:41:40.554167+00:00
40875,5651265,CHK-4443-1,"EDCKUL21GDTBD100

Location: BD Genset Room

Issue
To clean/touch up rusty part",EDCKUL21GDTBD100,equipment,8742786,construction,,617567,Non-Critical,05/29/2026,06/19/2026,Sime Darby Industrial,company,68570,477946,Mechanical,19068,Construction,228270,Closed,"4443, Line 34",checklist,448942985,Nadhirah Mazlan,05/15/2026,2026-10-07T22:41:40.554167+00:00
40875,5555705,CHK-3411-1,"EDCKUL21BMPBH100

Location: BH Elec room

Issue
Pending approval drawing for BMPBH positioning",EDCKUL21BMPBH100,equipment,8743366,construction,,617565,Critical,05/12/2026,05/07/2026,Promatrix DCS,company,68571,478560,ELV,19068,Construction,228270,Closed,"3411, Line 14",checklist,448892082,Tarmizi Isa,04/28/2026,2026-10-07T22:41:40.554167+00:00
40875,5526584,CHK-4507-3,"EDCKUL21MSBBH210
Location: BH elect room

Issue
It was found that the drawing indicates a 1×5C armoured cable (R, Y, B, N, E), as highlighted in yellow, for the outgoing to the guardhouse. However, the installed cable on site is a 1×4C armoured cable with a separate, non-armoured earth cable.

Kindly clarify this matter, as any deviation in cable installation must obtain prior approval from the engineering team.",EDCKUL21MSBBH210,equipment,8742844,construction,,617565,Critical,05/06/2026,05/14/2026,Promatrix DCS,company,68571,477939,Electrical,19068,Construction,228270,Closed,"4507, Line 25",checklist,448946880,Tarmizi Isa,04/22/2026,2026-10-07T22:41:40.554167+00:00
40875,5526554,CHK-4507-2,"EDCKUL21MSBBH210
Location: BH Elect Room

Issue
The neutral terminal block for the outgoing cable to the guardhouse is missing",EDCKUL21MSBBH210,equipment,8742844,construction,,617565,Critical,05/06/2026,05/07/2026,Promatrix DCS,company,68571,477939,Electrical,19068,Construction,228270,Closed,"4507, Line 26",checklist,448946881,Tarmizi Isa,04/22/2026,2026-10-07T22:41:40.554167+00:00
40875,5526548,CHK-4507-1,"EDCKUL21MSBBH210
Location: BH elect room

Issue
FB-3, FB-8 terminal block have become loose and cannot be properly tightened or torqued",EDCKUL21MSBBH210,equipment,8742844,construction,,617565,Critical,05/06/2026,05/07/2026,Promatrix DCS,company,68571,477939,Electrical,19068,Construction,228270,Closed,"4507, Line 26",checklist,448946881,Tarmizi Isa,04/22/2026,2026-10-07T22:41:40.554167+00:00
40875,5520813,CHK-4388-3,"EDCKUL21DPPBH720
Location: External

Issue
Pending Arc flash label",EDCKUL21DPPBH720,equipment,8742731,construction,,617567,Non-Critical,05/05/2026,07/23/2026,Promatrix DCS,company,68571,477939,Electrical,,,228270,Closed,"4388, Line 24",checklist,448939620,Tarmizi Isa,04/21/2026,2026-10-07T22:41:40.554167+00:00
40875,5516490,CHK-4458-3,"EDCKUL21GSBBC110
Location: Generator room BC

Issue: Labelling for relays missing",EDCKUL21GSBBC110,equipment,8742801,construction,,617565,Critical,05/04/2026,06/03/2026,Sime Darby Industrial,company,68570,477939,Electrical,,,228270,Closed,"4458, Line 29",checklist,448943895,Alif Aizat,04/20/2026,2026-10-07T22:41:40.554167+00:00
40875,5516382,CHK-4462-2,"EDCKUL21GSBBH110
Location: Generator room BH

Issue: Labelling for relays missing",EDCKUL21GSBBH110,equipment,8742806,construction,,617565,Critical,05/04/2026,05/25/2026,Sime Darby Industrial,company,68570,477939,Electrical,,,228270,Closed,"4462, Line 29",checklist,448944139,Alif Aizat,04/20/2026,2026-10-07T22:41:40.554167+00:00
40875,5516371,CHK-4458-2,"EDCKUL21GSBBC110
Location: Generator room BC

Issue: Pending fireman switch installation",EDCKUL21GSBBC110,equipment,8742801,construction,,617565,Critical,05/04/2026,07/02/2026,Promatrix DCS,company,68571,477939,Electrical,,,228270,Closed,"4458, Line 29",checklist,448943895,Alif Aizat,04/20/2026,2026-10-07T22:41:40.554167+00:00
40875,5516321,CHK-4457-4,"EDCKUL21GSBBB110
Location: Generator room BB

Issue: Pending fireman switch installation",EDCKUL21GSBBB110,equipment,8742800,construction,,617565,Critical,05/04/2026,07/02/2026,Promatrix DCS,company,68571,477939,Electrical,,,228270,Closed,"4457, Line 29",checklist,448943834,Alif Aizat,04/20/2026,2026-10-07T22:41:40.554167+00:00
40875,5516269,CHK-4457-3,"EDCKUL21GSBBB110
Location: Generator room BB

Issue: Labelling for relays missing",EDCKUL21GSBBB110,equipment,8742800,construction,,617565,Critical,05/04/2026,06/03/2026,Sime Darby Industrial,company,68570,477939,Electrical,,,228270,Closed,"4457, Line 29",checklist,448943834,Alif Aizat,04/20/2026,2026-10-07T22:41:40.554167+00:00
40875,5516251,CHK-4456-5,"EDCKUL21GSBBA110
Location: Generator room BA

Issue: Labelling for relays missing",EDCKUL21GSBBA110,equipment,8742799,construction,,617565,Critical,05/04/2026,05/25/2026,Sime Darby Industrial,company,68570,477939,Electrical,,,228270,Closed,"4456, Line 29",checklist,448943773,Alif Aizat,04/20/2026,2026-10-07T22:41:40.554167+00:00
40875,5515054,CHK-4388-2,"EDCKUL21DPPBH720
Location: External

Issue
Several external lighting cable installations are still pending. Please refer to the attachment for details",EDCKUL21DPPBH720,equipment,8742731,construction,,617565,Critical,05/04/2026,,Promatrix DCS,company,68571,477939,Electrical,,,228267,Open,"4388, Line 25",checklist,448939621,Tarmizi Isa,04/20/2026,2026-10-07T22:41:40.554167+00:00
40875,5515051,CHK-4388-1,"DCKUL21DPPBH720
Location: External

Issue
Several external lighting cable inspections and test reports are still pending. Please refer to the attachment for details",EDCKUL21DPPBH720,equipment,8742731,construction,,617565,Critical,05/04/2026,,Promatrix DCS,company,68571,477939,Electrical,19068,Construction,228267,Open,"4388, Line 8",checklist,448939603,Tarmizi Isa,04/20/2026,2026-10-07T22:41:40.554167+00:00
40875,5515045,CHK-4386-3,"EDCKUL21DPPBH620
Location: External

Issue
Pending Arc flash label",EDCKUL21DPPBH620,equipment,8742729,construction,,617567,Non-Critical,05/04/2026,07/24/2026,Promatrix DCS,company,68571,477939,Electrical,19067,Commissioning,228270,Closed,"4386, Line 24",checklist,448939498,Tarmizi Isa,04/20/2026,2026-10-07T22:41:40.554167+00:00
40875,5515006,CHK-4386-2,"EDCKUL21DPPBH620
Location: External

Issue
Several external lighting cable installation are still pending. Please refer to the attachment for details",EDCKUL21DPPBH620,equipment,8742729,construction,,617565,Critical,05/04/2026,,Promatrix DCS,company,68571,477939,Electrical,19068,Construction,228267,Open,"4386, Line 25",checklist,448939499,Tarmizi Isa,04/20/2026,2026-10-07T22:41:40.554167+00:00
40875,5515003,CHK-4386-1,"EDCKUL21DPPBH620
Location: External

Issue
Several external lighting cable inspections and test reports are still pending. Please refer to the attachment for details",EDCKUL21DPPBH620,equipment,8742729,construction,,617565,Critical,05/04/2026,,Promatrix DCS,company,68571,477939,Electrical,19068,Construction,228267,Open,"4386, Line 8",checklist,448939481,Tarmizi Isa,04/20/2026,2026-10-07T22:41:40.554167+00:00
40875,5497283,CHK-4352-7,"EDCKUL21DPPBA210
Location: Generator room BA

Issue: Cable does not follow spec color",EDCKUL21DPPBA210,equipment,8742695,construction,,617565,Critical,04/29/2026,05/15/2026,Sime Darby Industrial,company,68570,477939,Electrical,,,228270,Closed,"4352, Line 25",checklist,448937425,Alif Aizat,04/15/2026,2026-10-07T22:41:40.554167+00:00
40875,5497277,CHK-4462-1,"EDCKUL21GSBBH110
Location: GEN Room BH

Issue: Flexible link heat shrink connection at cable box does not install properly",EDCKUL21GSBBH110,equipment,8742806,construction,,617565,Critical,04/29/2026,05/15/2026,Promatrix DCS,company,68571,477939,Electrical,,,228270,Closed,"4462, Line 25",checklist,448944135,Alif Aizat,04/15/2026,2026-10-07T22:41:40.554167+00:00
40875,5496867,CHK-4458-1,"EDCKUL21GSBBC110
Location: GEN Room BC

Issue: Flexible link connection at cable box does not install properly",EDCKUL21GSBBC110,equipment,8742801,construction,,617565,Critical,04/29/2026,05/15/2026,Promatrix DCS,company,68571,477939,Electrical,,,228270,Closed,"4458, Line 25",checklist,448943891,Alif Aizat,04/15/2026,2026-10-07T22:41:40.554167+00:00
40875,5496862,CHK-4457-2,"EDCKUL21GSBBB110
Location: GEN Room BB

Issue: Flexible link heat shrink connection at cable box does not install properly",EDCKUL21GSBBB110,equipment,8742800,construction,,617565,Critical,04/29/2026,06/03/2026,Promatrix DCS,company,68571,477939,Electrical,,,228270,Closed,"4457, Line 25",checklist,448943830,Alif Aizat,04/15/2026,2026-10-07T22:41:40.554167+00:00
40875,5490625,CHK-4375-4,"EDCKUL21DPPBH110

Location: BH Genset Room

Issue
Pending arc flash label",EDCKUL21DPPBH110,equipment,8742718,construction,,617567,Non-Critical,04/28/2026,07/27/2026,Sime Darby Industrial,company,68570,477939,Electrical,,,228270,Closed,"4375, Line 24",checklist,448938827,Tarmizi Isa,04/14/2026,2026-10-07T22:41:40.554167+00:00
40875,5490620,CHK-4360-3,"EDCKUL21DPPBC210

Location: BH Genset Room

Issue
The SLD shop drawing does not match the actual installation; therefore, the drawing needs to be updated and submitted for approval as an as-built drawing",EDCKUL21DPPBC210,equipment,8742703,construction,,,,04/28/2026,05/19/2026,Sime Darby Industrial,company,68570,477939,Electrical,,,228270,Closed,"4360, Line 15",checklist,448937902,Tarmizi Isa,04/14/2026,2026-10-07T22:41:40.554167+00:00
40875,5490612,CHK-4356-5,"EDCKUL21DPPBB210

Location: Genset BB Room

Issue
It was found that the anchor bolts and nuts have already corroded",EDCKUL21DPPBB210,equipment,8742699,construction,,617567,Non-Critical,04/28/2026,05/12/2026,Sime Darby Industrial,company,68570,477939,Electrical,,,228270,Closed,"4356, Line 34",checklist,448937678,Tarmizi Isa,04/14/2026,2026-10-07T22:41:40.554167+00:00
40875,5490604,CHK-4375-3,"EDCKUL21DPPBH110

Location: Genset BH Room

Issue
It was found that the anchor bolts and nuts have already corroded",EDCKUL21DPPBH110,equipment,8742718,construction,,617567,Non-Critical,04/28/2026,05/12/2026,Sime Darby Industrial,company,68570,477939,Electrical,,,228270,Closed,"4375, Line 34",checklist,448938837,Tarmizi Isa,04/14/2026,2026-10-07T22:41:40.554167+00:00
40875,5490597,CHK-4375-2,"EDCKUL21DPPBH110

Location: BH Genset Room

Issue
The SLD shop drawing does not match the actual installation; therefore, the drawing needs to be updated and submitted for approval as an as-built drawing",EDCKUL21DPPBH110,equipment,8742718,construction,,,,04/28/2026,05/19/2026,Sime Darby Industrial,company,68570,477939,Electrical,,,228270,Closed,"4375, Line 15",checklist,448938817,Tarmizi Isa,04/14/2026,2026-10-07T22:41:40.554167+00:00
40875,5484875,CHK-4375-1,"EDCKUL21DPPBH110

Location: BH genset room

Issue
It was observed that the wing nut, bolt, and nut at the battery termination clamp are corroded. Replacement with brass (copper-based) material is required to ensure proper conductivity and prevent further corrosion",EDCKUL21DPPBH110,equipment,8742718,construction,,,,04/27/2026,05/14/2026,Sime Darby Industrial,company,68570,477939,Electrical,,,228270,Closed,"4375, Line 34",checklist,448938837,Tarmizi Isa,04/13/2026,2026-10-07T22:41:40.554167+00:00
40875,5484845,CHK-4360-2,"EDCKUL21DPPBC210

Location: BC genset room

Issue
It was observed that the wing nut, bolt, and nut at the battery termination clamp are corroded. Replacement with brass (copper-based) material is required to ensure proper conductivity and prevent further corrosion",EDCKUL21DPPBC210,equipment,8742703,construction,,,,04/27/2026,05/14/2026,Sime Darby Industrial,company,68570,477939,Electrical,,,228270,Closed,"4360, Line 34",checklist,448937922,Tarmizi Isa,04/13/2026,2026-10-07T22:41:40.554167+00:00
40875,5484837,CHK-4356-4,"EDCKUL21DPPBB210

Location: BB genset room

Issue
It was observed that the wing nut, bolt, and nut at the battery termination clamp are corroded. Replacement with brass (copper-based) material is required to ensure proper conductivity and prevent further corrosion",EDCKUL21DPPBB210,equipment,8742699,construction,,,,04/27/2026,05/14/2026,Sime Darby Industrial,company,68570,477939,Electrical,,,228270,Closed,"4356, Line 34",checklist,448937678,Tarmizi Isa,04/13/2026,2026-10-07T22:41:40.554167+00:00
40875,5484633,CHK-4360-1,"EDCKUL21DPPBC210

Location: BC Genset Room

Issue
Pending arc flash label",EDCKUL21DPPBC210,equipment,8742703,construction,,617567,Non-Critical,04/27/2026,07/27/2026,Sime Darby Industrial,company,68570,477939,Electrical,,,228270,Closed,"4360, Line 24",checklist,448937912,Tarmizi Isa,04/13/2026,2026-10-07T22:41:40.554167+00:00
40875,5484626,CHK-4356-3,"EDCKUL21DPPBB210

Location: BB Genset Room

Issue
Pending arc flash label",EDCKUL21DPPBB210,equipment,8742699,construction,,617567,Non-Critical,04/27/2026,07/27/2026,Sime Darby Industrial,company,68570,477939,Electrical,,,228270,Closed,"4356, Line 24",checklist,448937668,Tarmizi Isa,04/13/2026,2026-10-07T22:41:40.554167+00:00
40875,5484623,CHK-4352-6,"EDCKUL21DPPBA210
Location Genset BA Room

Issue
Pending arc flash label",EDCKUL21DPPBA210,equipment,8742695,construction,,617567,Non-Critical,04/27/2026,07/27/2026,Sime Darby Industrial,company,68570,477939,Electrical,,,228270,Closed,"4352, Line 24",checklist,448937424,Tarmizi Isa,04/13/2026,2026-10-07T22:41:40.554167+00:00
40875,5484621,CHK-4352-5,"EDKUL21DPPBA210
Location: BA Genset Room

Issue
Missing cleaning report for battery rack",EDCKUL21DPPBA210,equipment,8742695,construction,,617567,Non-Critical,04/27/2026,04/14/2026,Sime Darby Industrial,company,68570,477939,Electrical,,,228270,Closed,"4352, Line 34",checklist,448937434,Tarmizi Isa,04/13/2026,2026-10-07T22:41:40.554167+00:00
40875,5461763,CHK-6580-5,"EDCKULDPPBHE20
Location: Fuel pump area

Issue
It was observed that the outgoing cables serving the Fuel Operation Panel (FOP) and LED lighting may not be installed using buried underground routing or an HDG cable tray. Therefore, the drawing shall be updated accordingly",EDCKUL21DPPBHE20,equipment,11964144,construction,,617567,Non-Critical,04/22/2026,06/23/2026,Promatrix DCS,company,68571,477939,Electrical,,,228270,Closed,"6580, Line 13",checklist,714914090,Tarmizi Isa,04/08/2026,2026-10-07T22:41:40.554167+00:00
40875,5456685,CHK-4356-1,"EDCKUL21DPPBB210

Location: BB Genset Room

Issue
The SLD shop drawing does not match the actual installation; therefore, the drawing needs to be updated and submitted for approval as an as-built drawing",EDCKUL21DPPBB210,equipment,8742699,construction,,,,04/21/2026,05/19/2026,Sime Darby Industrial,company,68570,477939,Electrical,,,228270,Closed,"4356, Line 15",checklist,448937658,Tarmizi Isa,04/07/2026,2026-10-07T22:41:40.554167+00:00
40875,5441013,CHK-4457-1,"EDCKUL21GSBBB110
Location: GEN Room BB

Issue: Busduct connection at cable box not aligned center position",EDCKUL21GSBBB110,equipment,8742800,construction,,617565,Critical,04/16/2026,05/06/2026,Promatrix DCS,company,68571,477939,Electrical,,,228270,Closed,"4457, Line 25",checklist,448943830,Alif Aizat,04/02/2026,2026-10-07T22:41:40.554167+00:00
40875,5435846,CHK-4352-4,"EDCKUL21DPPBA210

Location: BA Genset Room

Issue
The SLD shop drawing does not match the actual installation; therefore, the drawing needs to be updated and submitted for approval as an as-built drawing",EDCKUL21DPPBA210,equipment,8742695,construction,,,,04/15/2026,05/19/2026,Sime Darby Industrial,company,68570,477939,Electrical,,,228270,Closed,"4352, Line 15",checklist,448937414,Tarmizi Isa,04/01/2026,2026-10-07T22:41:40.554167+00:00
40875,5429570,CHK-6580-4,"EDCKUL21DPPBHE20
Location: Fuel pump area

Issue
The breaker stopper is missing. This may cause the component to move easily if the breaker stopper is not installed.",EDCKUL21DPPBHE20,equipment,11964144,construction,,617567,Non-Critical,04/14/2026,04/09/2026,Promatrix DCS,company,68571,477939,Electrical,,,228270,Closed,"6580, Line 19",checklist,714914096,Tarmizi Isa,03/31/2026,2026-10-07T22:41:40.554167+00:00
40875,5429555,CHK-6580-3,"EDKUL21DPPBHE20
Location: Fuel Pump Area

Issue
The top body panel was found to be slightly damaged and showing signs of rust",EDCKUL21DPPBHE20,equipment,11964144,construction,,617567,Non-Critical,04/14/2026,04/06/2026,Promatrix DCS,company,68571,477939,Electrical,,,228270,Closed,"6580, Line 16",checklist,714914093,Tarmizi Isa,03/31/2026,2026-10-07T22:41:40.554167+00:00
40875,5429520,CHK-6580-1,"EDCKUL21DPPBHE20
Location:

Issue
It was found that the surge arrester installed is rated at 20kA, whereas the single-line diagram indicates 40kA. The surge arrester rating must follow with the approved drawing",EDCKUL21DPPBHE20,equipment,11964144,construction,,617565,Critical,04/14/2026,04/01/2026,Promatrix DCS,company,68571,477939,Electrical,,,228270,Closed,"6580, Line 13",checklist,714914090,Tarmizi Isa,03/31/2026,2026-10-07T22:41:40.554167+00:00
40875,5383660,CHK-4456-4,"EDCKUL21GSBBA110
Location: Genset BA Room

Issue
Pending fireman switch cable termination",EDCKUL21GSBBA110,equipment,8742799,construction,,617565,Critical,04/02/2026,07/02/2026,Promatrix DCS,company,68571,477939,Electrical,,,228270,Closed,"4456, Line 29",checklist,448943773,Tarmizi Isa,03/19/2026,2026-10-07T22:41:40.554167+00:00
40875,5383652,CHK-4352-3,"EDCKUL21DPPBA210
Location Genset BA Room

Issues
It was found that there is no earthing provided for the genset battery rack. It must be earthed to ensure protection against any potential earth fault",EDCKUL21DPPBA210,equipment,8742695,construction,,617565,Critical,04/02/2026,05/11/2026,Promatrix DCS,company,68571,477939,Electrical,,,228270,Closed,"4352, Line 28",checklist,448937428,Tarmizi Isa,03/19/2026,2026-10-07T22:41:40.554167+00:00
40875,5371818,CHK-4448-1,"EDCKUL21GENBA110
Location: Genset room GF

Issue: Cable box generator needs to deep cleaning, this is a critical part",EDCKUL21GENBA100,equipment,8742791,construction,,617565,Critical,03/31/2026,04/07/2026,Sime Darby Industrial,company,68570,477939,Electrical,,,228270,Closed,"4448, Line 34",checklist,448943290,Alif Aizat,03/17/2026,2026-10-07T22:41:40.554167+00:00
40875,5371777,CHK-4456-3,"EDCKUL21GSBBA110
Location: Genset room GF

Issue: Cover plate cable missing",EDCKUL21GSBBA110,equipment,8742799,construction,,,,03/31/2026,05/20/2026,Sime Darby Industrial,company,68570,477939,Electrical,,,228270,Closed,"4456, Line 25",checklist,448943769,Alif Aizat,03/17/2026,2026-10-07T22:41:40.554167+00:00
40875,5371759,CHK-4456-2,"EDCKUL21GSBBA110
Location: Genset room GF

Issue: Screw cover plate missing",EDCKUL21GSBBA110,equipment,8742799,construction,,617567,Non-Critical,03/31/2026,06/11/2026,Sime Darby Industrial,company,68570,477939,Electrical,,,228270,Closed,"4456, Line 25",checklist,448943769,Alif Aizat,03/17/2026,2026-10-07T22:41:40.554167+00:00
40875,5371754,CHK-4456-1,"EDCKUL21GSBBA110
Location: Genset room GF

Issue
1.Pending arc flash sticker
2.Pending warning sticker
3.Pending calibration cert relay",EDCKUL21GSBBA110,equipment,8742799,construction,,617567,Non-Critical,03/31/2026,06/30/2026,Sime Darby Industrial,company,68570,477939,Electrical,,,228270,Closed,"4456, Line 21",checklist,448943765,Alif Aizat,03/17/2026,2026-10-07T22:41:40.554167+00:00
40875,5234824,CHK-4483-3,"EDCKUL21MDPBH210
Location: Corridor GF

Issue: Pending Arc flash sticker",EDCKUL21MDPBH210,equipment,8742820,construction,,617567,Non-Critical,02/26/2026,07/13/2026,Promatrix DCS,company,68571,477939,Electrical,,,228270,Closed,"4483, Line 24",checklist,448945415,Alif Aizat,02/12/2026,2026-10-07T22:41:40.554167+00:00
40875,5229600,CHK-4417-3,"EDCKUL21DSGBA110
Location: Tx Deck GF

Issue: Warning sticker damaged",EDCKUL21DSGBA110,equipment,8742760,construction,,,,02/25/2026,05/06/2026,Siemens Malaysia,company,69030,477939,Electrical,,,228270,Closed,"4417, Line 23",checklist,448941388,Alif Aizat,02/11/2026,2026-10-07T22:41:40.554167+00:00
40875,5206709,CHK-4488-3,"EDCKUL21MDPBH710
Location: Electrical room BH

Issue: Pending arc flash sticker",EDCKUL21MDPBH710,equipment,8742825,construction,,617567,Non-Critical,02/19/2026,06/30/2026,Promatrix DCS,company,68571,477939,Electrical,,,228270,Closed,"4488, Line 24",checklist,448945720,Alif Aizat,02/05/2026,2026-10-07T22:41:40.554167+00:00
40875,5206695,CHK-4484-2,"EDCKUL21MDPBH310
Location: Electrical room BZ

Issue: Pending arc flash sticker",EDCKUL21MDPBH310,equipment,8742821,construction,,617567,Non-Critical,02/19/2026,07/09/2026,Promatrix DCS,company,68571,477939,Electrical,,,228270,Closed,"4484, Line 24",checklist,448945476,Alif Aizat,02/05/2026,2026-10-07T22:41:40.554167+00:00
40875,5206688,CHK-4482-3,"EDCKUL21MDPBH110
Location: Electrical room BH

Issue: Pending arc flash sticker",EDCKUL21MDPBH110,equipment,8742819,construction,,617567,Non-Critical,02/19/2026,07/10/2026,Promatrix DCS,company,68571,477939,Electrical,,,228270,Closed,"4482, Line 24",checklist,448945354,Alif Aizat,02/05/2026,2026-10-07T22:41:40.554167+00:00
40875,5175975,CHK-4793-1,"EDCKUL21TRNBC100
Location: Tx Deck GF

Issue: Busduct connection at cable box not aligned center position",EDCKUL21TRNBC100,equipment,8743128,construction,,617565,Critical,02/11/2026,02/23/2026,Promatrix DCS,company,68571,477939,Electrical,,,228270,Closed,"4793, Line 25",checklist,448977614,Alif Aizat,01/28/2026,2026-10-07T22:41:40.554167+00:00
40875,5156579,CHK-4470-1,"EDCKUL21MBCBH110
Location: BH Elec Room

Issue
Missing arc flash sticker",EDCKUL21MBCBH110,equipment,8742810,construction,,617567,Non-Critical,02/05/2026,07/13/2026,Powerwell,company,68459,477939,Electrical,,,228270,Closed,"4470, Line 24",checklist,448944622,Tarmizi Isa,01/22/2026,2026-10-07T22:41:40.554167+00:00
40875,5151197,CHK-4483-2,"EDCKUL21MDPBH210
Location: GF, Corridor

Issue
Missing ID tag",EDCKUL21MDPBH210,equipment,8742820,construction,,,,02/04/2026,02/26/2026,Promatrix DCS,company,68571,477939,Electrical,,,228270,Closed,"4483, Line 20",checklist,448945411,Tarmizi Isa,01/21/2026,2026-10-07T22:41:40.554167+00:00
40875,5123280,CHK-3725-1,"EDCKUL21OAF03000
Location: 1F Corridor 9

Issue:
Control panel not installed yet",EDCKUL21OAF03000,equipment,8742862,construction,,617567,Non-Critical,01/28/2026,02/16/2026,Promatrix DCS,company,68571,477946,Mechanical,,,228270,Closed,"3725, Line 15",checklist,448903387,Aaron Asir,01/14/2026,2026-10-07T22:41:40.554167+00:00
40875,5123278,CHK-3724-1,"EDCKUL21OAF02900
Location: 1F Corridor 3

Issue:
Control panel not installed yet",EDCKUL21OAF02900,equipment,8742861,construction,,617567,Non-Critical,01/28/2026,02/16/2026,Promatrix DCS,company,68571,477946,Mechanical,,,228270,Closed,"3724, Line 15",checklist,448903351,Aaron Asir,01/14/2026,2026-10-07T22:41:40.554167+00:00
40875,5123276,CHK-3723-1,"EDCKUL21OAF02800
Location: 1F Corridor 5

Issue:
Control panel not installed yet",EDCKUL21OAF02800,equipment,8742860,construction,,617567,Non-Critical,01/28/2026,02/16/2026,Promatrix DCS,company,68571,477946,Mechanical,,,228270,Closed,"3723, Line 15",checklist,448903315,Aaron Asir,01/14/2026,2026-10-07T22:41:40.554167+00:00
40875,5123275,CHK-3722-1,"EDCKUL21OAF02700
Location: 1F Corridor 4

Issue:
Control panel not installed yet",EDCKUL21OAF02700,equipment,8742859,construction,,617567,Non-Critical,01/28/2026,02/16/2026,Promatrix DCS,company,68571,477946,Mechanical,,,228270,Closed,"3722, Line 15",checklist,448903279,Aaron Asir,01/14/2026,2026-10-07T22:41:40.554167+00:00
40875,5123274,CHK-3721-1,"EDCKUL21OAF02600
Location: 1F Corridor 7

Issue:
Control panel not installed yet",EDCKUL21OAF02600,equipment,8742858,construction,,617567,Non-Critical,01/28/2026,02/16/2026,Promatrix DCS,company,68571,477946,Mechanical,,,228270,Closed,"3721, Line 15",checklist,448903243,Aaron Asir,01/14/2026,2026-10-07T22:41:40.554167+00:00
40875,5123269,CHK-3720-1,"EDCKUL21OAF02500
Location: 1F Corridor 8

Issue:
Control panel not installed yet",EDCKUL21OAF02500,equipment,8742857,construction,,617567,Non-Critical,01/28/2026,02/16/2026,Promatrix DCS,company,68571,477946,Mechanical,,,228270,Closed,"3720, Line 15",checklist,448903207,Aaron Asir,01/14/2026,2026-10-07T22:41:40.554167+00:00
40875,5123267,CHK-3719-1,"EDCKUL21OAF02400
Location: 1F Corridor 6

Issue:
Control panel not installed yet",EDCKUL21OAF02400,equipment,8742856,construction,,617567,Non-Critical,01/28/2026,02/16/2026,Promatrix DCS,company,68571,477946,Mechanical,,,228270,Closed,"3719, Line 15",checklist,448903171,Aaron Asir,01/14/2026,2026-10-07T22:41:40.554167+00:00
40875,5123259,CHK-3718-1,"EDCKUL21OAF02300
Location: 1F Corridor 1

Issue:
Control panel not installed yet",EDCKUL21OAF02300,equipment,8742855,construction,,617567,Non-Critical,01/28/2026,02/16/2026,Promatrix DCS,company,68571,477946,Mechanical,,,228270,Closed,"3718, Line 15",checklist,448903135,Aaron Asir,01/14/2026,2026-10-07T22:41:40.554167+00:00
40875,5123257,CHK-3717-1,"EDCKUL21OAF02200
Location: 1F Corridor 2

Issue:
Control panel not installed yet",EDCKUL21OAF02200,equipment,8742854,construction,,617567,Non-Critical,01/28/2026,02/16/2026,Promatrix DCS,company,68571,477946,Mechanical,,,228270,Closed,"3717, Line 15",checklist,448903099,Aaron Asir,01/14/2026,2026-10-07T22:41:40.554167+00:00
40875,5123252,CHK-3716-1,"EDCKUL21OAF02100
Location: GF Corridor 9

Issue:
Control panel not installed yet",EDCKUL21OAF02100,equipment,8742853,construction,,617567,Non-Critical,01/28/2026,02/16/2026,Promatrix DCS,company,68571,477946,Mechanical,,,228270,Closed,"3716, Line 15",checklist,448903063,Aaron Asir,01/14/2026,2026-10-07T22:41:40.554167+00:00
40875,5123239,CHK-3715-1,"EDCKUL21OAF02000
Location: GF Corridor 3

Issue:
Control panel not installed yet",EDCKUL21OAF02000,equipment,8742852,construction,,617567,Non-Critical,01/28/2026,02/16/2026,Promatrix DCS,company,68571,477946,Mechanical,,,228270,Closed,"3715, Line 15",checklist,448903027,Aaron Asir,01/14/2026,2026-10-07T22:41:40.554167+00:00
40875,5123235,CHK-3714-1,"EDCKUL21OAF01900
Location: GF Corridor 5

Issue:
Control panel not installed yet",EDCKUL21OAF01900,equipment,8742851,construction,,617567,Non-Critical,01/28/2026,02/16/2026,Promatrix DCS,company,68571,477946,Mechanical,,,228270,Closed,"3714, Line 15",checklist,448902991,Aaron Asir,01/14/2026,2026-10-07T22:41:40.554167+00:00
40875,5123231,CHK-3713-1,"EDCKUL21OAF01800
Location: GF Corridor 4

Issue:
Control panel not installed yet",EDCKUL21OAF01800,equipment,8742850,construction,,617567,Non-Critical,01/28/2026,02/16/2026,Promatrix DCS,company,68571,477946,Mechanical,,,228270,Closed,"3713, Line 15",checklist,448902955,Aaron Asir,01/14/2026,2026-10-07T22:41:40.554167+00:00
40875,5123229,CHK-3712-1,"EDCKUL21OAF01700
Location: GF Corridor 7

Issue:
Control panel not installed yet",EDCKUL21OAF01700,equipment,8742849,construction,,617567,Non-Critical,01/28/2026,02/16/2026,Promatrix DCS,company,68571,477946,Mechanical,,,228270,Closed,"3712, Line 15",checklist,448902919,Aaron Asir,01/14/2026,2026-10-07T22:41:40.554167+00:00
40875,5123227,CHK-5728-1,"EDCKUL21OAF01600
Location: GF Corridor 8

Issue:
Control panel not installed yet",EDCKUL21OAF01600,equipment,9138545,construction,,617567,Non-Critical,01/28/2026,02/26/2026,Promatrix DCS,company,68571,,,,,228270,Closed,"5728, Line 15",checklist,457169566,Aaron Asir,01/14/2026,2026-10-07T22:41:40.554167+00:00
40875,5123223,CHK-5725-1,"EDCKUL21OAF01500
Location: GF Corridor 6

Issue:
Control panel not installed yet",EDCKUL21OAF01500,equipment,9138544,construction,,617567,Non-Critical,01/28/2026,02/16/2026,Promatrix DCS,company,68571,477946,Mechanical,,,228270,Closed,"5725, Line 15",checklist,457169423,Aaron Asir,01/14/2026,2026-10-07T22:41:40.554167+00:00
40875,5123214,CHK-3711-2,"EDCKUL21OAF01400
Location: GF Corridor 1

Issue:
Control panel not installed yet",EDCKUL21OAF01400,equipment,8742848,construction,,617567,Non-Critical,01/28/2026,02/16/2026,Promatrix DCS,company,68571,477946,Mechanical,,,228270,Closed,"3711, Line 15",checklist,448902883,Aaron Asir,01/14/2026,2026-10-07T22:41:40.554167+00:00
40875,5123176,CHK-4488-2,"EDCKUL21MDPBH710
Location: Electrical room BH

Issue: Name plate asset ID tag is AH",EDCKUL21MDPBH710,equipment,8742825,construction,,,,01/28/2026,02/26/2026,Promatrix DCS,company,68571,477939,Electrical,,,228270,Closed,"4488, Line 20",checklist,448945716,Alif Aizat,01/14/2026,2026-10-07T22:41:40.554167+00:00
40875,5122974,CHK-3710-1,"EDCKUL21OAF01300
Location: GF Corridor 2

Issue: 
Control panel not installed yet",EDCKUL21OAF01300,equipment,8742847,construction,,617567,Non-Critical,01/28/2026,02/16/2026,Promatrix DCS,company,68571,477946,Mechanical,,,228270,Closed,"3710, Line 15",checklist,448902847,Aaron Asir,01/14/2026,2026-10-07T22:41:40.554167+00:00
40875,5122917,CHK-4427-1,"EDCKUL21EPPBH310
Location: MMR Room

Issue
Pending arc flash sticker",EDCKUL21EPPBH310,equipment,8742770,construction,,617567,Non-Critical,01/28/2026,07/30/2026,Promatrix DCS,company,68571,477939,Electrical,,,228270,Closed,"4427, Line 24",checklist,448941999,Tarmizi Isa,01/14/2026,2026-10-07T22:41:40.554167+00:00
40875,5122913,CHK-4426-1,"EDCKUL21EPPBH210
Location: MMR Room

Issue
Pending arc flash sticker",EDCKUL21EPPBH210,equipment,8742769,construction,,617567,Non-Critical,01/28/2026,07/30/2026,Promatrix DCS,company,68571,477939,Electrical,,,228270,Closed,"4426, Line 24",checklist,448941938,Tarmizi Isa,01/14/2026,2026-10-07T22:41:40.554167+00:00
40875,5122881,CHK-3475-5,"EDCKUL21CHLB0100
EDCKUL21CHLB0200
EDCKUL21CHLB0300
EDCKUL21CHLB0400
EDCKUL21CHLB0500
EDCKUL21CHLB0600
EDCKUL21CHLB0700
EDCKUL21CHLH0200

Location: Roof

Issue: 
Control panel components do not match drawings",EDCKUL21CHLA0900,equipment,8742607,construction,,,,01/28/2026,10/05/2026,Smardt,company,70452,477946,Mechanical,,,228270,Closed,"3475, Line 13",checklist,448894385,Aaron Asir,01/14/2026,2026-10-07T22:41:40.554167+00:00
40875,5122877,CHK-3475-4,"EDCKUL21CHLB0100
EDCKUL21CHLB0200
EDCKUL21CHLB0300
EDCKUL21CHLB0400
EDCKUL21CHLB0500
EDCKUL21CHLB0600
EDCKUL21CHLB0700
EDCKUL21CHLH0200

Location: Roof

Issue: 
Internal cable management to be made good",EDCKUL21CHLA0900,equipment,8742607,construction,,617567,Non-Critical,01/28/2026,,Smardt,company,70452,477946,Mechanical,,,228267,Open,"3475, Line 17",checklist,448894389,Aaron Asir,01/14/2026,2026-10-07T22:41:40.554167+00:00
40875,5122873,CHK-3475-3,"EDCKUL21CHLB0100
EDCKUL21CHLB0200
EDCKUL21CHLB0300
EDCKUL21CHLB0400
EDCKUL21CHLB0500
EDCKUL21CHLB0600
EDCKUL21CHLB0700
EDCKUL21CHLH0200

Location: Roof

Issue: 
1. Cover panel damage
2. Sticker discolouration",EDCKUL21CHLA0900,equipment,8742607,construction,,617567,Non-Critical,01/28/2026,09/21/2026,Aaron Asir,person,236657,477946,Mechanical,,,228270,Closed,"3475, Line 16",checklist,448894388,Aaron Asir,01/14/2026,2026-10-07T22:41:40.554167+00:00
40875,5122863,CHK-3475-2,"EDCKUL21CHLB0100
EDCKUL21CHLB0200
EDCKUL21CHLB0300
EDCKUL21CHLB0400
EDCKUL21CHLB0500
EDCKUL21CHLB0600
EDCKUL21CHLB0700
EDCKUL21CHLH0200

Location: Roof

Issue: 
1. Debris to be cleaned
2. Corroded parts to be replaced/cleaned
3. Dents on compressor to be rectified",EDCKUL21CHLA0900,equipment,8742607,construction,,617567,Non-Critical,01/28/2026,09/21/2026,Aaron Asir,person,236657,477946,Mechanical,,,228270,Closed,"3475, Line 16",checklist,448894388,Aaron Asir,01/14/2026,2026-10-07T22:41:40.554167+00:00
40875,5122846,CHK-3483-1,"EDCKUL21CHPB0100
EDCKUL21CHPB0200
EDCKUL21CHPB0300
EDCKUL21CHPB0400
EDCKUL21CHPB0500
EDCKUL21CHPB0600
EDCKUL21CHPB0700
EDCKUL21CHPH0200

Location: Roof

Issue: Spring isolator lock not removed",EDCKUL21CHPA0900,equipment,8742615,construction,,617567,Non-Critical,01/28/2026,03/17/2026,Aaron Asir,person,236657,477946,Mechanical,,,228270,Closed,"3483, Line 16",checklist,448894676,Aaron Asir,01/14/2026,2026-10-07T22:41:40.554167+00:00
40875,5122838,CHK-3475-1,"EDCKUL21CHLB0100
EDCKUL21CHLB0200
EDCKUL21CHLB0300
EDCKUL21CHLB0400
EDCKUL21CHLB0500
EDCKUL21CHLB0600
EDCKUL21CHLB0700
EDCKUL21CHLH0200

Location: Roof

Issue: Lifting lugs not removed",EDCKUL21CHLA0900,equipment,8742607,construction,,617567,Non-Critical,01/28/2026,03/17/2026,Aaron Asir,person,236657,477946,Mechanical,,,228270,Closed,"3475, Line 16",checklist,448894388,Aaron Asir,01/14/2026,2026-10-07T22:41:40.554167+00:00
40875,5117769,CHK-4430-1,"EDCKUL21EPPBH610
Location: AH Elect room

Issue
Pending arc flash sticker",EDCKUL21EPPBH610,equipment,8742773,construction,,617567,Non-Critical,01/27/2026,07/30/2026,Promatrix DCS,company,68571,477939,Electrical,,,228270,Closed,"4430, Line 24",checklist,448942182,Tarmizi Isa,01/13/2026,2026-10-07T22:41:40.554167+00:00
40875,5117596,CHK-4428-1,"EDCKUL21EPPBH410
Location: BH Elect Room

Issue
Pending arc flash sticker",EDCKUL21EPPBH410,equipment,8742771,construction,,617567,Non-Critical,01/27/2026,07/08/2026,Promatrix DCS,company,68571,477939,Electrical,,,228270,Closed,"4428, Line 24",checklist,448942060,Tarmizi Isa,01/13/2026,2026-10-07T22:41:40.554167+00:00
40875,5112672,CHK-4509-1,"EDCKUL21MSBBZ110
Location: Electrical room BZ
Issue: Pending arc flash sticker",EDCKUL21MSBBZ110,equipment,8742846,construction,,617567,Non-Critical,01/26/2026,07/22/2026,Powerwell,company,68459,477939,Electrical,,,228270,Closed,"4509, Line 24",checklist,448947001,Tarmizi Isa,01/12/2026,2026-10-07T22:41:40.554167+00:00
40875,5112668,CHK-4506-1,"EDCKUL21MSBBH110
Location: Electrical room BH
Issue: Pending arc flash sticker",EDCKUL21MSBBH110,equipment,8742843,construction,,617567,Non-Critical,01/26/2026,07/13/2026,Powerwell,company,68459,477939,Electrical,,,228270,Closed,"4506, Line 24",checklist,448946818,Tarmizi Isa,01/12/2026,2026-10-07T22:41:40.554167+00:00
40875,5112665,CHK-4505-1,"EDCKUL21MSBBF110
Location: Electrical room BF
Issue: Pending arc flash sticker",EDCKUL21MSBBF110,equipment,8742842,construction,,617567,Non-Critical,01/26/2026,07/13/2026,Powerwell,company,68459,477939,Electrical,,,228270,Closed,"4505, Line 24",checklist,448946757,Tarmizi Isa,01/12/2026,2026-10-07T22:41:40.554167+00:00
40875,5112659,CHK-4504-1,"EDCKUL21MSBBE110
Location: Electrical room BE
Issue: Pending arc flash sticker",EDCKUL21MSBBE110,equipment,8742841,construction,,617567,Non-Critical,01/26/2026,07/13/2026,Powerwell,company,68459,477939,Electrical,,,228270,Closed,"4504, Line 24",checklist,448946696,Tarmizi Isa,01/12/2026,2026-10-07T22:41:40.554167+00:00
40875,5112655,CHK-4503-1,"EDCKUL21MSBBD110
Location: Electrical room BD
Issue: Pending arc flash sticker",EDCKUL21MSBBD110,equipment,8742840,construction,,617567,Non-Critical,01/26/2026,07/13/2026,Powerwell,company,68459,477939,Electrical,,,228270,Closed,"4503, Line 24",checklist,448946635,Tarmizi Isa,01/12/2026,2026-10-07T22:41:40.554167+00:00
40875,5112599,CHK-4491-1,"EDCKUL21MDPBHA10
Location: BH Elec room

Issue
Pending Arc Flash Sticker
Pending Danger Sticker",EDCKUL21MDPBHA10,equipment,8742828,construction,,,,01/26/2026,04/23/2026,Promatrix DCS,company,68571,477939,Electrical,,,228270,Closed,"4491, Line 24",checklist,448945903,Tarmizi Isa,01/12/2026,2026-10-07T22:41:40.554167+00:00
40875,5112598,CHK-4174-1,"EDCKUL21ACS00760
Location: ITR 1.1

Issue:
1. Pending Asset ID
2. Pending signage (flow direction, loop identification)
3. Pending warning labels",EDCKUL21ACS00760,equipment,8743307,construction,,617567,Non-Critical,01/26/2026,04/07/2026,Promatrix DCS,company,68571,477946,Mechanical,,,228270,Closed,"4174, Line 20",checklist,448926562,Aaron Asir,01/12/2026,2026-10-07T22:41:40.554167+00:00
40875,5112597,CHK-4173-1,"EDCKUL21ACS00750
Location: SER 1.1

Issue:
1. Pending Asset ID
2. Pending signage (flow direction, loop identification)
3. Pending warning labels",EDCKUL21ACS00750,equipment,8743306,construction,,617567,Non-Critical,01/26/2026,04/07/2026,Promatrix DCS,company,68571,477946,Mechanical,,,228270,Closed,"4173, Line 20",checklist,448926501,Aaron Asir,01/12/2026,2026-10-07T22:41:40.554167+00:00
40875,5112594,CHK-4172-1,"EDCKUL21ACS00740
Location: Battery Room BZ

Issue:
1. Pending Asset ID
2. Pending signage (flow direction, loop identification)
3. Pending warning labels",EDCKUL21ACS00740,equipment,8743305,construction,,617567,Non-Critical,01/26/2026,05/07/2026,Promatrix DCS,company,68571,477946,Mechanical,,,228270,Closed,"4172, Line 20",checklist,448926440,Aaron Asir,01/12/2026,2026-10-07T22:41:40.554167+00:00
40875,5112593,CHK-4171-1,"EDCKUL21ACS00730
Location: Battery Room BF

Issue:
1. Pending Asset ID
2. Pending signage (flow direction, loop identification)
3. Pending warning labels",EDCKUL21ACS00730,equipment,8743304,construction,,617567,Non-Critical,01/26/2026,03/17/2026,Promatrix DCS,company,68571,477946,Mechanical,,,228270,Closed,"4171, Line 20",checklist,448926379,Aaron Asir,01/12/2026,2026-10-07T22:41:40.554167+00:00
40875,5112591,CHK-4170-1,"EDCKUL21ACS00720
Location: Battery Room BE

Issue:
1. Pending Asset ID
2. Pending signage (flow direction, loop identification)
3. Pending warning labels",EDCKUL21ACS00720,equipment,8743303,construction,,617567,Non-Critical,01/26/2026,03/17/2026,Promatrix DCS,company,68571,477946,Mechanical,,,228270,Closed,"4170, Line 20",checklist,448926318,Aaron Asir,01/12/2026,2026-10-07T22:41:40.554167+00:00
40875,5112584,CHK-4169-1,"EDCKUL21ACS00710
Location: Battery Room BD

Issue:
1. Pending Asset ID
2. Pending signage (flow direction, loop identification)
3. Pending warning labels",EDCKUL21ACS00710,equipment,8743302,construction,,617567,Non-Critical,01/26/2026,03/17/2026,Promatrix DCS,company,68571,477946,Mechanical,,,228270,Closed,"4169, Line 20",checklist,448926257,Aaron Asir,01/12/2026,2026-10-07T22:41:40.554167+00:00
40875,5112582,CHK-4180-1,"EDCKUL21ACS00680
Location: ECX Storage

Issue:
1. Pending Asset ID
2. Pending signage (flow direction, loop identification)
3. Pending warning labels",EDCKUL21ACS00680,equipment,8743314,construction,,617567,Non-Critical,01/26/2026,04/07/2026,Promatrix DCS,company,68571,477946,Mechanical,,,228270,Closed,"4180, Line 20",checklist,448926928,Aaron Asir,01/12/2026,2026-10-07T22:41:40.554167+00:00
40875,5112576,CHK-4168-1,"EDCKUL21ACS00670
Location: SER 1.2

Issue:
1. Pending Asset ID
2. Pending signage (flow direction, loop identification)
3. Pending warning labels",EDCKUL21ACS00670,equipment,8743300,construction,,617567,Non-Critical,01/26/2026,04/07/2026,Promatrix DCS,company,68571,477946,Mechanical,,,228270,Closed,"4168, Line 20",checklist,448926196,Aaron Asir,01/12/2026,2026-10-07T22:41:40.554167+00:00
40875,5112575,CHK-4166-1,"EDCKUL21ACS00650
Location: ITR 1.1

Issue:
1. Pending Asset ID
2. Pending signage (flow direction, loop identification)
3. Pending warning labels",EDCKUL21ACS00650,equipment,8743298,construction,,617567,Non-Critical,01/26/2026,04/07/2026,Promatrix DCS,company,68571,477946,Mechanical,,,228270,Closed,"4166, Line 20",checklist,448926074,Aaron Asir,01/12/2026,2026-10-07T22:41:40.554167+00:00
40875,5112574,CHK-4167-1,"EDCKUL21ACS00660
Location: ITR 1.2

Issue:
1. Pending Asset ID
2. Pending signage (flow direction, loop identification)
3. Pending warning labels",EDCKUL21ACS00660,equipment,8743299,construction,,617567,Non-Critical,01/26/2026,04/07/2026,Promatrix DCS,company,68571,477946,Mechanical,,,228270,Closed,"4167, Line 20",checklist,448926135,Aaron Asir,01/12/2026,2026-10-07T22:41:40.554167+00:00
40875,5112573,CHK-4165-1,"EDCKUL21ACS00640
Location: Battery Room BZ

Issue:
1. Pending Asset ID
2. Pending signage (flow direction, loop identification)
3. Pending warning labels",EDCKUL21ACS00640,equipment,8743297,construction,,617567,Non-Critical,01/26/2026,03/17/2026,Promatrix DCS,company,68571,477946,Mechanical,,,228270,Closed,"4165, Line 20",checklist,448926013,Aaron Asir,01/12/2026,2026-10-07T22:41:40.554167+00:00
40875,5112566,CHK-4164-1,"EDCKUL21ACS00630
Location: Battery Room BF

Issue:
1. Pending Asset ID
2. Pending signage (flow direction, loop identification)
3. Pending warning labels",EDCKUL21ACS00630,equipment,8743296,construction,,617567,Non-Critical,01/26/2026,03/17/2026,Promatrix DCS,company,68571,477946,Mechanical,,,228270,Closed,"4164, Line 20",checklist,448925952,Aaron Asir,01/12/2026,2026-10-07T22:41:40.554167+00:00
40875,5112561,CHK-4163-1,"EDCKUL21ACS00620
Location: Battery Room BE

Issue:
1. Pending Asset ID
2. Pending signage (flow direction, loop identification)
3. Pending warning labels",EDCKUL21ACS00620,equipment,8743295,construction,,617567,Non-Critical,01/26/2026,03/17/2026,Promatrix DCS,company,68571,477946,Mechanical,,,228270,Closed,"4163, Line 20",checklist,448925891,Aaron Asir,01/12/2026,2026-10-07T22:41:40.554167+00:00
40875,5112552,CHK-4162-1,"EDCKUL21ACS00610
Location: Battery Room BD

Issue:
1. Pending Asset ID
2. Pending signage (flow direction, loop identification)
3. Pending warning labels",EDCKUL21ACS00610,equipment,8743294,construction,,617567,Non-Critical,01/26/2026,04/07/2026,Promatrix DCS,company,68571,477946,Mechanical,,,228270,Closed,"4162, Line 20",checklist,448925830,Aaron Asir,01/12/2026,2026-10-07T22:41:40.554167+00:00
40875,5112542,CHK-4121-1,"EDCKUL21ACS002A0
Location: Panel Room

Issue:
1. Pending Asset ID
2. Pending signage (flow direction, loop identification)
3. Pending warning labels",EDCKUL21ACS002A0,equipment,8743267,construction,,617567,Non-Critical,01/26/2026,04/07/2026,Promatrix DCS,company,68571,477946,Mechanical,,,228270,Closed,"4121, Line 20",checklist,448923329,Aaron Asir,01/12/2026,2026-10-07T22:41:40.554167+00:00
40875,5112537,CHK-4120-1,"EDCKUL21ACS001B0
Location: Panel Room

Issue:
1. Pending Asset ID
2. Pending signage (flow direction, loop identification)
3. Pending warning labels",EDCKUL21ACS001B0,equipment,8743256,construction,,617567,Non-Critical,01/26/2026,04/07/2026,Promatrix DCS,company,68571,477946,Mechanical,,,228270,Closed,"4120, Line 20",checklist,448923268,Aaron Asir,01/12/2026,2026-10-07T22:41:40.554167+00:00
40875,5112524,CHK-4142-1,"EDCKUL21ACS00290
Location: Fibre Room

Issue:
1. Pending Asset ID
2. Pending signage (flow direction, loop identification)
3. Pending warning labels",EDCKUL21ACS00290,equipment,8743266,construction,,617567,Non-Critical,01/26/2026,04/07/2026,Promatrix DCS,company,68571,477946,Mechanical,,,228270,Closed,"4142, Line 20",checklist,448924610,Aaron Asir,01/12/2026,2026-10-07T22:41:40.554167+00:00
40875,5112520,CHK-4141-1,"EDCKUL21ACS00280
Location: POE 1

Issue:
1. Pending Asset ID
2. Pending signage (flow direction, loop identification)
3. Pending warning labels",EDCKUL21ACS00280,equipment,8743265,construction,,617567,Non-Critical,01/26/2026,04/07/2026,Promatrix DCS,company,68571,477946,Mechanical,,,228270,Closed,"4141, Line 20",checklist,448924549,Aaron Asir,01/12/2026,2026-10-07T22:41:40.554167+00:00
40875,5112519,CHK-4140-1,"EDCKUL21ACS00270
Location: SER 0.2

Issue:
1. Pending Asset ID
2. Pending signage (flow direction, loop identification)
3. Pending warning labels",EDCKUL21ACS00270,equipment,8743264,construction,,617567,Non-Critical,01/26/2026,03/17/2026,Promatrix DCS,company,68571,477946,Mechanical,,,228270,Closed,"4140, Line 20",checklist,448924488,Aaron Asir,01/12/2026,2026-10-07T22:41:40.554167+00:00
40875,5112516,CHK-4139-1,"EDCKUL21ACS00260
Location: ITR 0.1

Issue:
1. Pending Asset ID
2. Pending signage (flow direction, loop identification)
3. Pending warning labels",EDCKUL21ACS00260,equipment,8743263,construction,,617567,Non-Critical,01/26/2026,03/17/2026,Promatrix DCS,company,68571,477946,Mechanical,,,228270,Closed,"4139, Line 20",checklist,448924427,Aaron Asir,01/12/2026,2026-10-07T22:41:40.554167+00:00
40875,5112514,CHK-4138-1,"EDCKUL21ACS00250
Location: MV Room A

Issue:
1. Pending Asset ID
2. Pending signage (flow direction, loop identification)
3. Pending warning labels",EDCKUL21ACS00250,equipment,8743262,construction,,617567,Non-Critical,01/26/2026,03/17/2026,Promatrix DCS,company,68571,477946,Mechanical,,,228270,Closed,"4138, Line 20",checklist,448924366,Aaron Asir,01/12/2026,2026-10-07T22:41:40.554167+00:00
40875,5112513,CHK-4137-1,"EDCKUL21ACS00240
Location: MV Room B

Issue:
1. Pending Asset ID
2. Pending signage (flow direction, loop identification)
3. Pending warning labels",EDCKUL21ACS00240,equipment,8743261,construction,,617567,Non-Critical,01/26/2026,03/17/2026,Promatrix DCS,company,68571,477946,Mechanical,,,228270,Closed,"4137, Line 20",checklist,448924305,Aaron Asir,01/12/2026,2026-10-07T22:41:40.554167+00:00
40875,5112512,CHK-4136-1,"EDCKUL21ACS00230
Location: Battery Room BC

Issue:
1. Pending Asset ID
2. Pending signage (flow direction, loop identification)
3. Pending warning labels",EDCKUL21ACS00230,equipment,8743260,construction,,617567,Non-Critical,01/26/2026,03/17/2026,Promatrix DCS,company,68571,477946,Mechanical,,,228270,Closed,"4136, Line 20",checklist,448924244,Aaron Asir,01/12/2026,2026-10-07T22:41:40.554167+00:00
40875,5112510,CHK-4135-1,"EDCKUL21ACS00220
Location: Battery Room BB

Issue:
1. Pending Asset ID
2. Pending signage (flow direction, loop identification)
3. Pending warning labels",EDCKUL21ACS00220,equipment,8743259,construction,,617567,Non-Critical,01/26/2026,03/17/2026,Promatrix DCS,company,68571,477946,Mechanical,,,228270,Closed,"4135, Line 20",checklist,448924183,Aaron Asir,01/12/2026,2026-10-07T22:41:40.554167+00:00
40875,5112508,CHK-4134-1,"EDCKUL21ACS00210
Location: Battery Room BA

Issue:
1. Pending Asset ID
2. Pending signage (flow direction, loop identification)
3. Pending warning labels",EDCKUL21ACS00210,equipment,8743258,construction,,617567,Non-Critical,01/26/2026,03/17/2026,Promatrix DCS,company,68571,477946,Mechanical,,,228270,Closed,"4134, Line 20",checklist,448924122,Aaron Asir,01/12/2026,2026-10-07T22:41:40.554167+00:00
40875,5112500,CHK-4132-1,"EDCKUL21ACS00180
Location: ITR Q2

Issue:
1. Pending Asset ID
2. Pending signage (flow direction, loop identification)
3. Pending warning labels",EDCKUL21ACS00180,equipment,8743253,construction,,617567,Non-Critical,01/26/2026,04/07/2026,Promatrix DCS,company,68571,477946,Mechanical,,,228270,Closed,"4132, Line 20",checklist,448924000,Aaron Asir,01/12/2026,2026-10-07T22:41:40.554167+00:00
40875,5106389,CHK-4488-1,"EDCKUL21MDPBH710
Location: Electrical room BH

Issue:
1. Pending danger sign
2. Pending Arc flash sticker",EDCKUL21MDPBH710,equipment,8742825,construction,,,,01/23/2026,02/05/2026,Promatrix DCS,company,68571,477939,Electrical,,,228270,Closed,"4488, Line 24",checklist,448945720,Alif Aizat,01/09/2026,2026-10-07T22:41:40.554167+00:00
40875,5106387,CHK-4484-1,"EDCKUL21MDPBH310
Location: Electrical room BZ

Issue:
1. Pending danger sign
2. Pending Arc flash sticker",EDCKUL21MDPBH310,equipment,8742821,construction,,,,01/23/2026,02/05/2026,Promatrix DCS,company,68571,477939,Electrical,,,228270,Closed,"4484, Line 24",checklist,448945476,Alif Aizat,01/09/2026,2026-10-07T22:41:40.554167+00:00
40875,5106348,CHK-4483-1,"EDCKUL21MDPBH210
Location: Corridor GF

Issue:
1. Pending danger sign
2. Pending Arc flash sticker",EDCKUL21MDPBH210,equipment,8742820,construction,,,,01/23/2026,02/12/2026,Promatrix DCS,company,68571,477939,Electrical,,,228270,Closed,"4483, Line 24",checklist,448945415,Alif Aizat,01/09/2026,2026-10-07T22:41:40.554167+00:00
40875,5106304,CHK-4482-2,"EDCKUL21MDPBH110
Location: Electrical room BH

Issue: Stopper rail missing",EDCKUL21MDPBH110,equipment,8742819,construction,,,,01/23/2026,02/04/2026,Promatrix DCS,company,68571,477939,Electrical,,,228270,Closed,"4482, Line 25",checklist,448945355,Alif Aizat,01/09/2026,2026-10-07T22:41:40.554167+00:00
40875,5106287,CHK-4482-1,"EDCKUL21MDPBH110
Location: Electrical room BH

Issue:
1. Pending danger sign
2. Pending Arc flash sticker",EDCKUL21MDPBH110,equipment,8742819,construction,,,,01/23/2026,02/05/2026,Promatrix DCS,company,68571,477939,Electrical,,,228270,Closed,"4482, Line 24",checklist,448945354,Alif Aizat,01/09/2026,2026-10-07T22:41:40.554167+00:00
40875,5092921,CHK-4119-1,"EDCKUL21ACS001A0
Location: Fibre Room
Issue:
1. Pending Asset ID
2. Pending signage (flow direction, loop identification)
3. Pending warning labels",EDCKUL21ACS001A0,equipment,8743255,construction,,617567,Non-Critical,01/21/2026,04/07/2026,Promatrix DCS,company,68571,477946,Mechanical,,,228270,Closed,"4119, Line 20",checklist,448923207,Aaron Asir,01/07/2026,2026-10-07T22:41:40.554167+00:00
40875,5092915,CHK-4133-1,"EDCKUL21ACS00190
Location: POE 1

Issue:
1. Pending Asset ID
2. Pending signage (flow direction, loop identification)
3. Pending warning labels",EDCKUL21ACS00190,equipment,8743254,construction,,617567,Non-Critical,01/21/2026,04/07/2026,Promatrix DCS,company,68571,477946,Mechanical,,,228270,Closed,"4133, Line 20",checklist,448924061,Aaron Asir,01/07/2026,2026-10-07T22:41:40.554167+00:00
40875,5092910,CHK-4131-1,"EDCKUL21ACS00170
Location: SER 0.1

Issue:
1. Pending Asset ID
2. Pending signage (flow direction, loop identification)
3. Pending warning labels",EDCKUL21ACS00170,equipment,8743252,construction,,617567,Non-Critical,01/21/2026,04/07/2026,Promatrix DCS,company,68571,477946,Mechanical,,,228270,Closed,"4131, Line 20",checklist,448923939,Aaron Asir,01/07/2026,2026-10-07T22:41:40.554167+00:00
40875,5092644,CHK-4130-1,"EDCKUL21ACS00160
Location: ITR 0.1

Issue:
1. Pending Asset ID
2. Pending signage (flow direction, loop identification)
3. Pending warning labels",EDCKUL21ACS00160,equipment,8743251,construction,,617567,Non-Critical,01/21/2026,03/17/2026,Promatrix DCS,company,68571,477946,Mechanical,,,228270,Closed,"4130, Line 20",checklist,448923878,Aaron Asir,01/07/2026,2026-10-07T22:41:40.554167+00:00
40875,5092642,CHK-4129-1,"EDCKUL21ACS00150
Location: MV Room A

Issue:
1. Pending Asset ID
2. Pending signage (flow direction, loop identification)
3. Pending warning labels",EDCKUL21ACS00150,equipment,8743250,construction,,617567,Non-Critical,01/21/2026,03/17/2026,Promatrix DCS,company,68571,477946,Mechanical,,,228270,Closed,"4129, Line 20",checklist,448923817,Aaron Asir,01/07/2026,2026-10-07T22:41:40.554167+00:00
40875,5092640,CHK-4128-1,"EDCKUL21ACS00140
Location: MV Room B

Issue:
1. Pending Asset ID
2. Pending signage (flow direction, loop identification)
3. Pending warning labels",EDCKUL21ACS00140,equipment,8743249,construction,,617567,Non-Critical,01/21/2026,03/17/2026,Promatrix DCS,company,68571,477946,Mechanical,,,228270,Closed,"4128, Line 20",checklist,448923756,Aaron Asir,01/07/2026,2026-10-07T22:41:40.554167+00:00
40875,5092639,CHK-4127-1,"EDCKUL21ACS00130
Location: Battery Room BC

Issue:
1. Pending Asset ID
2. Pending signage (flow direction, loop identification)
3. Pending warning labels",EDCKUL21ACS00130,equipment,8743248,construction,,617567,Non-Critical,01/21/2026,03/17/2026,Promatrix DCS,company,68571,477946,Mechanical,,,228270,Closed,"4127, Line 20",checklist,448923695,Aaron Asir,01/07/2026,2026-10-07T22:41:40.554167+00:00
40875,5092606,CHK-4126-1,"EDCKUL21ACS00120
Location: Battery Room BB

Issue:
1. Pending Asset ID
2. Pending signage (flow direction, loop identification)
3. Pending warning labels",EDCKUL21ACS00120,equipment,8743247,construction,,617567,Non-Critical,01/21/2026,03/17/2026,Promatrix DCS,company,68571,477946,Mechanical,,,228270,Closed,"4126, Line 20",checklist,448923634,Aaron Asir,01/07/2026,2026-10-07T22:41:40.554167+00:00
40875,5092523,CHK-4125-1,"EDCKUL21ACS00110
Location: Battery Room BA

Issue:
1. Pending Asset ID
2. Pending signage (flow direction, loop identification)
3. Pending warning labels",EDCKUL21ACS00110,equipment,8743246,construction,,617567,Non-Critical,01/21/2026,03/17/2026,Promatrix DCS,company,68571,477946,Mechanical,,,228270,Closed,"4125, Line 20",checklist,448923573,Aaron Asir,01/07/2026,2026-10-07T22:41:40.554167+00:00
40875,5092509,CHK-4916-1,"EDCKUL21VRF00200
Location: Roof (VRF Bay)

Issue:
1. Pending Asset ID
2. Pending signage (flow direction, loop identification)
3. Pending warning labels",EDCKUL21VRF00700,equipment,8743301,construction,,617567,Non-Critical,01/21/2026,05/07/2026,Promatrix DCS,company,68571,477946,Mechanical,,,228270,Closed,"4916, Line 20",checklist,448991140,Aaron Asir,01/07/2026,2026-10-07T22:41:40.554167+00:00
40875,5092507,CHK-4915-1,"EDCKUL21VRF00600
Location: Roof (VRF Bay)

Issue:
1. Pending Asset ID
2. Pending signage (flow direction, loop identification)
3. Pending warning labels",EDCKUL21VRF00600,equipment,8743293,construction,,617567,Non-Critical,01/21/2026,05/07/2026,Promatrix DCS,company,68571,477946,Mechanical,,,228270,Closed,"4915, Line 20",checklist,448991030,Aaron Asir,01/07/2026,2026-10-07T22:41:40.554167+00:00
40875,5092505,CHK-4910-1,"EDCKUL21VRF00100
Location: Roof (VRF Bay)

Issue:
1. Pending Asset ID
2. Pending signage (flow direction, loop identification)
3. Pending warning labels",EDCKUL21VRF00100,equipment,8743245,construction,,617567,Non-Critical,01/21/2026,05/07/2026,Promatrix DCS,company,68571,477946,Mechanical,,,228270,Closed,"4910, Line 20",checklist,448990482,Aaron Asir,01/07/2026,2026-10-07T22:41:40.554167+00:00
40875,5092502,CHK-4911-1,"EDCKUL21VRF00200
Location: Roof (VRF Bay)

Issue:
1. Pending Asset ID
2. Pending signage (flow direction, loop identification)
3. Pending warning labels",EDCKUL21VRF00200,equipment,8743257,construction,,617567,Non-Critical,01/21/2026,05/07/2026,Promatrix DCS,company,68571,477946,Mechanical,,,228270,Closed,"4911, Line 20",checklist,448990590,Aaron Asir,01/07/2026,2026-10-07T22:41:40.554167+00:00
40875,5059932,CHK-4418-1,"EDCKUL21DSGBB110
Location: Tx deck GF
Issue: Asset ID tag and label the power source incorrect",EDCKUL21DSGBB110,equipment,8742761,construction,,617567,Non-Critical,01/05/2026,05/20/2026,Siemens Malaysia,company,69030,477939,Electrical,,,228270,Closed,"4418, Line 20",checklist,448941446,Alif Aizat,12/22/2025,2026-10-07T22:41:40.554167+00:00
40875,5059915,CHK-4792-1,"EDCKUL21TRNBB100
Location: Tx deck GF
Issue: Asset ID tag and label the power source incorrect",EDCKUL21TRNBB100,equipment,8743127,construction,,,,01/05/2026,04/07/2026,Siemens Malaysia,company,69030,477939,Electrical,,,228270,Closed,"4792, Line 20",checklist,448977498,Alif Aizat,12/22/2025,2026-10-07T22:41:40.554167+00:00
40875,5059906,CHK-4791-2,"EDCKUL21TRNBA100
Location: Tx deck GF
Issue: Asset ID tag and label the power source incorrect",EDCKUL21TRNBA100,equipment,8743126,construction,,,,01/05/2026,04/07/2026,Siemens Malaysia,company,69030,477939,Electrical,,,228270,Closed,"4791, Line 20",checklist,448977389,Alif Aizat,12/22/2025,2026-10-07T22:41:40.554167+00:00
40875,5059807,CHK-4510-4,"EDCKUL21MVSA0110
Location: MVSA room 
Issue: Tagging power cable feeder 1 B phase missing",EDCKUL21MVSA0110,equipment,8912307,construction,,,,01/05/2026,02/23/2026,Promatrix DCS,company,68571,477939,Electrical,,,228270,Closed,"4510, Line 22",checklist,448947060,Alif Aizat,12/22/2025,2026-10-07T22:41:40.554167+00:00
40875,5054298,CHK-5009-1,"EDCKUL21BMPBA100
Location: BA electrical room

Issue
PSU A is not functioning after receiving power supply",EDCKUL21BMPBA100,equipment,8743359,construction,,617565,Critical,01/02/2026,01/14/2026,Promatrix DCS,company,68571,478560,ELV,,,228270,Closed,"5009, Line 17",checklist,449040929,Tarmizi Isa,12/19/2025,2026-10-07T22:41:40.554167+00:00
40875,5054112,CHK-4510-3,"EDCKUL21MVSA0110
Location: MVSA room

Issue: The display relay protection striped",EDCKUL21MVSA0110,equipment,8912307,construction,,617565,Critical,01/02/2026,09/14/2026,Siemens Malaysia,company,69030,477939,Electrical,,,228270,Closed,"4510, Line 31",checklist,448947069,Alif Aizat,12/19/2025,2026-10-07T22:41:40.554167+00:00
40875,5030744,CHK-3586-2,"EDCKUL21DPPBH720
Location: External area (Feeder pillar)

Issue:
missing earthing installation (Chamber, rod, copper tape) as specified in the drawing.",EDCKUL21DPPBH720,equipment,8742731,construction,,617565,Critical,12/29/2025,04/23/2026,Promatrix DCS,company,68571,477939,Electrical,,,228270,Closed,"3586, Line 13",checklist,448898381,Tarmizi Isa,12/15/2025,2026-10-07T22:41:40.554167+00:00
40875,5030743,CHK-3586-1,"EDCKUL21DPPBH720
Location: External area (feeder pillar)

Issue
missing breaker stopper",EDCKUL21DPPBH720,equipment,8742731,construction,,,,12/29/2025,12/26/2025,Promatrix DCS,company,68571,477939,Electrical,,,228270,Closed,"3586, Line 19",checklist,448898387,Tarmizi Isa,12/15/2025,2026-10-07T22:41:40.554167+00:00
40875,5030742,CHK-3584-3,"EDCKUL21DPPBH620
Location: External area (feeder pillar)

Issue:
missing earthing installation (Chamber, rod, copper tape) as specified in the drawing.",EDCKUL21DPPBH620,equipment,8742729,construction,,617565,Critical,12/29/2025,04/23/2026,Promatrix DCS,company,68571,477939,Electrical,,,228270,Closed,"3584, Line 13",checklist,448898309,Tarmizi Isa,12/15/2025,2026-10-07T22:41:40.554167+00:00
40875,5030740,CHK-3584-2,"EDCKUL21DPPBH620

Location: External area (feeder pillar)

Issue
the panel body is scratch",EDCKUL21DPPBH620,equipment,8742729,construction,,617567,Non-Critical,12/29/2025,01/16/2026,Promatrix DCS,company,68571,477939,Electrical,,,228270,Closed,"3584, Line 16",checklist,448898312,Tarmizi Isa,12/15/2025,2026-10-07T22:41:40.554167+00:00
40875,5030739,CHK-3584-1,"EDCKUL21DPPBH620
Location: External area (Feeder Pillar)

Issue:
missing breaker stopper",EDCKUL21DPPBH620,equipment,8742729,construction,,,,12/29/2025,12/26/2025,Promatrix DCS,company,68571,477939,Electrical,,,228270,Closed,"3584, Line 19",checklist,448898315,Tarmizi Isa,12/15/2025,2026-10-07T22:41:40.554167+00:00
40875,4979810,CHK-5863-1,"EDCKUL21EPPBH610

Location: AH Elec Room

Issue
-Condition Yellow Tag documentation is missing for the circuit(s) feeding equipment BMP00101, BMP00102, BMP00103, and BMP00104. On hold due to CD19 and CD21.",EDCKUL21EPPBH610,equipment,8742773,construction,,617567,Non-Critical,12/17/2025,04/23/2026,Promatrix DCS,company,68571,477939,Electrical,,,228270,Closed,"5863, Line 8",checklist,600529886,Tarmizi Isa,12/03/2025,2026-10-07T22:41:40.554167+00:00
40875,4969629,CHK-4417-2,"EDCKUL21DSGBA110
EDCKUL21DSGBB110
EDCKUL21DSGBC110
EDCKUL21DSGBD110
EDCKUL21DSGBE110
EDCKUL21DSGBF110
EDCKUL21DSGBH110
EDCKUL21DSGBZ110

Location: Tx Deck Tranche 2

Issue: Missing internal tagging for solenoid closing coil Y10 and Y11 Interlocking earthing switch and Disconnector switch",EDCKUL21DSGBA110,equipment,8742760,construction,,,,12/15/2025,05/08/2026,Siemens Malaysia,company,69030,477939,Electrical,,,228270,Closed,"4417, Line 21",checklist,448941386,Alif Aizat,12/01/2025,2026-10-07T22:41:40.554167+00:00
40875,4924284,CHK-4210-1,"EDCKUL21BMPBD100
Location: BD elect Room

issue
Pending high level cable test",EDCKUL21BMPBD100,equipment,8743362,construction,,,,12/01/2025,02/23/2026,Promatrix DCS,company,68571,478560,ELV,,,228270,Closed,"4210, Line 29",checklist,448928767,Tarmizi Isa,11/17/2025,2026-10-07T22:41:40.554167+00:00
40875,4924271,CHK-4211-1,"EDCKUL21BMPBE100
Location: BE elect Room

issue
Pending high level cable test",EDCKUL21BMPBE100,equipment,8743363,construction,,,,12/01/2025,02/23/2026,Promatrix DCS,company,68571,478560,ELV,,,228270,Closed,"4211, Line 29",checklist,448928828,Tarmizi Isa,11/17/2025,2026-10-07T22:41:40.554167+00:00
40875,4924261,CHK-4212-1,"EDCKUL21BMPBF100
Location: BF elect Room

issue
Pending high level cable test",EDCKUL21BMPBF100,equipment,8743364,construction,,,,12/01/2025,02/23/2026,Promatrix DCS,company,68571,478560,ELV,,,228270,Closed,"4212, Line 29",checklist,448928889,Tarmizi Isa,11/17/2025,2026-10-07T22:41:40.554167+00:00
40875,4923252,CHK-4420-1,"EDCKUL21DSGBD110
Location: Tx deck 1F

Issue: Closing coil Y10 for the earthing switch direct short need to rectify.",EDCKUL21DSGBD110,equipment,8742763,construction,,617565,Critical,12/01/2025,12/04/2025,Siemens Malaysia,company,69030,477939,Electrical,,,228270,Closed,"4420, Line 25",checklist,448941573,Alif Aizat,11/17/2025,2026-10-07T22:41:40.554167+00:00
40875,4923244,CHK-4795-1,"EDCKUL21TRNBE100
Location: Tx deck 1F

Issue: Temperature winding yellow phase does not capture have alarm OP need to rectify.",EDCKUL21TRNBE100,equipment,8743130,construction,,617565,Critical,12/01/2025,12/17/2025,Siemens Malaysia,company,69030,477939,Electrical,,,228270,Closed,"4795, Line 25",checklist,448977830,Alif Aizat,11/17/2025,2026-10-07T22:41:40.554167+00:00
40875,4911128,CHK-4214-1,"EDCKUL21BMPBZ100
Location: BZ elect Room

issue
Pending high level cable test",EDCKUL21BMPBZ100,equipment,8743365,construction,,,,11/27/2025,02/23/2026,Promatrix DCS,company,68571,478560,ELV,,,228270,Closed,"4214, Line 29",checklist,448929011,Tarmizi Isa,11/13/2025,2026-10-07T22:41:40.554167+00:00
40875,4880916,CHK-4417-1,"EDKUL21DSGBA110
Location: Corridor BA Tran, RMU

Issue
Nameplate indicates incorrect fed from information.
Please check single line diagram",EDCKUL21DSGBA110,equipment,8742760,construction,,617565,Critical,11/19/2025,05/12/2026,Siemens Malaysia,company,69030,477939,Electrical,,,228270,Closed,"4417, Line 20",checklist,448941385,Tarmizi Isa,11/05/2025,2026-10-07T22:41:40.554167+00:00
40875,4880892,CHK-4791-1,"EDCKUL21TRNBA100
Location: Corridor BA transformer GF

Issue
Transformer body rusty
Please refer attachment picture",EDCKUL21TRNBA100,equipment,8743126,construction,,617567,Non-Critical,11/19/2025,05/15/2026,Siemens Malaysia,company,69030,477939,Electrical,,,228270,Closed,"4791, Line 34",checklist,448977403,Tarmizi Isa,11/05/2025,2026-10-07T22:41:40.554167+00:00
40875,4880299,CHK-4510-2,"EDCKUL21MVSA0110
Location: MV room A
Issue: Pending danger signage",EDCKUL21MVSA0110,equipment,8912307,construction,,617567,Non-Critical,11/19/2025,06/11/2026,Siemens Malaysia,company,69030,477939,Electrical,,,228270,Closed,"4510, Line 23",checklist,448947061,Alif Aizat,11/05/2025,2026-10-07T22:41:40.554167+00:00
40875,4869582,CHK-4502-5,"EDCKUL21MSBBC110
Location: Electrical room BC
Issue: Pending arc flash sticker",EDCKUL21MSBBC110,equipment,8742839,construction,,617567,Non-Critical,11/17/2025,07/14/2026,Powerwell,company,68459,477939,Electrical,,,228270,Closed,"4502, Line 24",checklist,448946574,Alif Aizat,11/03/2025,2026-10-07T22:41:40.554167+00:00
40875,4869580,CHK-4501-4,"EDCKUL21MSBBB110
Location: Electrical room BB
Issue: Pending arc flash sticker",EDCKUL21MSBBB110,equipment,8742838,construction,,617567,Non-Critical,11/17/2025,07/14/2026,Powerwell,company,68459,477939,Electrical,,,228270,Closed,"4501, Line 24",checklist,448946513,Alif Aizat,11/03/2025,2026-10-07T22:41:40.554167+00:00
40875,4869578,CHK-4500-5,"EDCKUL21MSBBA110
Location: Electrical room BA
Issue: Pending arc flash sticker",EDCKUL21MSBBA110,equipment,8742837,construction,,617567,Non-Critical,11/17/2025,07/14/2026,Powerwell,company,68459,477939,Electrical,,,228270,Closed,"4500, Line 24",checklist,448946452,Alif Aizat,11/03/2025,2026-10-07T22:41:40.554167+00:00
40875,4869189,CHK-4769-2,"EDCKUL21STSBB210
Location: Elect Room BB

Issue: Missing Busbar termination Separator",EDCKUL21STSBB210,equipment,8743104,construction,,617565,Critical,11/17/2025,08/28/2026,Vertiv,company,22557,477939,Electrical,,,228270,Closed,"4769, Line 26",checklist,448974964,Tarmizi Isa,11/03/2025,2026-10-07T22:41:40.554167+00:00
40875,4869188,CHK-4769-1,"EDCKUL21STSBB210
Location: Electrical Room BB

Issue: Missing Arc Flash Label",EDCKUL21STSBB210,equipment,8743104,construction,,617567,Non-Critical,11/17/2025,10/01/2026,Vertiv,company,22557,477939,Electrical,,,228270,Closed,"4769, Line 24",checklist,448974960,Tarmizi Isa,11/03/2025,2026-10-07T22:41:40.554167+00:00
40875,4869153,CHK-4768-2,"EDCKUL21STSBB110
Location: Elect room BB

Issue : Missing busbar termination separator",EDCKUL21STSBB110,equipment,8743103,construction,,617565,Critical,11/17/2025,10/01/2026,Vertiv,company,22557,477939,Electrical,,,228270,Closed,"4768, Line 26",checklist,448974859,Tarmizi Isa,11/03/2025,2026-10-07T22:41:40.554167+00:00
40875,4869149,CHK-4768-1,"EDCKUL21STSBB110

Elect Room BB

Issue: Missing arc flash sticker",EDCKUL21STSBB110,equipment,8743103,construction,,617567,Non-Critical,11/17/2025,10/01/2026,Vertiv,company,22557,477939,Electrical,,,228270,Closed,"4768, Line 24",checklist,448974855,Tarmizi Isa,11/03/2025,2026-10-07T22:41:40.554167+00:00
40875,4868414,CHK-4502-4,"EDCKUL21MSBBC110
Location: Electrical room BC
Issue: Teroson tape does not install end cap main busbar",EDCKUL21MSBBC110,equipment,8742839,construction,,617565,Critical,11/15/2025,11/05/2025,Powerwell,company,68459,477939,Electrical,,,228270,Closed,"4502, Line 25",checklist,448946575,Alif Aizat,11/01/2025,2026-10-07T22:41:40.554167+00:00
40875,4868410,CHK-4502-3,"EDCKUL21MSBBC110
Location: Electrical room BC
Issue: Earthing door cable snap",EDCKUL21MSBBC110,equipment,8742839,construction,,617567,Non-Critical,11/15/2025,11/05/2025,Powerwell,company,68459,477939,Electrical,,,228270,Closed,"4502, Line 26",checklist,448946576,Alif Aizat,11/01/2025,2026-10-07T22:41:40.554167+00:00
40875,4868405,CHK-4502-2,"EDCKUL21MSBBC110
Location: Electrical room BC
Issue: Cooper gland does not tighten properly",EDCKUL21MSBBC110,equipment,8742839,construction,,617567,Non-Critical,11/15/2025,11/04/2025,Promatrix DCS,company,68571,477939,Electrical,,,228270,Closed,"4502, Line 25",checklist,448946575,Alif Aizat,11/01/2025,2026-10-07T22:41:40.554167+00:00
40875,4868404,CHK-4502-1,"EDCKUL21MSBBC110
Location: Electrical room BC
Issue: Please install the end cap with sleeve pvc shroud",EDCKUL21MSBBC110,equipment,8742839,construction,,,,11/15/2025,11/04/2025,Promatrix DCS,company,68571,477939,Electrical,,,228270,Closed,"4502, Line 25",checklist,448946575,Alif Aizat,11/01/2025,2026-10-07T22:41:40.554167+00:00
40875,4868403,CHK-4500-4,"EDCKUL21MSBBA110
Location: Electrical room BA
Issue: Please install the end cap with sleeve pvc shroud",EDCKUL21MSBBA110,equipment,8742837,construction,,,,11/15/2025,11/04/2025,Promatrix DCS,company,68571,477939,Electrical,,,228270,Closed,"4500, Line 25",checklist,448946453,Alif Aizat,11/01/2025,2026-10-07T22:41:40.554167+00:00
40875,4868397,CHK-4501-3,"EDCKUL21MSBBA110
Location: Electrical room BA
Issue: Teroson tape does not install end cap main busbar",EDCKUL21MSBBB110,equipment,8742838,construction,,617565,Critical,11/15/2025,11/05/2025,Powerwell,company,68459,477939,Electrical,,,228270,Closed,"4501, Line 25",checklist,448946514,Alif Aizat,11/01/2025,2026-10-07T22:41:40.554167+00:00
40875,4868384,CHK-4501-2,"EDCKUL21MSBBB110
Location: Electrical room BB
Issue: Please install the end cap with sleeve pvc shroud",EDCKUL21MSBBB110,equipment,8742838,construction,,,,11/15/2025,11/04/2025,Promatrix DCS,company,68571,477939,Electrical,,,228270,Closed,"4501, Line 25",checklist,448946514,Alif Aizat,11/01/2025,2026-10-07T22:41:40.554167+00:00
40875,4868380,CHK-4501-1,"EDCKUL21MSBBB110
Location: Electrical room BB
Issue: Cooper gland does not tighten properly",EDCKUL21MSBBB110,equipment,8742838,construction,,617567,Non-Critical,11/15/2025,11/04/2025,Promatrix DCS,company,68571,477939,Electrical,,,228270,Closed,"4501, Line 25",checklist,448946514,Alif Aizat,11/01/2025,2026-10-07T22:41:40.554167+00:00
40875,4868375,CHK-4500-3,"EDCKUL21MSBBA110
Location: Electrical room BA
Issue: Teroson tape does not install end cap main busbar",EDCKUL21MSBBA110,equipment,8742837,construction,,617565,Critical,11/15/2025,11/05/2025,Powerwell,company,68459,477939,Electrical,,,228270,Closed,"4500, Line 25",checklist,448946453,Alif Aizat,11/01/2025,2026-10-07T22:41:40.554167+00:00
40875,4868368,CHK-4500-2,"EDCKUL21MSBBA110
Location: Electrical room BA
Issue: Cable sleeve pvc shroud does not install",EDCKUL21MSBBA110,equipment,8742837,construction,,,,11/15/2025,11/04/2025,Promatrix DCS,company,68571,477939,Electrical,,,228270,Closed,"4500, Line 25",checklist,448946453,Alif Aizat,11/01/2025,2026-10-07T22:41:40.554167+00:00
40875,4868364,CHK-4500-1,"EDCKUL21MSBBA110
Location: Electrical room BA
Issue: Cooper gland does not tighten properly",EDCKUL21MSBBA110,equipment,8742837,construction,,617567,Non-Critical,11/15/2025,11/04/2025,Promatrix DCS,company,68571,477939,Electrical,,,228270,Closed,"4500, Line 25",checklist,448946453,Alif Aizat,11/01/2025,2026-10-07T22:41:40.554167+00:00
40875,4810386,CHK-4767-3,"EDCKUL21STSBA210
Location: Electrical room BA

Issue: Cooper glands loose does not install properly",EDCKUL21STSBA210,equipment,8743102,construction,,,,10/31/2025,10/21/2025,Promatrix DCS,company,68571,477939,Electrical,,,228270,Closed,"4767, Line 25",checklist,448974750,Alif Aizat,10/17/2025,2026-10-07T22:41:40.554167+00:00
40875,4810380,CHK-4767-2,"EDCKUL21STSBA210
Location: Electrical room BA

Issue: torque marks not properly marking.",EDCKUL21STSBA210,equipment,8743102,construction,,617567,Non-Critical,10/31/2025,10/21/2025,Promatrix DCS,company,68571,477939,Electrical,,,228270,Closed,"4767, Line 26",checklist,448974751,Alif Aizat,10/17/2025,2026-10-07T22:41:40.554167+00:00
40875,4810379,CHK-4767-1,"EDCKUL21STSBA210
Location: Electrical room BA

Issue: Pending Arc flash sticker",EDCKUL21STSBA210,equipment,8743102,construction,,617567,Non-Critical,10/31/2025,10/22/2025,Vertiv,company,22557,477939,Electrical,,,228267,Open,"4767, Line 24",checklist,448974748,Alif Aizat,10/17/2025,2026-10-07T22:41:40.554167+00:00
40875,4810374,CHK-4766-3,"EDCKUL21STSBA110
Location: Electrical room BA

Issue: Cooper glands loose does not install properly",EDCKUL21STSBA110,equipment,8743101,construction,,,,10/31/2025,10/21/2025,Promatrix DCS,company,68571,477939,Electrical,,,228270,Closed,"4766, Line 25",checklist,448974642,Alif Aizat,10/17/2025,2026-10-07T22:41:40.554167+00:00
40875,4810365,CHK-4766-2,"EDCKUL21STSBA110
Location: Electrical room BA

Issue: Pending Arc flash sticker",EDCKUL21STSBA110,equipment,8743101,construction,,617567,Non-Critical,10/31/2025,10/22/2025,Vertiv,company,22557,477939,Electrical,,,228267,Open,"4766, Line 24",checklist,448974640,Alif Aizat,10/17/2025,2026-10-07T22:41:40.554167+00:00
40875,4810362,CHK-4766-1,"EDCKUL21STSBA110
Location: Electrical room BA

Issue: torque marks not properly marking.",EDCKUL21STSBA110,equipment,8743101,construction,,617567,Non-Critical,10/31/2025,10/21/2025,Promatrix DCS,company,68571,477939,Electrical,,,228270,Closed,"4766, Line 26",checklist,448974644,Alif Aizat,10/17/2025,2026-10-07T22:41:40.554167+00:00
40875,4647179,CHK-3994-2,"EDCKUL21TRNBF100
Location: Tx deck
Issue: Equipment installation not as per drawing. To reflect current installation in updated as built drawing.",EDCKUL21TRNBF100,equipment,8743131,construction,,617567,Non-Critical,09/22/2025,09/30/2025,Siemens Malaysia,company,69030,477939,Electrical,,,228270,Closed,"3994, Line 14",checklist,448913070,Alif Aizat,09/08/2025,2026-10-07T22:41:40.554167+00:00
40875,4647178,CHK-3995-2,"EDCKUL21TRNBH100
Location: Tx deck
Issue: Equipment installation not as per drawing. To reflect current installation in updated as built drawing.",EDCKUL21TRNBH100,equipment,8743132,construction,,617567,Non-Critical,09/22/2025,09/30/2025,Siemens Malaysia,company,69030,477939,Electrical,,,228270,Closed,"3995, Line 14",checklist,448913106,Alif Aizat,09/08/2025,2026-10-07T22:41:40.554167+00:00
40875,4647176,CHK-3990-2,"EDCKUL21TRNBB100
Location: Tx deck
Issue: Equipment installation not as per drawing. To reflect current installation in updated as built drawing.",EDCKUL21TRNBB100,equipment,8743127,construction,,617567,Non-Critical,09/22/2025,09/30/2025,Siemens Malaysia,company,69030,477939,Electrical,,,228270,Closed,"3990, Line 14",checklist,448912926,Alif Aizat,09/08/2025,2026-10-07T22:41:40.554167+00:00
40875,4618633,CHK-3996-1,"EDCKUL21TRNBZ100
Location: Tx Deck

Issue:
1.Cable for temperature control sensor does not install properly
2. Cable cooling fan does not install properly need to use flexible conduit.",EDCKUL21TRNBZ100,equipment,8743133,construction,,,,09/12/2025,11/03/2025,Siemens Malaysia,company,69030,477939,Electrical,,,228270,Closed,"3996, Line 17",checklist,448913145,Alif Aizat,08/29/2025,2026-10-07T22:41:40.554167+00:00
40875,4618632,CHK-3995-1,"EDCKUL21TRNBH100
Location: Tx Deck

Issue:
1.Cable for temperature control sensor does not install properly
2. Cable cooling fan does not install properly need to use flexible conduit.",EDCKUL21TRNBH100,equipment,8743132,construction,,,,09/12/2025,11/03/2025,Siemens Malaysia,company,69030,477939,Electrical,,,228270,Closed,"3995, Line 17",checklist,448913109,Alif Aizat,08/29/2025,2026-10-07T22:41:40.554167+00:00
40875,4618598,CHK-3994-1,"EDCKUL21TRNBF100
Location: Tx Deck

Issue:
1.Cable for temperature control sensor does not install properly
2. Cable cooling fan does not install properly need to use flexible conduit.",EDCKUL21TRNBF100,equipment,8743131,construction,,,,09/12/2025,11/03/2025,Siemens Malaysia,company,69030,477939,Electrical,,,228270,Closed,"3994, Line 17",checklist,448913073,Alif Aizat,08/29/2025,2026-10-07T22:41:40.554167+00:00
40875,4618584,CHK-3993-1,"EDCKUL21TRNBE100
Location: Tx Deck

Issue:
1.Cable for temperature control sensor does not install properly
2. Cable cooling fan does not install properly need to use flexible conduit.",EDCKUL21TRNBE100,equipment,8743130,construction,,,,09/12/2025,11/03/2025,Siemens Malaysia,company,69030,477939,Electrical,,,228270,Closed,"3993, Line 17",checklist,448913037,Alif Aizat,08/29/2025,2026-10-07T22:41:40.554167+00:00
40875,4618580,CHK-3992-1,"EDCKUL21TRNBD100
Location: Tx Deck

Issue:
1.Cable for temperature control sensor does not install properly
2. Cable cooling fan does not install properly need to use flexible conduit.",EDCKUL21TRNBD100,equipment,8743129,construction,,,,09/12/2025,11/03/2025,Siemens Malaysia,company,69030,477939,Electrical,,,228270,Closed,"3992, Line 17",checklist,448913001,Alif Aizat,08/29/2025,2026-10-07T22:41:40.554167+00:00
40875,4618573,CHK-3990-1,"EDCKUL21TRNBB100
Location: Tx Deck

Issue:
1.Cable for temperature control sensor does not install properly
2. Cable cooling fan does not install properly need to use flexible conduit.",EDCKUL21TRNBB100,equipment,8743127,construction,,,,09/12/2025,11/03/2025,Siemens Malaysia,company,69030,477939,Electrical,,,228270,Closed,"3990, Line 17",checklist,448912929,Alif Aizat,08/29/2025,2026-10-07T22:41:40.554167+00:00
40875,4618423,CHK-3621-1,"EDCKUL21DSGBH110
Location: Tx Deck

Issue: Cover plate for cubicle missing",EDCKUL21DSGBH110,equipment,8742766,construction,,,,09/12/2025,10/24/2025,Siemens Malaysia,company,69030,477939,Electrical,,,228270,Closed,"3621, Line 17",checklist,448899645,Alif Aizat,08/29/2025,2026-10-07T22:41:40.554167+00:00
40875,4618421,CHK-3616-1,"EDCKUL21DSGBB110
Location: Tx Deck

Issue: Cover plate for cubicle missing",EDCKUL21DSGBB110,equipment,8742761,construction,,,,09/12/2025,10/24/2025,Siemens Malaysia,company,69030,477939,Electrical,,,228270,Closed,"3616, Line 17",checklist,448899465,Alif Aizat,08/29/2025,2026-10-07T22:41:40.554167+00:00
40875,4618417,CHK-3620-1,"EDCKUL21DSGBF110
Location: Tx Deck

Issue: Cover plate for cubicle missing",EDCKUL21DSGBF110,equipment,8742765,construction,,,,09/12/2025,10/24/2025,Siemens Malaysia,company,69030,477939,Electrical,,,228270,Closed,"3620, Line 17",checklist,448899609,Alif Aizat,08/29/2025,2026-10-07T22:41:40.554167+00:00
40875,4618415,CHK-3619-1,"EDCKUL21DSGBE110
Location: Tx Deck

Issue: Cover plate for cubicle missing",EDCKUL21DSGBE110,equipment,8742764,construction,,,,09/12/2025,10/24/2025,Siemens Malaysia,company,69030,477939,Electrical,,,228270,Closed,"3619, Line 17",checklist,448899573,Alif Aizat,08/29/2025,2026-10-07T22:41:40.554167+00:00
40875,4618410,CHK-3618-1,"EDCKUL21DSGBD110
Location: Tx Deck

Issue: Cover plate for cubicle missing",EDCKUL21DSGBD110,equipment,8742763,construction,,,,09/12/2025,10/24/2025,Siemens Malaysia,company,69030,477939,Electrical,,,228270,Closed,"3618, Line 17",checklist,448899537,Alif Aizat,08/29/2025,2026-10-07T22:41:40.554167+00:00
40875,4618408,CHK-3622-1,"EDCKUL21DSGBZ110
Location: Tx Deck

Issue: Cover plate for cubicle missing",EDCKUL21DSGBZ110,equipment,8742767,construction,,,,09/12/2025,10/24/2025,Siemens Malaysia,company,69030,477939,Electrical,,,228270,Closed,"3622, Line 17",checklist,448899681,Alif Aizat,08/29/2025,2026-10-07T22:41:40.554167+00:00
40875,4618406,CHK-3617-1,"EDCKUL21DSGBC110
Location: Tx Deck

Issue: Cover plate for cubicle missing",EDCKUL21DSGBC110,equipment,8742762,construction,,,,09/12/2025,10/24/2025,Siemens Malaysia,company,69030,477939,Electrical,,,228270,Closed,"3617, Line 17",checklist,448899501,Alif Aizat,08/29/2025,2026-10-07T22:41:40.554167+00:00
40875,4618405,CHK-3615-1,"EDCKUL21DSGBA110
Location: Tx Deck

Issue: Cover plate for cubicle missing",EDCKUL21DSGBA110,equipment,8742760,construction,,,,09/12/2025,10/24/2025,Siemens Malaysia,company,69030,477939,Electrical,,,228270,Closed,"3615, Line 17",checklist,448899429,Alif Aizat,08/29/2025,2026-10-07T22:41:40.554167+00:00
40875,4618389,CHK-3991-2,"EDCKUL21TRNBC100
Location: Tx Deck

Issue:
1.Cable for temperature control sensor does not install properly
2. Cable cooling fan does not install properly need to use flexible conduit.",EDCKUL21TRNBC100,equipment,8743128,construction,,,,09/12/2025,11/03/2025,Siemens Malaysia,company,69030,477939,Electrical,,,228270,Closed,"3991, Line 17",checklist,448912965,Alif Aizat,08/29/2025,2026-10-07T22:41:40.554167+00:00
40875,4618368,CHK-3989-2,"EDCKUL21TRNBA100
Location: Tx Deck

Issue:
1.Cable for temperature control sensor does not install properly
2. Cable cooling fan does not install properly need to use flexible conduit.",EDCKUL21TRNBA100,equipment,8743126,construction,,,,09/12/2025,11/03/2025,Siemens Malaysia,company,69030,477939,Electrical,,,228270,Closed,"3989, Line 17",checklist,448912893,Alif Aizat,08/29/2025,2026-10-07T22:41:40.554167+00:00
40875,4591467,CHK-3328-1,"EDCKUL21ACSxxxxx
(Applies to ALL ACS units)

Location: DC Building

Issue: Potential clash between AC drain water pump and door access EM locks/junction box/conduits due to no position marking for the pumps. Vendor proceeds installation based on Dalux model which does not have any door access related accessories/routing in the model.",EDCKUL21ACS00160,equipment,8743251,construction,,,,09/05/2025,01/27/2026,Promatrix DCS,company,68571,477946,Mechanical,,,228270,Closed,"3328, Line 14",checklist,448889094,Aaron Asir,08/22/2025,2026-10-07T22:41:40.554167+00:00
40875,4524860,CHK-5806-1,"EDCKUL21FRP00100
EDCKUL21BOP00100
EDCKUL21BOP00200

Location: Pump Room

Issue:
To capture on site positioning for panel and pumps on as-built drawings before proceed for YT",EDCKUL21FRP00100,equipment,9893140,construction,,617567,Non-Critical,08/18/2025,08/06/2025,Promatrix DCS,company,68571,477948,Fire,,,228270,Closed,"5806, Line 15",checklist,531426906,Aaron Asir,08/04/2025,2026-10-07T22:41:40.554167+00:00
40875,4516388,CHK-4511-1,"EDCKUL21MVSB0110
Location: MVS B Room

Issue: Nuts rusty needs to change new",EDCKUL21MVSB0120,equipment,8912308,construction,,,,08/14/2025,08/01/2025,Siemens Malaysia,company,69030,477939,Electrical,,,228270,Closed,"4511, Line 25",checklist,448947124,Alif Aizat,07/31/2025,2026-10-07T22:41:40.554167+00:00
40875,4516358,CHK-4510-1,"EDCKUL21MVSA0110
Location: MVS A Room

Issue: Nuts rusty needs to change new",EDCKUL21MVSA0110,equipment,8912307,construction,,,,08/14/2025,08/04/2025,Siemens Malaysia,company,69030,477939,Electrical,,,228270,Closed,"4510, Line 25",checklist,448947063,Alif Aizat,07/31/2025,2026-10-07T22:41:40.554167+00:00
40875,4506249,CHK-5779-2,"EDCKUL21BOP00300
EDCKUL21BOP00400

Location: Pump Room

Issue: Paint damage",EDCKUL21BOP00300,equipment,9299296,construction,,617567,Non-Critical,08/12/2025,01/27/2026,Promatrix DCS,company,68571,477948,Fire,,,228270,Closed,"5779, Line 16",checklist,474042397,Aaron Asir,07/29/2025,2026-10-07T22:41:40.554167+00:00
40875,4506248,CHK-5779-1,"EDCKUL21BOP00300
EDCKUL21BOP00400

Location: Pump Room

Issue: Position not as per drawing. To capture in as built",EDCKUL21BOP00300,equipment,9299296,construction,,617567,Non-Critical,08/12/2025,08/07/2025,Promatrix DCS,company,68571,477948,Fire,,,228270,Closed,"5779, Line 14",checklist,474042395,Aaron Asir,07/29/2025,2026-10-07T22:41:40.554167+00:00
40875,4496824,CHK-3551-1,"EDCKUL21DPPBA310
EDCKUL21DPPBA410
EDCKUL21DPPBB310
EDCKUL21DPPBB410
EDCKUL21DPPBC310
EDCKUL21DPPBC410
EDCKUL21DPPBD310
EDCKUL21DPPBD410
EDCKUL21DPPBE310
EDCKUL21DPPBE410
EDCKUL21DPPBF310
EDCKUL21DPPBF410
EDCKUL21DPPBZ310
EDCKUL21DPPBZ410

Location: BA,BB,BC,BD,BE,BF,BZ room

Issue
Missing panel pocket",EDCKUL21DPPBA310,equipment,8742696,construction,,617567,Non-Critical,08/08/2025,08/13/2026,Eaton ,company,41688,477939,Electrical,,,228270,Closed,"3551, Line 13",checklist,448897121,Tarmizi Isa,07/25/2025,2026-10-07T22:41:40.554167+00:00
40875,4436022,CHK-3706-1,"EDCKUL21MSBBH310
Location: BH Room 

Issue: Panel scratch needs to touch up",EDCKUL21MSBBH310,equipment,8742845,construction,,617567,Non-Critical,07/24/2025,07/18/2025,Promatrix DCS,company,68571,477939,Electrical,,,228270,Closed,"3706, Line 15",checklist,448902703,Alif Aizat,07/10/2025,2026-10-07T22:41:40.554167+00:00
40875,4435942,CHK-3689-1,"EDCKUL21MDPBHA10
Location: BH Room

Issue: GA drawing layout equipment does not tally actual on panel.",EDCKUL21MDPBHA10,equipment,8742828,construction,,617567,Non-Critical,07/24/2025,07/18/2025,Promatrix DCS,company,68571,477939,Electrical,,,228270,Closed,"3689, Line 14",checklist,448902090,Alif Aizat,07/10/2025,2026-10-07T22:41:40.554167+00:00
40875,4435853,CHK-3696-1,"EDCKUL21MDPBHH10
Location: BH Room

Issue: Nameplate and panel scratch need to touch up.",EDCKUL21MDPBHH10,equipment,8742835,construction,,617567,Non-Critical,07/24/2025,07/18/2025,Promatrix DCS,company,68571,477939,Electrical,,,228270,Closed,"3696, Line 15",checklist,448902343,Alif Aizat,07/10/2025,2026-10-07T22:41:40.554167+00:00
40875,4407283,CHK-3565-1,"EDCKUL21DPPBE110
Location: Data hall 5, 1st floor
Issue
The scratches on the panel require paint touch-up",,equipment,8742710,construction,,617567,Non-Critical,07/15/2025,07/09/2025,Promatrix DCS,company,68571,477939,Electrical,,,228270,Closed,"3565, Line 16",checklist,448897628,Tarmizi Isa,07/01/2025,2026-10-07T22:41:40.554167+00:00
40875,4406671,CHK-3340-1,"EDCKUL21ACS00290
Location: Fibre Room

Issue: Location that the ACS unit is mounted differs from the drawing",EDCKUL21ACS00290,equipment,8743266,construction,,,,07/15/2025,09/02/2025,Promatrix DCS,company,68571,477946,Mechanical,,,228270,Closed,"3340, Line 15",checklist,448889527,Aaron Asir,07/01/2025,2026-10-07T22:41:40.554167+00:00
40875,4406668,CHK-3338-1,"EDCKUL21ACS00270
Location: SER Room

Issue: Location that the ACS unit is mounted differs from the drawing",EDCKUL21ACS00270,equipment,8743264,construction,,,,07/15/2025,09/02/2025,Promatrix DCS,company,68571,477946,Mechanical,,,228270,Closed,"3338, Line 15",checklist,448889455,Aaron Asir,07/01/2025,2026-10-07T22:41:40.554167+00:00
40875,4406665,CHK-3317-1,"EDCKUL21ACS001A0
Location: Fibre Room

Issue: Location that the ACS unit is mounted differs from the drawing",EDCKUL21ACS001A0,equipment,8743255,construction,,,,07/15/2025,09/02/2025,Promatrix DCS,company,68571,477946,Mechanical,,,228270,Closed,"3317, Line 15",checklist,448888699,Aaron Asir,07/01/2025,2026-10-07T22:41:40.554167+00:00
40875,4406659,CHK-3330-1,"EDCKUL21ACS00180
Location: ITR Room

Issue: Location that the ACS unit is mounted differs from the drawing",EDCKUL21ACS00180,equipment,8743253,construction,,,,07/15/2025,09/02/2025,Promatrix DCS,company,68571,477946,Mechanical,,,228270,Closed,"3330, Line 15",checklist,448889167,Aaron Asir,07/01/2025,2026-10-07T22:41:40.554167+00:00
40875,4371548,CHK-3708-1,"ESSKUL21MVSA0110
Location: MVS Room A

Issue: Equipment installation not as per drawing. To reflect current installation in updated as built drawing.",EDCKUL21MVSA0110,equipment,8912307,construction,,617567,Non-Critical,07/04/2025,07/30/2025,Siemens Malaysia,company,69030,477939,Electrical,,,228270,Closed,"3708, Line 14",checklist,448902774,Alif Aizat,06/20/2025,2026-10-07T22:41:40.554167+00:00
40875,4371534,CHK-3709-1,"EDCKUL21MVSB0120
Location: MVS Room B

Issue: Equipment installation not as per drawing. To reflect current installation in updated as built drawing.",EDCKUL21MVSB0120,equipment,8912308,construction,,617567,Non-Critical,07/04/2025,07/30/2025,Siemens Malaysia,company,69030,477939,Electrical,,,228270,Closed,"3709, Line 14",checklist,448902810,Alif Aizat,06/20/2025,2026-10-07T22:41:40.554167+00:00
40875,4351734,CHK-3680-1,"EDCKUL21MDPBH110
Location: BH Room
Issue
The scratch on the panel need to be touched up with paint",EDCKUL21MDPBH110,equipment,8742819,construction,,617567,Non-Critical,06/30/2025,07/01/2025,Promatrix DCS,company,68571,477939,Electrical,,,228270,Closed,"3680, Line 16",checklist,448901768,Tarmizi Isa,06/16/2025,2026-10-07T22:41:40.554167+00:00
40875,4351727,CHK-3574-1,"EDCKUL21DPPBH120
Location: BH room

Issue
-Missing breaker stopper",EDCKUL21DPPBH120,equipment,8742719,construction,,,,06/30/2025,07/01/2025,Promatrix DCS,company,68571,477939,Electrical,,,228270,Closed,"3574, Line 19",checklist,448897955,Tarmizi Isa,06/16/2025,2026-10-07T22:41:40.554167+00:00
40875,4305433,CHK-4021-1,"EDCKUL21UPBBA110
EDCKUL21UPBBA210

Location: DC Building,
BA room

Issue
The anchor bolt and nut have not been installed. Kindly provide the manufacturer's recommended specifications",EDCKUL21UPBBA110,equipment,8743158,construction,,617567,Non-Critical,06/15/2025,06/23/2025,Eaton ,company,41688,477939,Electrical,,,228270,Closed,"4021, Line 15",checklist,448914043,Tarmizi Isa,06/01/2025,2026-10-07T22:41:40.554167+00:00
40875,4286308,CHK-4038-1,"EDCKUL21UPSBA110
EDCKUL21UPSBA210
EDCKUL21UPSBB110
EDCKUL21UPSBB210
EDCKUL21UPSBC110
EDCKUL21UPSBC210

Location: DC Building,
BA, BB, BC room

Issue
The anchor bolt and nut have not been installed. Kindly provide the manufacturer's recommended specifications",EDCKUL21UPSBA110,equipment,8743175,construction,,617567,Non-Critical,06/08/2025,06/23/2025,Eaton ,company,41688,477939,Electrical,,,228270,Closed,"4038, Line 15",checklist,448914655,Tarmizi Isa,05/25/2025,2026-10-07T22:41:40.554167+00:00
40875,4203210,CHK-3653-1,"EDCKUL21GENBZ100
Location: DC, BZ genset room
Issue:
Missing bracket bolt and nut",EDCKUL21GENBZ100,equipment,8742798,construction,,617567,Non-Critical,05/14/2025,07/01/2025,Sime Darby Industrial,company,68570,477939,Electrical,,,228270,Closed,"3653, Line 16",checklist,448900796,Tarmizi Isa,04/30/2025,2026-10-07T22:41:40.554167+00:00
40875,4188858,CHK-4017-1,"EDCKUL21UDPBF110

Location: BF Electrical room

Issue: Scratches on the panel need to touch the paint.",,equipment,8743154,construction,,617567,Non-Critical,05/10/2025,05/21/2025,DCC Powerwell,person,255228,477939,Electrical,,,228270,Closed,"4017, Line 15",checklist,448913899,Alif Aizat,04/25/2025,2026-10-07T22:41:40.554167+00:00
40875,4188722,CHK-3463-1,"EDCKUL21BUSBF710

Location: Data Hall 6

Issue: Rivets on the panel rusty need to touch up.",,equipment,8743350,construction,,617567,Non-Critical,05/10/2025,05/05/2025,Promatrix DCS,company,68571,477939,Electrical,,,228270,Closed,"3463, Line 15",checklist,448893955,Alif Aizat,04/25/2025,2026-10-07T22:41:40.554167+00:00
40875,4188579,CHK-3456-1,"EDCKUL21BUSBE810

Location: Data Hall 6

Issue: Rivets on the panel rusty need to touch up.",,equipment,8743339,construction,,617567,Non-Critical,05/10/2025,05/05/2025,Promatrix DCS,company,68571,477939,Electrical,,,228270,Closed,"3456, Line 15",checklist,448893703,Alif Aizat,04/25/2025,2026-10-07T22:41:40.554167+00:00
40875,4177658,CHK-3506-1,"EDCKUL21CRAB0408
Data Hall 8
To remove pipe obstruction outside the fan wall unit to prevent any damage to door when opening",,equipment,8742651,construction,,,,05/07/2025,04/30/2025,Promatrix DCS,company,68571,477946,Mechanical,,,228270,Closed,"3506, Line 16",checklist,448895504,Aaron Asir,04/23/2025,2026-10-07T22:41:40.554167+00:00
40875,4177657,CHK-3522-1,"EDCKUL21CRAB0808
Data Hall 8
Paint peel off",,equipment,8742667,construction,,617567,Non-Critical,05/07/2025,06/10/2025,Stulz,company,68568,477946,Mechanical,,,228270,Closed,"3522, Line 16",checklist,448896080,Aaron Asir,04/23/2025,2026-10-07T22:41:40.554167+00:00
40875,4177656,CHK-3518-1,"EDCKUL21CRAB0708
Data Hall 8
Paint scratch",,equipment,8742663,construction,,617567,Non-Critical,05/07/2025,06/10/2025,Stulz,company,68568,477946,Mechanical,,,228270,Closed,"3518, Line 16",checklist,448895936,Aaron Asir,04/23/2025,2026-10-07T22:41:40.554167+00:00
40875,4177654,CHK-3510-2,"EDCKUL21CRAB0508
Data Hall 8
Vent shutter cant fully close",,equipment,8742655,construction,,617567,Non-Critical,05/07/2025,05/15/2025,Stulz,company,68568,477946,Mechanical,,,228270,Closed,"3510, Line 16",checklist,448895648,Aaron Asir,04/23/2025,2026-10-07T22:41:40.554167+00:00
40875,4177651,CHK-3510-1,"EDCKUL21CRAB0508
Data Hall 8
Panel joint piece rusty/dirty",,equipment,8742655,construction,,617567,Non-Critical,05/07/2025,06/10/2025,Stulz,company,68568,477946,Mechanical,,,228270,Closed,"3510, Line 15",checklist,448895647,Aaron Asir,04/23/2025,2026-10-07T22:41:40.554167+00:00
40875,4177647,CHK-3502-1,"EDCKUL21CRAB0308
Data Hall 8
Door panel rubber gasket loose",,equipment,8742647,construction,,617567,Non-Critical,05/07/2025,06/10/2025,Stulz,company,68568,477946,Mechanical,,,228270,Closed,"3502, Line 16",checklist,448895360,Aaron Asir,04/23/2025,2026-10-07T22:41:40.554167+00:00
40875,4177641,CHK-3498-1,"EDCKUL21CRAB0208
Data Hall 8
Bolt on pipe support loose",,equipment,8742643,construction,,617567,Non-Critical,05/07/2025,06/10/2025,Stulz,company,68568,477946,Mechanical,,,228270,Closed,"3498, Line 16",checklist,448895216,Aaron Asir,04/23/2025,2026-10-07T22:41:40.554167+00:00
40875,4177530,CHK-3494-6,"EDCKUL21CRAB0108
EDCKUL21CRAB0208
EDCKUL21CRAB0308
EDCKUL21CRAB0408
EDCKUL21CRAB0508
EDCKUL21CRAB0608
EDCKUL21CRAB0708
EDCKUL21CRAB0808
EDCKUL21CRAB0908
EDCKUL21CRAB1008

Data Hall 8

Fan wall unit interior not cleaned. Metal shavings, screw bits and debris found inside",,equipment,8742639,construction,,,,05/07/2025,06/10/2025,Stulz,company,68568,477946,Mechanical,,,228270,Closed,"3494, Line 16",checklist,448895072,Aaron Asir,04/23/2025,2026-10-07T22:41:40.554167+00:00
40875,4177527,CHK-3494-5,"EDCKUL21CRAB0108
EDCKUL21CRAB0208
EDCKUL21CRAB0308
EDCKUL21CRAB0408
EDCKUL21CRAB0508
EDCKUL21CRAB0608
EDCKUL21CRAB0708
EDCKUL21CRAB0808
EDCKUL21CRAB0908
EDCKUL21CRAB1008

Data Hall 8

Loose bolts on the vents. To do torque marking",,equipment,8742639,construction,,,,05/07/2025,07/14/2025,Stulz,company,68568,477946,Mechanical,,,228270,Closed,"3494, Line 14",checklist,448895070,Aaron Asir,04/23/2025,2026-10-07T22:41:40.554167+00:00
40875,4177523,CHK-3494-4,"EDCKUL21CRAB0108
EDCKUL21CRAB0208
EDCKUL21CRAB0308
EDCKUL21CRAB0408
EDCKUL21CRAB0508
EDCKUL21CRAB0608
EDCKUL21CRAB0708
EDCKUL21CRAB0808
EDCKUL21CRAB0908
EDCKUL21CRAB1008

Data Hall 8

1. Torque not done
2. Missing torque mark
3. Missing bolt",,equipment,8742639,construction,,,,05/07/2025,06/23/2025,Stulz,company,68568,477946,Mechanical,,,228270,Closed,"3494, Line 14",checklist,448895070,Aaron Asir,04/23/2025,2026-10-07T22:41:40.554167+00:00
40875,4177521,CHK-3494-3,"EDCKUL21CRAB0108
EDCKUL21CRAB0208
EDCKUL21CRAB0308
EDCKUL21CRAB0408
EDCKUL21CRAB0508
EDCKUL21CRAB0608
EDCKUL21CRAB0708
EDCKUL21CRAB0808
EDCKUL21CRAB0908
EDCKUL21CRAB1008

Data Hall 8

Packing material not removed",,equipment,8742639,construction,,617567,Non-Critical,05/07/2025,06/10/2025,Stulz,company,68568,477946,Mechanical,,,228270,Closed,"3494, Line 16",checklist,448895072,Aaron Asir,04/23/2025,2026-10-07T22:41:40.554167+00:00
40875,4177518,CHK-3494-2,"EDCKUL21CRAB0108
EDCKUL21CRAB0208
EDCKUL21CRAB0308
EDCKUL21CRAB0408
EDCKUL21CRAB0508
EDCKUL21CRAB0608
EDCKUL21CRAB0708
EDCKUL21CRAB0808
EDCKUL21CRAB0908
EDCKUL21CRAB1008

Data Hall 8

Silicone overflow and plastic wrapping not removed",,equipment,8742639,construction,,617567,Non-Critical,05/07/2025,06/23/2025,Stulz,company,68568,477946,Mechanical,,,228270,Closed,"3494, Line 16",checklist,448895072,Aaron Asir,04/23/2025,2026-10-07T22:41:40.554167+00:00
40875,4177513,CHK-3494-1,"EDCKUL21CRAB0108
EDCKUL21CRAB0208
EDCKUL21CRAB0308
EDCKUL21CRAB0408
EDCKUL21CRAB0508
EDCKUL21CRAB0608
EDCKUL21CRAB0708
EDCKUL21CRAB0808
EDCKUL21CRAB0908
EDCKUL21CRAB1008

Data Hall 8

Fan wall unit not aligned properly. Offset more than tolerance which may affect wall setting out 
(Applies to ALL fan wall units)",,equipment,8742639,construction,,,,05/07/2025,05/15/2025,Stulz,company,68568,477946,Mechanical,,,228270,Closed,"3494, Line 15",checklist,448895071,Aaron Asir,04/23/2025,2026-10-07T22:41:40.554167+00:00
40875,4139841,CHK-3640-1,"EDCKUL21GDTBA100
EDCKUL21GDTBB100
EDCKUL21GDTBC100
EDCKUL21GDTBD100
EDCKUL21GDTBE100
EDCKUL21GDTBF100
EDCKUL21GDTBH100

Location: Gen Room GF & 1F

Issue: Day tank has paint scratch marks, rusting on the edges and full of debris on the top and inside the tank",EDCKUL21GDTBC100,equipment,8742785,construction,,617567,Non-Critical,04/24/2025,06/25/2026,Sime Darby Industrial,company,68570,477946,Mechanical,,,228270,Closed,"3640, Line 16",checklist,448900328,Aaron Asir,04/10/2025,2026-10-07T22:41:40.554167+00:00
40875,4139832,CHK-3660-1,"EDCKUL21GSBBH110

Location: Generator BC room

Issue: The panel need to touch up the paint same color.",EDCKUL21GSBBH110,equipment,8742806,construction,,617567,Non-Critical,04/24/2025,04/26/2025,Sime Darby Industrial,company,68570,477939,Electrical,,,228270,Closed,"3660, Line 15",checklist,448901047,Alif Aizat,04/10/2025,2026-10-07T22:41:40.554167+00:00
40875,4139826,CHK-3656-1,"EDCKUL21GSBBC110

Location: Generator BC room

Issue: The panel need to touch up the paint same color.",EDCKUL21GSBBC110,equipment,8742801,construction,,617567,Non-Critical,04/24/2025,04/26/2025,Sime Darby Industrial,company,68570,477939,Electrical,,,228270,Closed,"3656, Line 15",checklist,448900903,Alif Aizat,04/10/2025,2026-10-07T22:41:40.554167+00:00
40875,4104173,CHK-3638-1,"EDCKUL21GDTBA100
Location: Gen Room BA
Issue: No neoprene pad in between tank foot and floor",EDCKUL21GDTBA100,equipment,8742783,construction,,,,04/11/2025,04/30/2025,Sime Darby Industrial,company,68570,477946,Mechanical,,,228270,Closed,"3638, Line 15",checklist,448900255,Aaron Asir,03/28/2025,2026-10-07T22:41:40.554167+00:00
40875,4103988,CHK-3655-1,"EDCKUL21GSBBB110

Location: Generator BA room

Issue: Scratches on the panel need to touch the paint",EDCKUL21GSBBB110,equipment,8742800,construction,,617567,Non-Critical,04/11/2025,04/26/2025,Sime Darby Industrial,company,68570,477939,Electrical,,,228270,Closed,"3655, Line 15",checklist,448900867,Alif Aizat,03/28/2025,2026-10-07T22:41:40.554167+00:00
40875,4103982,CHK-3654-1,"EDCKUL21GSBBA110

Location: Generator BA room

Issue: Scratches on the panel need to touch the paint",EDCKUL21GSBBA110,equipment,8742799,construction,,617567,Non-Critical,04/11/2025,04/26/2025,Sime Darby Industrial,company,68570,477939,Electrical,,,228270,Closed,"3654, Line 15",checklist,448900831,Alif Aizat,03/28/2025,2026-10-07T22:41:40.554167+00:00
40875,4103941,CHK-4010-1,"EDCKUL21UDPBD210

Location: BD Electrical room

Issue: Straches on the panel need to touch up the paint",,equipment,8743147,construction,,617567,Non-Critical,04/11/2025,05/21/2025,DCC Powerwell,person,255228,477939,Electrical,,,228270,Closed,"4010, Line 15",checklist,448913647,Alif Aizat,03/28/2025,2026-10-07T22:41:40.554167+00:00
40875,4103927,CHK-3677-1,"EDCKUL21MDPB110

Location: BD Electrical room

Issue: Scratches on the panel need to touch up the panel",,equipment,8742816,construction,,617567,Non-Critical,04/11/2025,05/21/2025,DCC Powerwell,person,255228,477939,Electrical,,,228270,Closed,"3677, Line 15",checklist,448901659,Alif Aizat,03/28/2025,2026-10-07T22:41:40.554167+00:00
40875,4100279,CHK-3711-1,"EDCKUL21OAF01400

Location: GF Corridor 1

Issue: Neoprene pad not installed at hanger as per approved typical drawing.",EDCKUL21OAF01400,equipment,8742848,construction,,617567,Non-Critical,04/10/2025,04/10/2025,Promatrix DCS,company,68571,477946,Mechanical,,,228270,Closed,3711,checklist,16944398,Nadhirah Mazlan,03/27/2025,2026-10-07T22:41:40.554167+00:00
40875,4100208,CHK-3545-2,"EDCKUL21CRAH2700
Location: Electrical Room BB 
Issue: Door not aligned",,equipment,8742690,construction,,617567,Non-Critical,04/10/2025,06/10/2025,Stulz,company,68568,477946,Mechanical,,,228270,Closed,"3545, Line 16",checklist,448896908,Aaron Asir,03/27/2025,2026-10-07T22:41:40.554167+00:00
40875,4100203,CHK-3545-1,"EDCKUL21CRAH3000
Location: Electrical Room BH 
Issue: Lifting lug not removed",,equipment,8742690,construction,,617567,Non-Critical,04/10/2025,04/30/2025,Stulz,company,68568,477946,Mechanical,,,228270,Closed,"3545, Line 14",checklist,448896906,Aaron Asir,03/27/2025,2026-10-07T22:41:40.554167+00:00
40875,4100197,CHK-3544-1,"EDCKUL21CRAH2900
Location: Electrical Room BC 
Issue: CHWR internal pipe supports has been disengaged",,equipment,8742689,construction,,,,04/10/2025,04/30/2025,Stulz,company,68568,477946,Mechanical,,,228270,Closed,"3544, Line 15",checklist,448896871,Aaron Asir,03/27/2025,2026-10-07T22:41:40.554167+00:00
40875,4100193,CHK-3542-2,"EDCKUL21CRAH2700
Location: Electrical Room BB 
Issue: Filter frame nut missing",,equipment,8742687,construction,,617567,Non-Critical,04/10/2025,04/30/2025,Stulz,company,68568,477946,Mechanical,,,228270,Closed,"3542, Line 16",checklist,448896800,Aaron Asir,03/27/2025,2026-10-07T22:41:40.554167+00:00
40875,4100187,CHK-3542-1,"EDCKUL21CRAH2700
Location: Electrical Room BB 
Issue: Dent on door (panel side)",,equipment,8742687,construction,,617567,Non-Critical,04/10/2025,05/05/2025,Stulz,company,68568,477946,Mechanical,,,228270,Closed,"3542, Line 16",checklist,448896800,Aaron Asir,03/27/2025,2026-10-07T22:41:40.554167+00:00
40875,4099686,CHK-3647-1,"EDCKUL21GENBB100
Location: DC, Ground level, Gen Room BB
Issue: Bracket bolt damaged",EDCKUL21GENBB100,equipment,8742792,construction,,,,04/10/2025,07/01/2025,Sime Darby Industrial,company,68570,477939,Electrical,,,228270,Closed,"3647, Line 16",checklist,448900580,Tarmizi Isa,03/27/2025,2026-10-07T22:41:40.554167+00:00
40875,4099659,CHK-3540-1,"EDCKUL21CRAH2400
EDCKUL21CRAH2500
EDCKUL21CRAH2600
EDCKUL21CRAH2700
EDCKUL21CRAH2800
EDCKUL21CRAH2900
EDCKUL21CRAH3000

Location: Electrical Room BA, BB, BC, BH

Issue: No torque markings for stacked component",,equipment,8742685,construction,,,,04/10/2025,05/05/2025,Stulz,company,68568,477946,Mechanical,,,228270,Closed,"3540, Line 15",checklist,448896727,Aaron Asir,03/27/2025,2026-10-07T22:41:40.554167+00:00
40875,4062599,CHK-4072-1,"EDCKUL21VESXXXXX
(Applies to ALL Vesda in KUL21 Tr1 and Tr2)

Location: ALL Vesda

Issue: To revise drawing with updated ELI code and location in As-Built.",,equipment,8743202,construction,,617567,Non-Critical,03/31/2025,,Promatrix DCS,company,68571,477948,Fire,,,228267,Open,"4072, Line 13",checklist,448915877,Nadhirah Mazlan,03/17/2025,2026-10-07T22:41:40.554167+00:00
40875,4061673,CHK-3979-1,"EDCKUL21SWGBB210
Location: DC, Ground Floor, Room BB
Issue: name plate does not match",,equipment,8743116,construction,,617567,Non-Critical,03/30/2025,05/15/2025,Powerwell,company,68459,477939,Electrical,,,228270,Closed,"3979, Line 12",checklist,448912528,Tarmizi Isa,03/16/2025,2026-10-07T22:41:40.554167+00:00
40875,4061671,CHK-3978-1,"EDCKUL21SWGBB110
Location: DC, Ground Floor, Room BB
Issue: name plate does not match",,equipment,8743115,construction,,617567,Non-Critical,03/30/2025,05/15/2025,Powerwell,company,68459,477939,Electrical,,,228270,Closed,"3978, Line 12",checklist,448912492,Tarmizi Isa,03/16/2025,2026-10-07T22:41:40.554167+00:00
40875,4061667,CHK-3977-1,"EDCKUL21SWGBA210
Location: DC, Ground Floor, Room BA
Issue: name plate does not match",,equipment,8743114,construction,,617567,Non-Critical,03/30/2025,05/15/2025,Powerwell,company,68459,477939,Electrical,,,228270,Closed,"3977, Line 12",checklist,448912456,Tarmizi Isa,03/16/2025,2026-10-07T22:41:40.554167+00:00
40875,4061664,CHK-3976-1,"EDCKUL21SWGBA110
Location: DC, Ground Floor, Room BA
Issue: name plate does not match",,equipment,8743113,construction,,617567,Non-Critical,03/30/2025,05/26/2025,Powerwell,company,68459,477939,Electrical,,,228270,Closed,"3976, Line 12",checklist,448912420,Tarmizi Isa,03/16/2025,2026-10-07T22:41:40.554167+00:00
40875,4061657,CHK-4004-1,"EDCKUL21UDPBB410
Location: DC, Ground Floor, Room BB
Issue: Fuse Switch Disconnector and surge arrestor position do not match with shop drawing",,equipment,8743141,construction,,617567,Non-Critical,03/30/2025,09/09/2025,Powerwell,company,68459,477939,Electrical,,,228270,Closed,"4004, Line 13",checklist,448913429,Tarmizi Isa,03/16/2025,2026-10-07T22:41:40.554167+00:00
40875,4061656,CHK-4003-1,"EDCKUL21UDPBB320
Location: DC, Ground Floor, Room BB
Issue: Fuse Switch Disconnector and surge arrestor position do not match with shop drawing",,equipment,8743140,construction,,617567,Non-Critical,03/30/2025,01/19/2026,Powerwell,company,68459,477939,Electrical,,,228270,Closed,"4003, Line 13",checklist,448913393,Tarmizi Isa,03/16/2025,2026-10-07T22:41:40.554167+00:00
40875,4061650,CHK-4002-1,"EDCKUL21UDPBB210
Location: DC, Ground Floor, Room BB
Issue: Fuse Switch Disconnector and surge arrestor position do not match with shop drawing",,equipment,8743139,construction,,617567,Non-Critical,03/30/2025,01/19/2026,Powerwell,company,68459,477939,Electrical,,,228270,Closed,"4002, Line 13",checklist,448913357,Tarmizi Isa,03/16/2025,2026-10-07T22:41:40.554167+00:00
40875,4061644,CHK-4001-1,"EDCKUL21UDPBB110
Location: DC, Ground Floor, Room BB
Issue: Fuse Switch Disconnector and surge arrestor position do not match with shop drawing",,equipment,8743138,construction,,617567,Non-Critical,03/30/2025,01/19/2026,Powerwell,company,68459,477939,Electrical,,,228270,Closed,"4001, Line 12",checklist,448913320,Tarmizi Isa,03/16/2025,2026-10-07T22:41:40.554167+00:00
40875,4061639,CHK-4000-1,"EDCKUL21UDPBA410
Location: DC, Ground Floor, Room BA
Issue: Fuse Switch Disconnector and surge arrestor position do not match with shop drawing",,equipment,8743137,construction,,617567,Non-Critical,03/30/2025,01/19/2026,Powerwell,company,68459,,,,,228270,Closed,"4000, Line 13",checklist,448913285,Tarmizi Isa,03/16/2025,2026-10-07T22:41:40.554167+00:00
40875,4061629,CHK-3999-1,"EDCKUL21UDPBA320
Location: DC, Ground Floor, Room BA
Issue: Fuse Switch Disconnector and surge arrestor position do not match with shop drawing",,equipment,8743136,construction,,617567,Non-Critical,03/30/2025,01/19/2026,Powerwell,company,68459,477939,Electrical,,,228270,Closed,"3999, Line 12",checklist,448913248,Tarmizi Isa,03/16/2025,2026-10-07T22:41:40.554167+00:00
40875,4061599,CHK-3998-1,"EDCKUL21UDPBA210
Location: DC, Ground Floor, Room BA
Issue: Fuse Switch Disconnector and surge arrestor position do not match with shop drawing",,equipment,8743135,construction,,617567,Non-Critical,03/30/2025,01/19/2026,Powerwell,company,68459,477939,Electrical,,,228270,Closed,"3998, Line 13",checklist,448913213,Tarmizi Isa,03/16/2025,2026-10-07T22:41:40.554167+00:00
40875,4061590,CHK-3997-1,"EDCKUL21UDPBA110
Location: DC, Ground Floor, Room BA
Issue: Fuse Switch Disconnector and surge arrestor position do not match with shop drawing",,equipment,8743134,construction,,617567,Non-Critical,03/30/2025,01/19/2026,Powerwell,company,68459,477939,Electrical,,,228270,Closed,"3997, Line 13",checklist,448913177,Tarmizi Isa,03/16/2025,2026-10-07T22:41:40.554167+00:00
40875,4056824,CHK-3432-1,"EDCKUL21BUSBC210

Location: BC room common corridor

Issue: Clash with pipe sprinkler, top side TOU.",,equipment,8742577,construction,,,,03/28/2025,04/09/2025,Promatrix DCS,company,68571,477939,Electrical,,,228270,Closed,"3432, Line 15",checklist,448892839,Alif Aizat,03/14/2025,2026-10-07T22:41:40.554167+00:00
40875,4056822,CHK-3699-1,"EDCKUL21MSBBB110
Location: DC ground floor, BB room
Issue:
The positions of the surge arrester and fuses switch do not match the shop drawing",EDCKUL21MSBBB110,equipment,8742838,construction,,617567,Non-Critical,03/28/2025,01/19/2026,Powerwell,company,68459,477939,Electrical,,,228270,Closed,"3699, Line 13",checklist,448902449,Tarmizi Isa,03/14/2025,2026-10-07T22:41:40.554167+00:00
40875,4056821,CHK-3424-2,"EDCKUL21BUSBB210

location: BB room common corridor

Issue: Cover plate scratch, need to touch up",,equipment,8742564,construction,,617567,Non-Critical,03/28/2025,04/23/2025,Promatrix DCS,company,68571,477939,Electrical,,,228270,Closed,"3424, Line 15",checklist,448892551,Alif Aizat,03/14/2025,2026-10-07T22:41:40.554167+00:00
40875,4056816,CHK-3424-1,"EDCKUL21BUSBB210

Location: BB room common corridor

Issue: Bolt missing, need to install new bolt.",,equipment,8742564,construction,,617567,Non-Critical,03/28/2025,04/23/2025,Promatrix DCS,company,68571,477939,Electrical,,,228270,Closed,"3424, Line 15",checklist,448892551,Alif Aizat,03/14/2025,2026-10-07T22:41:40.554167+00:00
40875,4056807,CHK-3698-1,"EDCKUL21MSBBA110
Location: DC ground floor, BA room
Issue: 
The positions of the surge arrester and fuses switch do not match the shop drawing",EDCKUL21MSBBA110,equipment,8742837,construction,,617567,Non-Critical,03/28/2025,01/19/2026,Powerwell,company,68459,477939,Electrical,,,228270,Closed,"3698, Line 13",checklist,448902413,Tarmizi Isa,03/14/2025,2026-10-07T22:41:40.554167+00:00
40875,4056806,CHK-3414-1,"EDCKUL21BUSBA210

Location: BA room common corridor.

Issue: Bolt rusty, need to replace new.",,equipment,8742550,construction,,617567,Non-Critical,03/28/2025,04/23/2025,Promatrix DCS,company,68571,477939,Electrical,,,228270,Closed,"3414, Line 15",checklist,448892191,Alif Aizat,03/14/2025,2026-10-07T22:41:40.554167+00:00
51203,6456998,CHK-1171-1,"EDCKUL21BSW00200
Issue: Busduct install does not align",EDCKUL21BSW00200,equipment,12549592,construction,,657324,Critical,10/14/2026,,Promatrix DCS,company,68571,597906,Electrical,18952,Construction,290643,Open,"1171, Line 16",checklist,780980442,Alif Aizat,09/30/2026,2026-10-07T22:41:40.554167+00:00
51203,6456840,CHK-1237-1,"EDCKUL21BSWCB400
Issue: Busduct install does not align",EDCKUL21BSWCB400,equipment,12549614,construction,,657324,Critical,10/14/2026,,Promatrix DCS,company,68571,597906,Electrical,18952,Construction,290643,Open,"1237, Line 16",checklist,780983456,Alif Aizat,09/30/2026,2026-10-07T22:41:40.554167+00:00
51203,6456839,CHK-1228-1,"EDCKUL21BSWCB300
Issue: Busduct install does not aligned",EDCKUL21BSWCB300,equipment,12549611,construction,,657324,Critical,10/14/2026,,Promatrix DCS,company,68571,597906,Electrical,18952,Construction,290643,Open,"1228, Line 16",checklist,780983045,Alif Aizat,09/30/2026,2026-10-07T22:41:40.554167+00:00
51203,6265269,CHK-667-5,"EDCKUL21MVSB0220
Location: MVS room B
Issue: Missing bottom cover plate on the 33kV input power cable entrance",EDCKUL21MVSB0220,equipment,12414633,construction,,657324,Critical,09/18/2026,,Siemens Malaysia,company,69030,597906,Electrical,,,290643,Open,"667, Line 20",checklist,763872693,Alif Aizat,09/04/2026,2026-10-07T22:41:40.554167+00:00
51203,6258616,CHK-667-4,"EDCKUL21MVSB0220
Location: MVS room B

Issue: Power cable does not install outgoing feeder",EDCKUL21MVSB0220,equipment,12414633,construction,,657324,Critical,09/17/2026,,Promatrix DCS,company,68571,597906,Electrical,,,290643,Open,"667, Line 20",checklist,763872693,Alif Aizat,09/03/2026,2026-10-07T22:41:40.554167+00:00
51203,6258612,CHK-667-3,"EDCKUL21MVSB0220
Location: MVS room B

Issue: Auxiliary power for AC and DC cable does not install",EDCKUL21MVSB0220,equipment,12414633,construction,,657324,Critical,09/17/2026,,Promatrix DCS,company,68571,597906,Electrical,,,290643,Open,"667, Line 20",checklist,763872693,Alif Aizat,09/03/2026,2026-10-07T22:41:40.554167+00:00
51203,6258606,CHK-667-2,"EDCKUL21MVSB0220
Location: MV room B
Issue: BMS cable still pending installation",EDCKUL21MVSB0220,equipment,12414633,construction,,657326,Non Critical,09/17/2026,09/14/2026,Alur Tenaga,company,80235,597906,Electrical,18953,Controls,290646,Closed,"667, Line 20",checklist,763872693,Alif Aizat,09/03/2026,2026-10-07T22:41:40.554167+00:00
51203,6258388,CHK-667-1,"EDCKUL21MVSB0220
Location: MVS room B

Issue:
1. Pending asset ID tagging
2. Pending danger sign
3. Pending Arc flash sticker",EDCKUL21MVSB0220,equipment,12414633,construction,,657326,Non Critical,09/17/2026,,Siemens Malaysia,company,69030,597906,Electrical,,,290643,Open,"667, Line 16",checklist,763872689,Alif Aizat,09/03/2026,2026-10-07T22:41:40.554167+00:00
51203,6081284,CHK-343-1,"EDCKUL21UPSCB110
Location: Electrical room CB
Issue: Door damaged",EDCKUL21UPSCB110,equipment,12414736,construction,,657326,Non Critical,08/17/2026,10/07/2026,Eaton ,company,41688,597906,Electrical,,,290646,Closed,"343, Line 15",checklist,763855546,Alif Aizat,08/03/2026,2026-10-07T22:41:40.554167+00:00
51203,6081253,CHK-332-3,"EDCKUL21UPBCF110
Location: Battery room CF
Issue: Door damaged",EDCKUL21UPBCF110,equipment,12414725,construction,,657326,Non Critical,08/17/2026,,Eaton ,company,41688,597906,Electrical,,,290643,Open,"332, Line 15",checklist,763855161,Alif Aizat,08/03/2026,2026-10-07T22:41:40.554167+00:00
51203,6081240,CHK-330-1,"EDCKUL21UPBCD110
Location: Battery room CD
Issue: Door damaged",EDCKUL21UPBCD110,equipment,12414723,construction,,657326,Non Critical,08/17/2026,,Eaton ,company,41688,597906,Electrical,,,290643,Open,"330, Line 15",checklist,763855091,Alif Aizat,08/03/2026,2026-10-07T22:41:40.554167+00:00
51203,6073790,CHK-332-2,"EDCKUL21UPBCA110
EDCKUL21UPBCB110
EDCKUL21UPBCC110
EDCKUL21UPBCD110
EDCKUL21UPBCE110
EDCKUL21UPBCF110
EDCKUL21UPBCT110
EDCKUL21UPBCY110

Location: UPB Battery room GF
Issue: Pending nameplate",EDCKUL21UPBCF110,equipment,12414725,construction,,657326,Non Critical,08/14/2026,,Eaton ,company,41688,597906,Electrical,,,290643,Open,"332, Line 11",checklist,763855157,Alif Aizat,07/31/2026,2026-10-07T22:41:40.554167+00:00
51203,6073788,CHK-333-2,"EDCKUL21UPBCA110
EDCKUL21UPBCB110
EDCKUL21UPBCC110
EDCKUL21UPBCD110
EDCKUL21UPBCE110
EDCKUL21UPBCF110
EDCKUL21UPBCT110
EDCKUL21UPBCY110

Location: UPB Battery room GF
Issue: Pending serial number",EDCKUL21UPBCT110,equipment,12414726,construction,,657326,Non Critical,08/14/2026,10/07/2026,Eaton ,company,41688,597906,Electrical,,,290646,Closed,"333, Line 4",checklist,763855173,Alif Aizat,07/31/2026,2026-10-07T22:41:40.554167+00:00
51203,6073783,CHK-333-1,"EDCKUL21UPBCA110
EDCKUL21UPBCB110
EDCKUL21UPBCC110
EDCKUL21UPBCD110
EDCKUL21UPBCE110
EDCKUL21UPBCF110
EDCKUL21UPBCT110
EDCKUL21UPBCY110

Location: UPB Battery room GF
Issue: Pending nameplate",EDCKUL21UPBCT110,equipment,12414726,construction,,657326,Non Critical,08/14/2026,,Eaton ,company,41688,597906,Electrical,,,290643,Open,"333, Line 11",checklist,763855192,Alif Aizat,07/31/2026,2026-10-07T22:41:40.554167+00:00
51203,6073775,CHK-332-1,"EDCKUL21UPBCA110
EDCKUL21UPBCB110
EDCKUL21UPBCC110
EDCKUL21UPBCD110
EDCKUL21UPBCE110
EDCKUL21UPBCF110
EDCKUL21UPBCT110
EDCKUL21UPBCY110

Location: UPB Battery room GF
Issue: Pending serial number",EDCKUL21UPBCF110,equipment,12414725,construction,,657326,Non Critical,08/14/2026,10/07/2026,Eaton ,company,41688,597906,Electrical,,,290646,Closed,"332, Line 4",checklist,763855138,Alif Aizat,07/31/2026,2026-10-07T22:41:40.554167+00:00
51203,6073770,CHK-327-2,"EDCKUL21UPBCA110
EDCKUL21UPBCB110
EDCKUL21UPBCC110
EDCKUL21UPBCD110
EDCKUL21UPBCE110
EDCKUL21UPBCF110
EDCKUL21UPBCT110
EDCKUL21UPBCY110

Location: UPB Battery room GF
Issue: Pending nameplate",EDCKUL21UPBCA110,equipment,12414720,construction,,657326,Non Critical,08/14/2026,,Eaton ,company,41688,597906,Electrical,,,290643,Open,"327, Line 11",checklist,763854982,Alif Aizat,07/31/2026,2026-10-07T22:41:40.554167+00:00
51203,6073762,CHK-327-1,"EDCKUL21UPBCA110
EDCKUL21UPBCB110
EDCKUL21UPBCC110
EDCKUL21UPBCD110
EDCKUL21UPBCE110
EDCKUL21UPBCF110
EDCKUL21UPBCT110
EDCKUL21UPBCY110

Location: UPB Battery room GF
Issue: Pending serial number",EDCKUL21UPBCA110,equipment,12414720,construction,,657326,Non Critical,08/14/2026,10/07/2026,Eaton ,company,41688,597906,Electrical,,,290646,Closed,"327, Line 4",checklist,763854963,Alif Aizat,07/31/2026,2026-10-07T22:41:40.554167+00:00
51203,6035557,CHK-309-1,"EDCKUL21TESB0600
Location: TES Tank Yard

Pending approved FAT Report submission",EDCKUL21TESB0600,equipment,12414522,construction,,657326,Non Critical,08/07/2026,,LF Lansen,company,82919,597913,Mechanical,18954,Commissioning,290643,Open,"309, Line 9",checklist,763854349,Aaron Asir,07/24/2026,2026-10-07T22:41:40.554167+00:00
51203,6035554,CHK-306-1,"EDCKUL21TESB0500
Location: TES Tank Yard

Pending approved FAT Report submission",EDCKUL21TESB0500,equipment,12414521,construction,,657326,Non Critical,08/07/2026,,LF Lansen,company,82919,597913,Mechanical,18954,Commissioning,290643,Open,"306, Line 9",checklist,763854244,Aaron Asir,07/24/2026,2026-10-07T22:41:40.554167+00:00
51203,6035552,CHK-303-1,"EDCKUL21TESB0400
Location: TES Tank Yard

Pending approved FAT Report submission",EDCKUL21TESB0400,equipment,12414520,construction,,657326,Non Critical,08/07/2026,,LF Lansen,company,82919,597913,Mechanical,18954,Commissioning,290643,Open,"303, Line 9",checklist,763854139,Aaron Asir,07/24/2026,2026-10-07T22:41:40.554167+00:00
51203,6035549,CHK-300-1,"EDCKUL21TESB0300
Location: TES Tank Yard

Pending approved FAT Report submission",EDCKUL21TESB0300,equipment,12414519,construction,,657326,Non Critical,08/07/2026,,LF Lansen,company,82919,597913,Mechanical,18954,Commissioning,290643,Open,"300, Line 9",checklist,763854034,Aaron Asir,07/24/2026,2026-10-07T22:41:40.554167+00:00
51203,6035545,CHK-297-1,"EDCKUL21TESB0200
Location: TES Tank Yard

Pending approved FAT Report submission",EDCKUL21TESB0200,equipment,12414518,construction,,657326,Non Critical,08/07/2026,,LF Lansen,company,82919,597913,Mechanical,18954,Commissioning,290643,Open,"297, Line 9",checklist,763853929,Aaron Asir,07/24/2026,2026-10-07T22:41:40.554167+00:00
51203,6035544,CHK-294-1,"EDCKUL21TESB0100
Location: TES Tank Yard

Pending approved FAT Report submission",EDCKUL21TESB0100,equipment,12414517,construction,,657326,Non Critical,08/07/2026,,LF Lansen,company,82919,597913,Mechanical,18954,Commissioning,290643,Open,"294, Line 9",checklist,763853824,Aaron Asir,07/24/2026,2026-10-07T22:41:40.554167+00:00
51203,6034790,CHK-276-1,"EDCKUL21MVSA0210
EDCKUL21MVSB0220
Location: MV room 

Issue: Pending FAT reports",EDCKUL21MVSA0210,equipment,12414632,construction,,657326,Non Critical,08/07/2026,08/16/2026,Siemens Malaysia,company,69030,597906,Electrical,,,290646,Closed,"276, Line 9",checklist,763853194,Alif Aizat,07/24/2026,2026-10-07T22:41:40.554167+00:00
51203,5979608,CHK-238-2,"EDCKUL21GSBCT100
Location: Gen room CT
Issue: Nameplate does not install",EDCKUL21GSBCT100,equipment,12414629,construction,,657326,Non Critical,07/30/2026,,Sime Darby Industrial,company,68570,597906,Electrical,,,290643,Open,"238, Line 11",checklist,763851867,Alif Aizat,07/16/2026,2026-10-07T22:41:40.554167+00:00
51203,5979604,CHK-238-1,"EDCKUL21GSBCT100
Location: Gen room CT
Issue: Indicator lamp missing labeling",EDCKUL21GSBCT100,equipment,12414629,construction,,657326,Non Critical,07/30/2026,,Sime Darby Industrial,company,68570,597906,Electrical,,,290643,Open,"238, Line 16",checklist,763851872,Alif Aizat,07/16/2026,2026-10-07T22:41:40.554167+00:00
51203,5979602,CHK-237-2,"EDCKUL21GSBCF100
Location: Gen room CF
Issue: Indicator lamp missing labeling",EDCKUL21GSBCF100,equipment,12414628,construction,,657326,Non Critical,07/30/2026,,Sime Darby Industrial,company,68570,597906,Electrical,,,290643,Open,"237, Line 16",checklist,763851837,Alif Aizat,07/16/2026,2026-10-07T22:41:40.554167+00:00
51203,5979599,CHK-237-1,"EDCKUL21GSBCF100
Location: Gen room CF
Issue: Nameplate does not install",EDCKUL21GSBCF100,equipment,12414628,construction,,657326,Non Critical,07/30/2026,,Sime Darby Industrial,company,68570,597906,Electrical,,,290643,Open,"237, Line 11",checklist,763851832,Alif Aizat,07/16/2026,2026-10-07T22:41:40.554167+00:00
51203,5979593,CHK-234-2,"EDCKUL21GSBCC100
Location: Gen room CC
Issue: Indicator lamp missing labeling",EDCKUL21GSBCC100,equipment,12414625,construction,,657326,Non Critical,07/30/2026,,Sime Darby Industrial,company,68570,597906,Electrical,,,290643,Open,"234, Line 16",checklist,763851732,Alif Aizat,07/16/2026,2026-10-07T22:41:40.554167+00:00
51203,5979592,CHK-234-1,"EDCKUL21GSBCC100
Location: Gen room CC
Issue: Nameplate does not install",EDCKUL21GSBCC100,equipment,12414625,construction,,657326,Non Critical,07/30/2026,,Sime Darby Industrial,company,68570,597906,Electrical,,,290643,Open,"234, Line 11",checklist,763851727,Alif Aizat,07/16/2026,2026-10-07T22:41:40.554167+00:00
51203,5979583,CHK-216-2,"EDCKUL21GSBCB100
Location: Gen room CB
Issue: Indicator lamp missing labeling",EDCKUL21GSBCB100,equipment,12414624,construction,,657326,Non Critical,07/30/2026,,Sime Darby Industrial,company,68570,597906,Electrical,,,290643,Open,"216, Line 16",checklist,763851102,Alif Aizat,07/16/2026,2026-10-07T22:41:40.554167+00:00
51203,5979534,CHK-216-1,"EDCKUL21GSBCB100
Location: Gen room CB
Issue: Nameplate does not install",EDCKUL21GSBCB100,equipment,12414624,construction,,657326,Non Critical,07/30/2026,,Sime Darby Industrial,company,68570,597906,Electrical,,,290643,Open,"216, Line 11",checklist,763851097,Alif Aizat,07/16/2026,2026-10-07T22:41:40.554167+00:00
51203,5971926,CHK-225-1,"EDCKUL21GENDT100
EDCKUL21GENDA100
EDCKUL21GENDB100
EDCKUL21GENDC100
EDCKUL21GENDT200
EDCKUL21GENDF100
EDCKUL21GENDE100
EDCKUL21GENDD100 

Location: Gen room GF
Issue: Pending FAT reports",EDCKUL21GENCA100,equipment,12414615,construction,,657326,Non Critical,07/29/2026,,Sime Darby Industrial,company,68570,597906,Electrical,,,290643,Open,"225, Line 9",checklist,763851409,Alif Aizat,07/15/2026,2026-10-07T22:41:40.554167+00:00
51203,5971746,CHK-240-1,"EDCKUL21LBG00200

Location: Roof 

Issue: Pending FAT reports",EDCKUL21LBG00200,equipment,12414631,construction,,657326,Non Critical,07/29/2026,09/03/2026,JTP Power,company,88593,597906,Electrical,,,290646,Closed,"240, Line 9",checklist,763851934,Alif Aizat,07/15/2026,2026-10-07T22:41:40.554167+00:00
51203,5924950,CHK-239-2,"EDCKUL21GSBCY100
Location: Gen room CY
Issue: Indicator lamp missing labeling",EDCKUL21GSBCY100,equipment,12414630,construction,,657326,Non Critical,07/20/2026,,Sime Darby Industrial,company,68570,597906,Electrical,,,290643,Open,"239, Line 16",checklist,763851907,Alif Aizat,07/06/2026,2026-10-07T22:41:40.554167+00:00
51203,5924946,CHK-239-1,"EDCKUL21GSBCY100
Location: Gen room CY
Issue: Nameplate does not install",EDCKUL21GSBCY100,equipment,12414630,construction,,657326,Non Critical,07/20/2026,,Sime Darby Industrial,company,68570,597906,Electrical,,,290643,Open,"239, Line 11",checklist,763851902,Alif Aizat,07/06/2026,2026-10-07T22:41:40.554167+00:00
51203,5924943,CHK-236-2,"EDCKUL21GSBCE100
Location: Gen room CE
Issue: Indicator lamp missing labeling",EDCKUL21GSBCE100,equipment,12414627,construction,,657326,Non Critical,07/20/2026,,Sime Darby Industrial,company,68570,597906,Electrical,,,290643,Open,"236, Line 16",checklist,763851802,Alif Aizat,07/06/2026,2026-10-07T22:41:40.554167+00:00
51203,5924941,CHK-236-1,"EDCKUL21GSBCE100
Location: Gen room CE
Issue: Nameplate does not install",EDCKUL21GSBCE100,equipment,12414627,construction,,657326,Non Critical,07/20/2026,,Sime Darby Industrial,company,68570,597906,Electrical,,,290643,Open,"236, Line 11",checklist,763851797,Alif Aizat,07/06/2026,2026-10-07T22:41:40.554167+00:00
51203,5924905,CHK-235-2,"EDCKUL21GSBCD100
Location: Gen room CD
Issue: Indicator lamp missing labeling",EDCKUL21GSBCD100,equipment,12414626,construction,,657326,Non Critical,07/20/2026,,Sime Darby Industrial,company,68570,597906,Electrical,,,290643,Open,"235, Line 16",checklist,763851767,Alif Aizat,07/06/2026,2026-10-07T22:41:40.554167+00:00
51203,5924904,CHK-235-1,"EDCKUL21GSBCD100
Location: Gen room CD
Issue: Nameplate does not install",EDCKUL21GSBCD100,equipment,12414626,construction,,657326,Non Critical,07/20/2026,,Sime Darby Industrial,company,68570,597906,Electrical,,,290643,Open,"235, Line 11",checklist,763851762,Alif Aizat,07/06/2026,2026-10-07T22:41:40.554167+00:00
51203,5924897,CHK-233-2,"EDCKUL21GSBCA100
Location: Gen room CA
Issue: Indicator lamp missing labeling",EDCKUL21GSBCA100,equipment,12414623,construction,,657326,Non Critical,07/20/2026,,Sime Darby Industrial,company,68570,597906,Electrical,,,290643,Open,"233, Line 16",checklist,763851697,Alif Aizat,07/06/2026,2026-10-07T22:41:40.554167+00:00
51203,5924896,CHK-233-1,"EDCKUL21GSBCA100
Location: Gen room CA
Issue: Nameplate does not install",EDCKUL21GSBCA100,equipment,12414623,construction,,657326,Non Critical,07/20/2026,,Sime Darby Industrial,company,68570,597906,Electrical,,,290643,Open,"233, Line 11",checklist,763851692,Alif Aizat,07/06/2026,2026-10-07T22:41:40.554167+00:00
51203,5921956,CHK-217-1,"EDCKUL21GDTCA100
Location: Q4 GF Room CA

Issue: 
Fuel level indicator found damage

kindly please rectify for Red tag issuance",EDCKUL21GDTCA100,equipment,12414607,construction,,,,07/17/2026,,Sime Darby Industrial,company,68570,,,,,290643,Open,"217, Line 15",checklist,763851136,Azrul Firdaus Ramli,07/03/2026,2026-10-07T22:41:40.554167+00:00
51203,5901703,CHK-315-1,"EDCKUL21DSGCD110
EDCKUL21DSGCE110
EDCKUL21DSGCF110
EDCKUL21DSGCT110
Location: Tx deck GF

Issue: Pending FAT reports",EDCKUL21TRNCD100,equipment,12414644,construction,,657326,Non Critical,07/14/2026,09/07/2026,Siemens Malaysia,company,69030,597906,Electrical,,,290646,Closed,"315, Line 9",checklist,763854559,Alif Aizat,06/30/2026,2026-10-07T22:41:40.554167+00:00
51203,5901659,CHK-312-1,"EDCKUL21TRNCA110
EDCKUL21TRNCB110
EDCKUL21TRNCC110
EDCKUL21TRNCY110
Location: Tx deck GF

Issue: Pending FAT reports",EDCKUL21TRNCA100,equipment,12414648,construction,,657326,Non Critical,07/14/2026,09/07/2026,Siemens Malaysia,company,69030,597906,Electrical,,,290646,Closed,"312, Line 9",checklist,763854454,Alif Aizat,06/30/2026,2026-10-07T22:41:40.554167+00:00
51203,5901645,CHK-181-1,"EDCKUL21DSGCD110
EDCKUL21DSGCE110
EDCKUL21DSGCF110
EDCKUL21DSGCT110
Location: Tx deck GF

Issue: Pending FAT reports",EDCKUL21DSGCD110,equipment,12414636,construction,,657326,Non Critical,07/14/2026,09/07/2026,Siemens Malaysia,company,69030,597906,Electrical,,,290646,Closed,"181, Line 9",checklist,763849869,Alif Aizat,06/30/2026,2026-10-07T22:41:40.554167+00:00
51203,5901265,CHK-178-1,"EDCKUL21DSGCA110
EDCKUL21DSGCB110
EDCKUL21DSGCC110
EDCKUL21DSGCY110
Location: Tx deck GF

Issue: Pending FAT reports",EDCKUL21DSGCA110,equipment,12414640,construction,,657326,Non Critical,07/14/2026,09/07/2026,Siemens Malaysia,company,69030,597906,Electrical,,,290646,Closed,"178, Line 9",checklist,763849764,Alif Aizat,06/30/2026,2026-10-07T22:41:40.554167+00:00
51203,5878674,CHK-244-1,"EDCKUL21MBCCD110
Location: CD elect room

Issue
Discrepancy between the SLD and feeder breaker labels for the UPS, UDP, and DPP. Please update the feeder breaker labels accordingly",EDCKUL21MBCCD110,equipment,12414663,construction,,657326,Non Critical,07/09/2026,09/24/2026,Powerwell,company,68459,597906,Electrical,18952,Construction,290646,Closed,"244, Line 12",checklist,763852078,Tarmizi Isa,06/25/2026,2026-10-07T22:41:40.554167+00:00
52047,6493621,CHK-1287-2,"EDCKUL21UPSDE110
Issue: Missing bottom cover plate",EDCKUL21UPSDE110,equipment,12442635,construction,,660533,Non Critical,10/19/2026,,Eaton ,company,41688,607664,Electrical,20318,Construction,295788,Open,"1287, Line 16",checklist,878780658,Alif Aizat,10/05/2026,2026-10-07T22:41:40.554167+00:00
52047,6493620,CHK-1287-1,"EDCKUL21UPSDE110
Issue: Screw side extension box cover plate missing",EDCKUL21UPSDE110,equipment,12442635,construction,,660533,Non Critical,10/19/2026,,Eaton ,company,41688,607664,Electrical,20318,Construction,295788,Open,"1287, Line 16",checklist,878780658,Alif Aizat,10/05/2026,2026-10-07T22:41:40.554167+00:00
52047,6132322,CHK-1033-1,"EDCKUL21MBCDT110
Location: Elec room DT, 1F

Issue: 
Breaker setting for ground fault (Ig) should be 15.8 as per SCCS, but breaker type onsite does not allow decimal point for the setting.

To align breaker setting in SCCS with onsite breaker specifications.",EDCKUL21MBCDT110,equipment,12442568,construction,,,,08/26/2026,08/26/2026,Powerwell,company,68459,607664,Electrical,20320,Commissioning,295789,Closed,"1033, Line 27",checklist,878769065,Najwa Athirah Fauzi,08/12/2026,2026-10-07T22:41:40.554167+00:00
52047,6088382,CHK-1278-1,"EDCKUL21UPSDB110
Location: Electrical room DB
Issue: Missing bottom cover plate",EDCKUL21UPSDB110,equipment,12442632,construction,,660533,Non Critical,08/18/2026,,Eaton ,company,41688,607664,Electrical,,,295788,Open,"1278, Line 15",checklist,878780246,Alif Aizat,08/04/2026,2026-10-07T22:41:40.554167+00:00
52047,5996287,CHK-190-2,"EDCKUL21GSBDT200
Location: Gen room DT2
Issue: Nameplate does not install",EDCKUL21GSBDT200,equipment,12442535,construction,,660533,Non Critical,07/31/2026,,Sime Darby Industrial,company,68570,,,,,295788,Open,"190, Line 11",checklist,767407101,Alif Aizat,07/17/2026,2026-10-07T22:41:40.554167+00:00
52047,5996282,CHK-190-1,"EDCKUL21GSBDT200
Location: Gen room DT
Issue: Indicator lamp missing labeling",EDCKUL21GSBDT200,equipment,12442535,construction,,660533,Non Critical,07/31/2026,,Sime Darby Industrial,company,68570,607664,Electrical,,,295788,Open,"190, Line 16",checklist,767407106,Alif Aizat,07/17/2026,2026-10-07T22:41:40.554167+00:00
52047,5996259,CHK-188-2,"EDCKUL21GSBDF100
Location: Gen room DF
Issue: Indicator lamp missing labeling",EDCKUL21GSBDF100,equipment,12442533,construction,,660533,Non Critical,07/31/2026,,Sime Darby Industrial,company,68570,607664,Electrical,,,295788,Open,"188, Line 16",checklist,767407036,Alif Aizat,07/17/2026,2026-10-07T22:41:40.554167+00:00
52047,5996255,CHK-188-1,"EDCKUL21GSBDF100
Location: Gen room DF
Issue: Nameplate does not install",EDCKUL21GSBDF100,equipment,12442533,construction,,660533,Non Critical,07/31/2026,,Sime Darby Industrial,company,68570,607664,Electrical,,,295788,Open,"188, Line 11",checklist,767407031,Alif Aizat,07/17/2026,2026-10-07T22:41:40.554167+00:00
52047,5996245,CHK-184-3,"EDCKUL21GSBDB100
Location: Gen room DB
Issue: Nameplate does not install",EDCKUL21GSBDB100,equipment,12442529,construction,,660533,Non Critical,07/31/2026,,Sime Darby Industrial,company,68570,607664,Electrical,,,295788,Open,"184, Line 11",checklist,767406891,Alif Aizat,07/17/2026,2026-10-07T22:41:40.554167+00:00
52047,5996235,CHK-184-2,"EDCKUL21GSBDB100
Location: Gen room DB
Issue: Indicator lamp missing labeling",EDCKUL21GSBDB100,equipment,12442529,construction,,660533,Non Critical,07/31/2026,,Sime Darby Industrial,company,68570,607664,Electrical,,,295788,Open,"184, Line 16",checklist,767406896,Alif Aizat,07/17/2026,2026-10-07T22:41:40.554167+00:00
52047,5996229,CHK-185-3,"EDCKUL21GSBDC100
Location: Gen room DC
Issue: Indicator lamp missing labeling",EDCKUL21GSBDC100,equipment,12442530,construction,,660533,Non Critical,07/31/2026,,Sime Darby Industrial,company,68570,607664,Electrical,,,295788,Open,"185, Line 16",checklist,767406931,Alif Aizat,07/17/2026,2026-10-07T22:41:40.554167+00:00
52047,5996227,CHK-185-2,"EDCKUL21GSBDC100
Location: Gen room DC
Issue: Nameplate does not install",EDCKUL21GSBDC100,equipment,12442530,construction,,660533,Non Critical,07/31/2026,,Sime Darby Industrial,company,68570,607664,Electrical,,,295788,Open,"185, Line 11",checklist,767406926,Alif Aizat,07/17/2026,2026-10-07T22:41:40.554167+00:00
52047,5996218,CHK-185-1,"EDCKUL21GSBDC100
Location: Gen room DC
Issue: To rectify scratched paint",EDCKUL21GSBDC100,equipment,12442530,construction,,660533,Non Critical,07/31/2026,,Sime Darby Industrial,company,68570,607664,Electrical,,,295788,Open,"185, Line 15",checklist,767406930,Alif Aizat,07/17/2026,2026-10-07T22:41:40.554167+00:00
52047,5996085,CHK-184-1,"EDCKUL21GSBDB100
Location: Gen room DB
Issue: To rectify scratched paint",EDCKUL21GSBDB100,equipment,12442529,construction,,660533,Non Critical,07/31/2026,,Sime Darby Industrial,company,68570,607664,Electrical,,,295788,Open,"184, Line 15",checklist,767406895,Alif Aizat,07/17/2026,2026-10-07T22:41:40.554167+00:00
52047,5980291,CHK-966-1,"EDCKUL21GENDT100
EDCKUL21GENDA100
EDCKUL21GENDB100
EDCKUL21GENDC100
EDCKUL21GENDT200
EDCKUL21GENDF100
EDCKUL21GENDE100
EDCKUL21GENDD100

Location: Gen room 1F
Issue: Pending FAT reports",EDCKUL21GENDA100,equipment,12442520,construction,,660533,Non Critical,07/30/2026,,Sime Darby Industrial,company,68570,607664,Electrical,,,295788,Open,"966, Line 9",checklist,878765991,Alif Aizat,07/16/2026,2026-10-07T22:41:40.554167+00:00
52047,5980284,CHK-975-1,"EDCKUL21GENDD100
Location: Gen room DD
Issue: to rectify bolt and nut damaged",EDCKUL21GENDD100,equipment,12442523,construction,,660532,Critical,07/30/2026,08/06/2026,Sime Darby Industrial,company,68570,607664,Electrical,,,295789,Closed,"975, Line 14",checklist,878766408,Alif Aizat,07/16/2026,2026-10-07T22:41:40.554167+00:00
52047,5937292,CHK-187-3,"EDCKUL21GSBDE100
Location: Gen room DE
Issue: Please rectify panel scratches and rusty",EDCKUL21GSBDE100,equipment,12442532,construction,,660533,Non Critical,07/22/2026,,Sime Darby Industrial,company,68570,607664,Electrical,,,295788,Open,"187, Line 15",checklist,767407000,Alif Aizat,07/08/2026,2026-10-07T22:41:40.554167+00:00
52047,5937070,CHK-187-2,"EDCKUL21GSBDE100
Location: Gen room DE
Issue: Indicator lamp missing labeling",EDCKUL21GSBDE100,equipment,12442532,construction,,660533,Non Critical,07/22/2026,,Sime Darby Industrial,company,68570,607664,Electrical,,,295788,Open,"187, Line 16",checklist,767407001,Alif Aizat,07/08/2026,2026-10-07T22:41:40.554167+00:00
52047,5937067,CHK-187-1,"EDCKUL21GSBDE100
Location: Gen room DE
Issue: Nameplate does not install",EDCKUL21GSBDE100,equipment,12442532,construction,,660533,Non Critical,07/22/2026,,Sime Darby Industrial,company,68570,607664,Electrical,,,295788,Open,"187, Line 11",checklist,767406996,Alif Aizat,07/08/2026,2026-10-07T22:41:40.554167+00:00
52047,5936746,CHK-189-2,"EDCKUL21GSBDT100
Location: Gen room DT
Issue: Nameplate does not install",EDCKUL21GSBDT100,equipment,12442534,construction,,660533,Non Critical,07/22/2026,,Sime Darby Industrial,company,68570,607664,Electrical,,,295788,Open,"189, Line 11",checklist,767407066,Alif Aizat,07/08/2026,2026-10-07T22:41:40.554167+00:00
52047,5936745,CHK-189-1,"EDCKUL21GSBDT100
Location: Gen room DT1
Issue: Indicator lamp missing labeling",EDCKUL21GSBDT100,equipment,12442534,construction,,660533,Non Critical,07/22/2026,,Sime Darby Industrial,company,68570,607664,Electrical,,,295788,Open,"189, Line 16",checklist,767407071,Alif Aizat,07/08/2026,2026-10-07T22:41:40.554167+00:00
52047,5936711,CHK-186-2,"EDCKUL21GSBDD100
Location: Gen room DD
Issue: Indicator lamp missing labeling",EDCKUL21GSBDD100,equipment,12442531,construction,,660533,Non Critical,07/22/2026,,Sime Darby Industrial,company,68570,607664,Electrical,,,295788,Open,"186, Line 16",checklist,767406966,Alif Aizat,07/08/2026,2026-10-07T22:41:40.554167+00:00
52047,5936706,CHK-186-1,"EDCKUL21GSBDD100
Location: Gen room DD
Issue: Nameplate does not install",EDCKUL21GSBDD100,equipment,12442531,construction,,660533,Non Critical,07/22/2026,,Sime Darby Industrial,company,68570,607664,Electrical,,,295788,Open,"186, Line 11",checklist,767406961,Alif Aizat,07/08/2026,2026-10-07T22:41:40.554167+00:00
52047,5936650,CHK-183-2,"EDCKUL21GSBDA100
Location: Gen room DA
Issue: Indicator lamp missing labeling",EDCKUL21GSBDA100,equipment,12442528,construction,,660533,Non Critical,07/22/2026,,Sime Darby Industrial,company,68570,607664,Electrical,,,295788,Open,"183, Line 16",checklist,767406861,Alif Aizat,07/08/2026,2026-10-07T22:41:40.554167+00:00
52047,5936566,CHK-183-1,"EDCKUL21GSBDA100
Location: Gen room DA
Issue: Nameplate does not install",EDCKUL21GSBDA100,equipment,12442528,construction,,660533,Non Critical,07/22/2026,,Sime Darby Industrial,company,68570,607664,Electrical,,,295788,Open,"183, Line 11",checklist,767406856,Alif Aizat,07/08/2026,2026-10-07T22:41:40.554167+00:00
52047,5902023,CHK-150-1,"EDCKUL21DSGDD110
EDCKUL21DSGDE110
EDCKUL21DSGDF110
EDCKUL21DSGDT110
EDCKUL21DSGDT120
Location: Tx deck GF

Issue: Pending FAT reports",EDCKUL21DSGDD110,equipment,12442538,construction,,660533,Non Critical,07/14/2026,09/07/2026,Siemens Malaysia,company,69030,607664,Electrical,,,295789,Closed,"150, Line 9",checklist,767405698,Alif Aizat,06/30/2026,2026-10-07T22:41:40.554167+00:00
52047,5901991,CHK-255-1,"EDCKUL21TRNDD100
EDCKUL21TRNDE100
EDCKUL21TRNDF100
EDCKUL21TRNDT100
EDCKUL21TRNDT200
Location: Tx deck GF

Issue: Pending FAT reports",EDCKUL21TRNDD100,equipment,12442546,construction,,660533,Non Critical,07/14/2026,09/07/2026,Siemens Malaysia,company,69030,607664,Electrical,,,295789,Closed,"255, Line 9",checklist,767409373,Alif Aizat,06/30/2026,2026-10-07T22:41:40.554167+00:00
51204,6398847,CHK-1045-1,"EDCKUL21UPSEC110
Location: Electrical EC
Issue: Door damaged",EDCKUL21UPSEC110,equipment,12415084,construction,,657329,Non Critical,10/07/2026,,Eaton ,company,41688,597917,Electrical,18959,Construction,290649,Open,"1045, Line 16",checklist,763980486,Alif Aizat,09/23/2026,2026-10-07T22:41:40.554167+00:00
51204,6398828,CHK-1046-2,"EDCKUL21UPED110
Location: Electrical room ED
Issue: Missing bottom cover plate",EDCKUL21UPSED110,equipment,12415085,construction,,657329,Non Critical,10/07/2026,,Eaton ,company,41688,597917,Electrical,18959,Construction,290649,Open,"1046, Line 16",checklist,763980521,Alif Aizat,09/23/2026,2026-10-07T22:41:40.554167+00:00
51204,6389983,CHK-1046-1,"EDCKUL21UPSED110
Location: Electrical room ED
Issue: UPS position different from other room, need to markup on CSD drawing",EDCKUL21UPSED110,equipment,12415085,construction,,657329,Non Critical,10/06/2026,,Promatrix DCS,company,68571,597917,Electrical,18959,Construction,290649,Open,"1046, Line 13",checklist,763980518,Alif Aizat,09/22/2026,2026-10-07T22:41:40.554167+00:00
51204,6297354,CHK-1031-1,"EDCKUL21UPBEA110
Location: Electrical room EA
Issue: Pending battery slotting",EDCKUL21UPBEA110,equipment,12415070,construction,,657327,Critical,09/25/2026,10/02/2026,Eaton ,company,41688,597917,Electrical,18959,Construction,290652,Closed,"1031, Line 16",checklist,763979996,Alif Aizat,09/11/2026,2026-10-07T22:41:40.554167+00:00
51204,6297353,CHK-1032-1,"EDCKUL21UPBEB110
Location: Electrical room EB
Issue: Pending battery slotting",EDCKUL21UPBEB110,equipment,12415071,construction,,657327,Critical,09/25/2026,10/02/2026,Eaton ,company,41688,597917,Electrical,18959,Construction,290652,Closed,"1032, Line 16",checklist,763980031,Alif Aizat,09/11/2026,2026-10-07T22:41:40.554167+00:00
51204,6297352,CHK-1033-2,"EDCKUL21UPBEC110
Location: Electrical room EC110
Issue: Position does not aligned",EDCKUL21UPBEC110,equipment,12415072,construction,,657327,Critical,09/25/2026,,Eaton ,company,41688,597917,Electrical,18959,Construction,290649,Open,"1033, Line 14",checklist,763980064,Alif Aizat,09/11/2026,2026-10-07T22:41:40.554167+00:00
51204,6297351,CHK-1369-1,"EDCKUL21DPPEC210
Location: Electrical room EC
Issue: Door damaged",EDCKUL21DPPEC210,equipment,13427824,construction,,657329,Non Critical,09/25/2026,,Eaton ,company,41688,597917,Electrical,18959,Construction,290649,Open,"1369, Line 15",checklist,882652984,Alif Aizat,09/11/2026,2026-10-07T22:41:40.554167+00:00
51204,6297350,CHK-1033-1,"EDCKUL21UPBEC110
Location: Electrical room EC110
Issue: Pending battery slotting",EDCKUL21UPBEC110,equipment,12415072,construction,,657327,Critical,09/25/2026,10/07/2026,Eaton ,company,41688,597917,Electrical,18959,Construction,290652,Closed,"1033, Line 16",checklist,763980066,Alif Aizat,09/11/2026,2026-10-07T22:41:40.554167+00:00
51204,6297349,CHK-1034-1,"EDCKUL21UPBED110
Location: Electrical room ED110
Issue: Pending battery slotting",EDCKUL21UPBED110,equipment,12415073,construction,,657327,Critical,09/25/2026,10/07/2026,Eaton ,company,41688,597917,Electrical,18959,Construction,290652,Closed,"1034, Line 16",checklist,763980101,Alif Aizat,09/11/2026,2026-10-07T22:41:40.554167+00:00
51204,6297348,CHK-1035-1,"EDCKUL21UPBEE110
Location: Electrical room EE110
Issue: Pending battery slotting",EDCKUL21UPBEE110,equipment,12415074,construction,,657327,Critical,09/25/2026,10/07/2026,Eaton ,company,41688,597917,Electrical,18959,Construction,290652,Closed,"1035, Line 16",checklist,763980136,Alif Aizat,09/11/2026,2026-10-07T22:41:40.554167+00:00
51204,6297347,CHK-1036-1,"EDCKUL21UPBEF110
Location: Electrical room EF110
Issue: Pending battery slotting",EDCKUL21UPBEF110,equipment,12415075,construction,,657327,Critical,09/25/2026,10/07/2026,Eaton ,company,41688,597917,Electrical,18959,Construction,290652,Closed,"1036, Line 16",checklist,763980171,Alif Aizat,09/11/2026,2026-10-07T22:41:40.554167+00:00
51204,6297346,CHK-1038-1,"EDCKUL21UPBET120
Location: Electrical room ET120
Issue: Pending battery slotting",EDCKUL21UPBET120,equipment,12415077,construction,,657327,Critical,09/25/2026,10/07/2026,Eaton ,company,41688,597917,Electrical,18959,Construction,290652,Closed,"1038, Line 16",checklist,763980241,Alif Aizat,09/11/2026,2026-10-07T22:41:40.554167+00:00
51204,6265279,CHK-1088-5,"EDCKUL21MVSB0320
Location: MVS room B
Issue: Missing bottom cover plate on the 33kV input power cable entrance",EDCKUL21MVSB0320,equipment,12535515,construction,,657327,Critical,09/18/2026,,Siemens Malaysia,company,69030,597917,Electrical,,,290649,Open,"1088, Line 31",checklist,777512147,Alif Aizat,09/04/2026,2026-10-07T22:41:40.554167+00:00
51204,6265278,CHK-1087-5,"EDCKUL21MVSA0310
Location: MVS room A
Issue: Missing bottom cover plate on the 33kV input power cable entrance",EDCKUL21MVSA0310,equipment,12535514,construction,,657327,Critical,09/18/2026,,Siemens Malaysia,company,69030,597917,Electrical,,,290649,Open,"1087, Line 31",checklist,777512091,Alif Aizat,09/04/2026,2026-10-07T22:41:40.554167+00:00
51204,6258625,CHK-1087-4,"EDCKUL21MVSB0310
Location: MVS room A

Issue: Power cable does not install outgoing feeder",EDCKUL21MVSA0310,equipment,12535514,construction,,657327,Critical,09/17/2026,,Promatrix DCS,company,68571,597917,Electrical,,,290649,Open,"1087, Line 20",checklist,777512080,Alif Aizat,09/03/2026,2026-10-07T22:41:40.554167+00:00
51204,6258623,CHK-1087-3,"EDCKUL21MVSA0310
Location: MVS room A

Issue:
1. Pending asset ID tagging
2. Pending danger sign
3. Pending Arc flash sticker",EDCKUL21MVSA0310,equipment,12535514,construction,,657329,Non Critical,09/17/2026,,Siemens Malaysia,company,69030,597917,Electrical,,,290649,Open,"1087, Line 16",checklist,777512076,Alif Aizat,09/03/2026,2026-10-07T22:41:40.554167+00:00
51204,6258610,CHK-1088-4,"EDCKUL21MVSA0320
Location: MV room B

Issue: BMS cable still pending installation",EDCKUL21MVSB0320,equipment,12535515,construction,,657327,Critical,09/17/2026,09/14/2026,Alur Tenaga,company,80235,597917,Electrical,18960,Controls,290652,Closed,"1088, Line 20",checklist,777512136,Alif Aizat,09/03/2026,2026-10-07T22:41:40.554167+00:00
51204,6258592,CHK-1088-3,"EDCKUL21MVSB0220
Location: MVS room B

Issue: Auxiliary power for AC and DC cable does not install",EDCKUL21MVSB0320,equipment,12535515,construction,,657327,Critical,09/17/2026,,Promatrix DCS,company,68571,597917,Electrical,,,290649,Open,"1088, Line 20",checklist,777512136,Alif Aizat,09/03/2026,2026-10-07T22:41:40.554167+00:00
51204,6258591,CHK-1088-2,"EDCKUL21MVSB0220
Location: MVS room B

Issue: Power cable does not install outgoing feeder",EDCKUL21MVSB0320,equipment,12535515,construction,,657327,Critical,09/17/2026,,Promatrix DCS,company,68571,597917,Electrical,,,290649,Open,"1088, Line 20",checklist,777512136,Alif Aizat,09/03/2026,2026-10-07T22:41:40.554167+00:00
51204,6258585,CHK-1088-1,"EDCKUL21MVSB0320
Location: MVS room B

Issue:
1. Pending asset ID tagging
2. Pending danger sign
3. Pending Arc flash sticker",EDCKUL21MVSB0320,equipment,12535515,construction,,657329,Non Critical,09/17/2026,,Siemens Malaysia,company,69030,597917,Electrical,,,290649,Open,"1088, Line 16",checklist,777512132,Alif Aizat,09/03/2026,2026-10-07T22:41:40.554167+00:00
51204,6250811,CHK-1087-2,"EDCKUL21MVSA0310
Location: MVS room A2
Issue: Pending installation auxiliary AC supply and DC supply",EDCKUL21MVSA0310,equipment,12535514,construction,,657327,Critical,09/16/2026,,Promatrix DCS,company,68571,597917,Electrical,,,290649,Open,"1087, Line 20",checklist,777512080,Alif Aizat,09/02/2026,2026-10-07T22:41:40.554167+00:00
51204,6250781,CHK-1087-1,"EDCKUL21MVSA0310
Location: MV room A2

Issue: BMS cable still pending installation",EDCKUL21MVSA0310,equipment,12535514,construction,,657327,Critical,09/16/2026,,Promatrix DCS,company,68571,597917,Electrical,,,290649,Open,"1087, Line 10",checklist,777512069,Alif Aizat,09/02/2026,2026-10-07T22:41:40.554167+00:00
51204,6117839,CHK-1018-1,"EDCKUL21TRNED110
EDCKUL21TRNEE110
EDCKUL21TRNEF110
EDCKUL21TRNET110
Location: Tx deck GF

Issue: Pending FAT reports",EDCKUL21TRNED100,equipment,12414998,construction,,657329,Non Critical,08/24/2026,09/07/2026,Siemens Malaysia,company,69030,597917,Electrical,,,290652,Closed,"1018, Line 9",checklist,763979533,Alif Aizat,08/10/2026,2026-10-07T22:41:40.554167+00:00
51204,6117835,CHK-1015-1,"EDCKUL21TRNEA110
EDCKUL21TRNEB110
EDCKUL21TRNEC110
EDCKUL21TRNEY110
Location: Tx deck GF

Issue: Pending FAT reports",EDCKUL21TRNEA100,equipment,12415002,construction,,657329,Non Critical,08/24/2026,09/07/2026,Siemens Malaysia,company,69030,597917,Electrical,,,290652,Closed,"1015, Line 9",checklist,763979428,Alif Aizat,08/10/2026,2026-10-07T22:41:40.554167+00:00
51204,6117828,CHK-908-1,"EDCKUL21DSGED110
EDCKUL21DSGEE110
EDCKUL21DSGEF110
EDCKUL21DSGET110
Location: Tx deck GF

Issue: Pending FAT reports",EDCKUL21DSGED110,equipment,12414990,construction,,657329,Non Critical,08/24/2026,09/07/2026,Siemens Malaysia,company,69030,597917,Electrical,,,290652,Closed,"908, Line 9",checklist,763975683,Alif Aizat,08/10/2026,2026-10-07T22:41:40.554167+00:00
51204,6117821,CHK-905-1,"EDCKUL21DSGEA110
EDCKUL21DSGEB110
EDCKUL21DSGEC110
EDCKUL21DSGEY110
Location: Tx deck GF

Issue: Pending FAT reports",EDCKUL21DSGEA110,equipment,12414994,construction,,657329,Non Critical,08/24/2026,09/07/2026,Siemens Malaysia,company,69030,597917,Electrical,,,290652,Closed,"905, Line 9",checklist,763975578,Alif Aizat,08/10/2026,2026-10-07T22:41:40.554167+00:00
51204,6035566,CHK-1012-1,"EDCKUL21TESC0600
Location: TES Tank Yard

Pending approved FAT Report submission",EDCKUL21TESC0600,equipment,12414895,construction,,657329,Non Critical,08/07/2026,,LF Lansen,company,82919,597924,Mechanical,18961,Commissioning,290649,Open,"1012, Line 9",checklist,763979323,Aaron Asir,07/24/2026,2026-10-07T22:41:40.554167+00:00
51204,6035565,CHK-1009-1,"EDCKUL21TESC0500
Location: TES Tank Yard

Pending approved FAT Report submission",EDCKUL21TESC0500,equipment,12414894,construction,,657329,Non Critical,08/07/2026,,LF Lansen,company,82919,597924,Mechanical,18961,Commissioning,290649,Open,"1009, Line 9",checklist,763979218,Aaron Asir,07/24/2026,2026-10-07T22:41:40.554167+00:00
51204,6035564,CHK-1006-1,"EDCKUL21TESC0400
Location: TES Tank Yard

Pending approved FAT Report submission",EDCKUL21TESC0400,equipment,12414893,construction,,657329,Non Critical,08/07/2026,,LF Lansen,company,82919,597924,Mechanical,18961,Commissioning,290649,Open,"1006, Line 9",checklist,763979113,Aaron Asir,07/24/2026,2026-10-07T22:41:40.554167+00:00
51204,6035563,CHK-1003-1,"EDCKUL21TESC0300
Location: TES Tank Yard

Pending approved FAT Report submission",EDCKUL21TESC0300,equipment,12414892,construction,,657329,Non Critical,08/07/2026,,LF Lansen,company,82919,597924,Mechanical,18961,Commissioning,290649,Open,"1003, Line 9",checklist,763979008,Aaron Asir,07/24/2026,2026-10-07T22:41:40.554167+00:00
51204,6035562,CHK-1000-1,"EDCKUL21TESC0200
Location: TES Tank Yard

Pending approved FAT Report submission",EDCKUL21TESC0200,equipment,12414891,construction,,657329,Non Critical,08/07/2026,,LF Lansen,company,82919,597924,Mechanical,18961,Commissioning,290649,Open,"1000, Line 9",checklist,763978903,Aaron Asir,07/24/2026,2026-10-07T22:41:40.554167+00:00
51204,6035560,CHK-997-1,"EDCKUL21TESC0100
Location: TES Tank Yard

Pending approved FAT Report submission",EDCKUL21TESC0100,equipment,12414890,construction,,657329,Non Critical,08/07/2026,,LF Lansen,company,82919,597924,Mechanical,18961,Commissioning,290649,Open,"997, Line 9",checklist,763978798,Aaron Asir,07/24/2026,2026-10-07T22:41:40.554167+00:00
51204,6034799,CHK-1089-1,"EDCKUL21MVSA0310
EDCKUL21MVSB0320
Location: MV room

Issue: Pending FAT reports",EDCKUL21MVSA0310,equipment,12535514,construction,,657329,Non Critical,08/07/2026,08/16/2026,Siemens Malaysia,company,69030,597917,Electrical,,,290652,Closed,"1089, Line 9",checklist,777512174,Alif Aizat,07/24/2026,2026-10-07T22:41:40.554167+00:00
51204,5996341,CHK-935-1,"EDCKUL21GENET100
EDCKUL21GENEA100
EDCKUL21GENEB100
EDCKUL21GENEC100
EDCKUL21GENET200
EDCKUL21GENEF100
EDCKUL21GENEE100
EDCKUL21GENED100

Location: Gen room 2F
Issue: Pending FAT reports",EDCKUL21GENEA100,equipment,12414972,construction,,657329,Non Critical,07/31/2026,,Sime Darby Industrial,company,68570,597917,Electrical,,,290649,Open,"935, Line 9",checklist,763976628,Alif Aizat,07/17/2026,2026-10-07T22:41:40.554167+00:00
51204,5958344,CHK-950-2,"EDCKUL21GSBET200
Location: Gen room ET2
Issue: Indicator lamp missing labeling",EDCKUL21GSBET200,equipment,12414987,construction,,657329,Non Critical,07/27/2026,,Sime Darby Industrial,company,68570,597917,Electrical,,,290649,Open,"950, Line 16",checklist,763977161,Alif Aizat,07/13/2026,2026-10-07T22:41:40.554167+00:00
51204,5958343,CHK-950-1,"EDCKUL21GSBET200
Location: Gen room ET2
Issue: Nameplate does not install",EDCKUL21GSBET200,equipment,12414987,construction,,657329,Non Critical,07/27/2026,,Sime Darby Industrial,company,68570,597917,Electrical,,,290649,Open,"950, Line 11",checklist,763977156,Alif Aizat,07/13/2026,2026-10-07T22:41:40.554167+00:00
51204,5958340,CHK-949-2,"EDCKUL21GSBET100
Location: Gen room ET
Issue: Nameplate does not install",EDCKUL21GSBET100,equipment,12414986,construction,,657329,Non Critical,07/27/2026,,Sime Darby Industrial,company,68570,597917,Electrical,,,290649,Open,"949, Line 11",checklist,763977121,Alif Aizat,07/13/2026,2026-10-07T22:41:40.554167+00:00
51204,5958339,CHK-949-1,"EDCKUL21GSBET100
Location: Gen room ET
Issue: Indicator lamp missing labeling",EDCKUL21GSBET100,equipment,12414986,construction,,657329,Non Critical,07/27/2026,,Sime Darby Industrial,company,68570,597917,Electrical,,,290649,Open,"949, Line 16",checklist,763977126,Alif Aizat,07/13/2026,2026-10-07T22:41:40.554167+00:00
51204,5958297,CHK-948-2,"EDCKUL21GSBEF100
Location: Gen room EF
Issue: Indicator lamp missing labeling",EDCKUL21GSBEF100,equipment,12414985,construction,,657329,Non Critical,07/27/2026,,Sime Darby Industrial,company,68570,597917,Electrical,,,290649,Open,"948, Line 16",checklist,763977091,Alif Aizat,07/13/2026,2026-10-07T22:41:40.554167+00:00
51204,5958296,CHK-948-1,"EDCKUL21GSBEF100
Location: Gen room EF
Issue: Nameplate does not install",EDCKUL21GSBEF100,equipment,12414985,construction,,657329,Non Critical,07/27/2026,,Sime Darby Industrial,company,68570,597917,Electrical,,,290649,Open,"948, Line 11",checklist,763977086,Alif Aizat,07/13/2026,2026-10-07T22:41:40.554167+00:00
51204,5958277,CHK-947-2,"EDCKUL21GSBEE100
Location: Gen room EE
Issue: Indicator lamp missing labeling",EDCKUL21GSBEE100,equipment,12414984,construction,,657329,Non Critical,07/27/2026,,Sime Darby Industrial,company,68570,597917,Electrical,,,290649,Open,"947, Line 16",checklist,763977056,Alif Aizat,07/13/2026,2026-10-07T22:41:40.554167+00:00
51204,5958266,CHK-947-1,"EDCKUL21GSBEE100
Location: Gen room EE
Issue: Nameplate does not install",EDCKUL21GSBEE100,equipment,12414984,construction,,657329,Non Critical,07/27/2026,,Sime Darby Industrial,company,68570,597917,Electrical,,,290649,Open,"947, Line 11",checklist,763977051,Alif Aizat,07/13/2026,2026-10-07T22:41:40.554167+00:00
51204,5958261,CHK-946-2,"EDCKUL21GSBED100
Location: Gen room ED
Issue: Indicator lamp missing labeling",EDCKUL21GSBED100,equipment,12414983,construction,,657329,Non Critical,07/27/2026,,Sime Darby Industrial,company,68570,597917,Electrical,,,290649,Open,"946, Line 16",checklist,763977021,Alif Aizat,07/13/2026,2026-10-07T22:41:40.554167+00:00
51204,5958260,CHK-946-1,"EDCKUL21GSBED100
Location: Gen room ED
Issue: Nameplate does not install",EDCKUL21GSBED100,equipment,12414983,construction,,657329,Non Critical,07/27/2026,,Sime Darby Industrial,company,68570,597917,Electrical,,,290649,Open,"946, Line 11",checklist,763977016,Alif Aizat,07/13/2026,2026-10-07T22:41:40.554167+00:00
51204,5958252,CHK-945-2,"EDCKUL21GSBEC100
Location: Gen room EC
Issue: Indicator lamp missing labeling",EDCKUL21GSBEC100,equipment,12414982,construction,,657329,Non Critical,07/27/2026,,Sime Darby Industrial,company,68570,597917,Electrical,,,290649,Open,"945, Line 16",checklist,763976986,Alif Aizat,07/13/2026,2026-10-07T22:41:40.554167+00:00
51204,5958251,CHK-945-1,"EDCKUL21GSBEC100
Location: Gen room EC
Issue: Nameplate does not install",EDCKUL21GSBEC100,equipment,12414982,construction,,657329,Non Critical,07/27/2026,,Sime Darby Industrial,company,68570,597917,Electrical,,,290649,Open,"945, Line 11",checklist,763976981,Alif Aizat,07/13/2026,2026-10-07T22:41:40.554167+00:00
51204,5958242,CHK-944-2,"EDCKUL21GSBEB100
Location: Gen room EB
Issue: Nameplate does not install",EDCKUL21GSBEB100,equipment,12414981,construction,,657329,Non Critical,07/27/2026,,Sime Darby Industrial,company,68570,597917,Electrical,,,290649,Open,"944, Line 11",checklist,763976946,Alif Aizat,07/13/2026,2026-10-07T22:41:40.554167+00:00
51204,5958241,CHK-944-1,"EDCKUL21GSBEB100
Location: Gen room EB
Issue: Indicator lamp missing labeling",EDCKUL21GSBEB100,equipment,12414981,construction,,657329,Non Critical,07/27/2026,,Sime Darby Industrial,company,68570,597917,Electrical,,,290649,Open,"944, Line 16",checklist,763976951,Alif Aizat,07/13/2026,2026-10-07T22:41:40.554167+00:00
51204,5958239,CHK-943-2,"EDCKUL21GSBEA100
Location: Gen room EA
Issue: Nameplate does not install",EDCKUL21GSBEA100,equipment,12414980,construction,,657329,Non Critical,07/27/2026,,Sime Darby Industrial,company,68570,597917,Electrical,,,290649,Open,"943, Line 11",checklist,763976911,Alif Aizat,07/13/2026,2026-10-07T22:41:40.554167+00:00
51204,5958238,CHK-943-1,"EDCKUL21GSBEA100
Location: Gen room EA
Issue: Indicator lamp missing labeling",EDCKUL21GSBEA100,equipment,12414980,construction,,657329,Non Critical,07/27/2026,,Sime Darby Industrial,company,68570,597917,Electrical,,,290649,Open,"943, Line 16",checklist,763976916,Alif Aizat,07/13/2026,2026-10-07T22:41:40.554167+00:00
52048,6446975,CHK-1083-1,"EDCKUL21UPBFE110
Issue: Filter battery damaged",EDCKUL21UPBFE110,equipment,12443263,construction,,660535,Non Critical,10/13/2026,,Eaton ,company,41688,607676,Electrical,20325,Construction,295790,Open,"1083, Line 16",checklist,878839176,Alif Aizat,09/29/2026,2026-10-07T22:41:40.554167+00:00
52048,6446974,CHK-1071-2,"EDCKUL21UPBFA110
Issue: Pending battery slotting",EDCKUL21UPBFA110,equipment,12443259,construction,,660534,Critical,10/13/2026,10/02/2026,Eaton ,company,41688,607676,Electrical,20325,Construction,295791,Closed,"1071, Line 16",checklist,878838628,Alif Aizat,09/29/2026,2026-10-07T22:41:40.554167+00:00
52048,6446973,CHK-1071-1,"EDCKUL21UPBFA110
Issue: Door key damaged",EDCKUL21UPBFA110,equipment,12443259,construction,,660535,Non Critical,10/13/2026,,Eaton ,company,41688,607676,Electrical,20325,Construction,295790,Open,"1071, Line 15",checklist,878838627,Alif Aizat,09/29/2026,2026-10-07T22:41:40.554167+00:00
52048,6418264,CHK-1131-1,"EDCKUL21UPSFE110
Location: FE
Issue: Missing bottom cover plate",EDCKUL21UPSFE110,equipment,12443279,construction,,660535,Non Critical,10/08/2026,,Eaton ,company,41688,607676,Electrical,20325,Construction,295790,Open,"1131, Line 16",checklist,878841368,Alif Aizat,09/24/2026,2026-10-07T22:41:40.554167+00:00
52048,6418263,CHK-1134-1,"EDCKUL21UPSFF110
Location: FF
Issue: Missing bottom cover plate",EDCKUL21UPSFF110,equipment,12443280,construction,,660535,Non Critical,10/08/2026,,Eaton ,company,41688,607676,Electrical,20325,Construction,295790,Open,"1134, Line 16",checklist,878841505,Alif Aizat,09/24/2026,2026-10-07T22:41:40.554167+00:00
52048,6418262,CHK-1125-1,"EDCKUL21UPSFC110
Location: FC
Issue: Missing bottom cover plate",EDCKUL21UPSFC110,equipment,12443277,construction,,660535,Non Critical,10/08/2026,,Eaton ,company,41688,607676,Electrical,20325,Construction,295790,Open,"1125, Line 16",checklist,878841094,Alif Aizat,09/24/2026,2026-10-07T22:41:40.554167+00:00
52048,6418261,CHK-1137-1,"EDCKUL21UPSFT110
Location: FT
Issue: UPM pending slotting",EDCKUL21UPSFT110,equipment,12443281,construction,,660534,Critical,10/08/2026,10/02/2026,Eaton ,company,41688,607676,Electrical,20325,Construction,295791,Closed,"1137, Line 16",checklist,878841642,Alif Aizat,09/24/2026,2026-10-07T22:41:40.554167+00:00
52048,6180685,CHK-1029-1,"EDCKUL21TRNFA100
EDCKUL21TRNFB100
EDCKUL21TRNFC100
EDCKUL21TRNFD100
EDCKUL21TRNFE100
EDCKUL21TRNFF100
EDCKUL21TRNFT100

Location: Tx deck 3F
Issue: Pending FAT reports",EDCKUL21TRNFA100,equipment,12443180,construction,,660535,Non Critical,09/04/2026,09/07/2026,Siemens Malaysia,company,69030,607676,Electrical,,,295791,Closed,"1029, Line 9",checklist,878836702,Alif Aizat,08/21/2026,2026-10-07T22:41:40.554167+00:00
52048,6180682,CHK-675-1,"EDCKUL21DSGFA110
EDCKUL21DSGFB110
EDCKUL21DSGFC110
EDCKUL21DSGFD110
EDCKUL21DSGFE110
EDCKUL21DSGFF110
EDCKUL21DSGFT110

Location: Tx deck 3F
Issue: Pending FAT reports",EDCKUL21DSGFA110,equipment,12443173,construction,,660535,Non Critical,09/04/2026,09/07/2026,Siemens Malaysia,company,69030,607676,Electrical,,,295791,Closed,"675, Line 9",checklist,878820536,Alif Aizat,08/21/2026,2026-10-07T22:41:40.554167+00:00
52048,6028231,CHK-777-2,"EDCKUL21GSBFB100
Location: Gen room EA
Issue: Indicator lamp missing labeling",EDCKUL21GSBFB100,equipment,12443162,construction,,660535,Non Critical,08/06/2026,,Sime Darby Industrial,company,68570,607676,Electrical,,,295790,Open,"777, Line 16",checklist,878825202,Alif Aizat,07/23/2026,2026-10-07T22:41:40.554167+00:00
52048,6028227,CHK-777-1,"EDCKUL21GSBFB100
Location: Gen room EA
Issue: Nameplate does not install",EDCKUL21GSBFB100,equipment,12443162,construction,,660535,Non Critical,08/06/2026,,Sime Darby Industrial,company,68570,607676,Electrical,,,295790,Open,"777, Line 11",checklist,878825197,Alif Aizat,07/23/2026,2026-10-07T22:41:40.554167+00:00
52048,6028207,CHK-822-2,"EDCKUL21GSBFA100
Location: Gen room EA
Issue: Nameplate does not install",EDCKUL21GSBFA100,equipment,12443161,construction,,660535,Non Critical,08/06/2026,,Sime Darby Industrial,company,68570,607676,Electrical,,,295790,Open,"822, Line 11",checklist,878827252,Alif Aizat,07/23/2026,2026-10-07T22:41:40.554167+00:00
52048,6028202,CHK-822-1,"EDCKUL21GSBFA100
Location: Gen room EA
Issue: Indicator lamp missing labeling",EDCKUL21GSBFA100,equipment,12443161,construction,,660535,Non Critical,08/06/2026,,Sime Darby Industrial,company,68570,607676,Electrical,,,295790,Open,"822, Line 16",checklist,878827257,Alif Aizat,07/23/2026,2026-10-07T22:41:40.554167+00:00
52048,6019641,CHK-801-1,"EDCKUL21GENFA100
EDCKUL21GENFB100
EDCKUL21GENFC100
EDCKUL21GENFD100
EDCKUL21GENFE100
EDCKUL21GENFF100
EDCKUL21GENFT100

Location: Gen room T6
Issue: Pending FAT reports",EDCKUL21GENFA100,equipment,12443154,construction,,660535,Non Critical,08/05/2026,,Sime Darby Industrial,company,68570,607676,Electrical,,,295790,Open,"801, Line 9",checklist,878826290,Alif Aizat,07/22/2026,2026-10-07T22:41:40.554167+00:00
